variety,soil_type,season,seeding_method,temperature_avg,rainfall_mm,humidity_avg,fertilizer_kg_ha,historical_yield_tons_ha,yield_tons_ha
NSIC Rc 402,Sandy Loam,Wet,Transplanted,23.41,138.09,79.71,207.89,6.18,5.38
NSIC Rc 456H,Clay Loam,Dry,Direct Seeding,24.75,30.79,81.53,114.38,7.21,5.81
NSIC Rc 402,Clay Loam,Wet,Direct Seeding,23.28,91.77,78.54,265.34,6.52,7.36
NSIC Rc 402,Clay Loam,Wet,Transplanted,25.61,84.91,79.41,254.21,5.76,7.76
NSIC Rc 222,Clay Loam,Wet,Transplanted,24.26,124.05,79.32,155.29,5.25,5.12
NSIC Rc 222,Clay Loam,Wet,Direct Seeding,22.21,44.55,78.3,285.74,5.29,4.2
NSIC Rc 222,Clay Loam,Dry,Direct Seeding,28.26,42.76,84.8,346.33,5.64,5.11
NSIC Rc 456H,Clay Loam,Wet,Transplanted,24.41,60.74,82.11,154.58,5.85,6.52
NSIC Rc 402,Clay Loam,Dry,Transplanted,22.71,61.82,81.38,202.94,6.39,5.89
NSIC Rc 402,Clay Loam,Dry,Transplanted,25.13,43.82,83.33,339.5,5.93,6.31
NSIC Rc 222,Clay Loam,Dry,Transplanted,25.65,34.48,79.57,187.64,4.73,4.53
NSIC Rc 456H,Clay Loam,Wet,Transplanted,22.0,106.31,77.79,199.8,5.07,6.64
NSIC Rc 456H,Clay Loam,Wet,Direct Seeding,26.23,41.67,78.39,204.63,6.57,6.9
NSIC Rc 402,Clay Loam,Dry,Transplanted,23.2,34.06,80.51,290.77,4.78,4.21
NSIC Rc 222,Clay Loam,Wet,Transplanted,29.26,99.08,76.79,365.2,5.16,5.93
NSIC Rc 222,Sandy Loam,Wet,Transplanted,26.65,150.0,78.75,400.0,5.09,5.2
NSIC Rc 402,Clay Loam,Dry,Transplanted,24.62,48.17,78.69,354.75,4.73,5.61
NSIC Rc 402,Clay Loam,Dry,Transplanted,23.86,96.04,87.94,244.48,5.81,6.5
NSIC Rc 402,Clay Loam,Dry,Transplanted,25.27,88.81,70.79,310.22,5.51,7.23
NSIC Rc 402,Clay Loam,Wet,Transplanted,26.85,74.35,79.87,150.86,5.15,6.28
NSIC Rc 402,Clay Loam,Dry,Transplanted,25.44,33.56,86.54,400.0,7.05,7.08
NSIC Rc 222,Clay Loam,Wet,Transplanted,25.02,69.27,80.93,181.13,3.7,4.38
NSIC Rc 402,Clay Loam,Wet,Direct Seeding,25.63,70.55,83.14,301.31,4.99,6.51
NSIC Rc 402,Clay Loam,Dry,Transplanted,24.17,37.53,80.85,259.23,5.19,5.06
NSIC Rc 402,Clay Loam,Wet,Transplanted,24.74,98.61,78.16,145.54,4.64,5.84
NSIC Rc 456H,Clay Loam,Wet,Transplanted,22.0,92.89,72.65,181.5,7.45,7.97
NSIC Rc 222,Clay Loam,Wet,Direct Seeding,27.64,109.7,81.22,374.7,6.97,8.02
NSIC Rc 402,Sandy Loam,Dry,Transplanted,26.16,47.69,77.79,232.73,5.11,5.0
NSIC Rc 402,Clay Loam,Dry,Transplanted,23.8,70.58,77.7,170.66,6.48,6.44
NSIC Rc 222,Clay Loam,Dry,Direct Seeding,29.68,57.76,78.75,219.75,5.82,5.21
NSIC Rc 402,Sandy Loam,Dry,Transplanted,25.69,56.5,86.61,170.63,6.75,6.1
NSIC Rc 222,Clay Loam,Wet,Transplanted,23.22,56.54,88.92,199.03,5.32,4.5
NSIC Rc 222,Clay Loam,Wet,Transplanted,27.38,87.07,81.26,134.23,5.7,6.28
NSIC Rc 456H,Clay Loam,Wet,Transplanted,26.38,85.32,78.87,244.43,6.85,9.0
NSIC Rc 456H,Sandy Loam,Wet,Transplanted,26.37,78.43,76.38,258.29,6.75,7.72
NSIC Rc 456H,Clay Loam,Wet,Direct Seeding,24.56,109.82,82.14,200.18,5.98,7.58
NSIC Rc 402,Clay Loam,Dry,Transplanted,26.49,62.51,86.74,373.97,4.93,6.1
NSIC Rc 222,Clay Loam,Wet,Direct Seeding,24.92,54.91,79.63,204.44,4.87,4.18
NSIC Rc 402,Sandy Loam,Wet,Transplanted,26.72,90.6,72.17,232.67,4.3,6.05
NSIC Rc 402,Clay Loam,Wet,Direct Seeding,22.0,112.28,82.85,195.79,6.14,5.96
NSIC Rc 222,Clay Loam,Wet,Transplanted,24.55,116.6,83.95,211.58,5.55,6.41
NSIC Rc 402,Clay Loam,Dry,Transplanted,29.29,47.72,74.95,315.32,5.79,6.09
NSIC Rc 222,Clay Loam,Wet,Transplanted,23.81,96.35,81.12,152.51,5.38,5.93
NSIC Rc 456H,Clay Loam,Wet,Direct Seeding,24.17,150.0,82.08,284.69,5.07,6.25
NSIC Rc 402,Sandy Loam,Dry,Transplanted,24.51,31.25,80.24,187.13,5.81,4.92
NSIC Rc 402,Clay Loam,Wet,Transplanted,22.83,45.58,77.73,154.81,6.02,5.25
NSIC Rc 402,Clay Loam,Wet,Transplanted,22.0,73.13,84.06,214.12,4.98,5.03
NSIC Rc 402,Clay Loam,Wet,Transplanted,24.99,149.68,79.09,400.0,5.57,6.13
NSIC Rc 402,Sandy Loam,Dry,Transplanted,25.8,87.62,75.3,300.14,5.14,6.54
NSIC Rc 222,Clay Loam,Dry,Transplanted,25.38,62.14,73.33,212.37,5.25,5.79
NSIC Rc 456H,Clay Loam,Dry,Transplanted,25.18,43.68,84.91,172.98,5.08,6.11
NSIC Rc 456H,Sandy Loam,Wet,Transplanted,25.59,97.28,82.66,400.0,5.68,8.05
NSIC Rc 456H,Sandy Loam,Dry,Transplanted,27.75,76.31,80.81,270.5,7.01,8.27
NSIC Rc 456H,Sandy Loam,Wet,Transplanted,25.08,142.72,78.96,247.71,5.52,6.66
NSIC Rc 402,Sandy Loam,Wet,Direct Seeding,24.24,84.08,78.65,296.78,5.12,5.64
NSIC Rc 456H,Clay Loam,Wet,Transplanted,24.88,53.62,76.73,308.81,5.44,7.08
NSIC Rc 222,Clay Loam,Wet,Transplanted,26.77,61.67,78.99,203.46,5.27,5.48
NSIC Rc 222,Clay Loam,Wet,Transplanted,28.61,98.81,73.08,331.84,6.65,7.93
NSIC Rc 222,Sandy Loam,Dry,Direct Seeding,24.12,58.15,77.92,143.5,6.38,4.27
NSIC Rc 402,Clay Loam,Dry,Direct Seeding,25.72,86.13,79.41,303.62,5.49,7.19
NSIC Rc 402,Clay Loam,Wet,Direct Seeding,26.24,79.88,82.63,208.16,5.14,5.68
NSIC Rc 402,Clay Loam,Wet,Transplanted,23.32,150.0,80.36,378.67,4.36,5.04
NSIC Rc 456H,Clay Loam,Wet,Transplanted,25.54,90.67,83.28,202.95,5.23,7.94
NSIC Rc 402,Clay Loam,Wet,Transplanted,22.28,114.32,85.22,351.45,4.21,5.69
NSIC Rc 402,Sandy Loam,Dry,Transplanted,22.0,39.61,84.2,273.71,6.11,4.6
NSIC Rc 402,Sandy Loam,Wet,Transplanted,26.31,68.5,82.15,400.0,6.53,7.08
NSIC Rc 222,Clay Loam,Dry,Direct Seeding,24.66,29.91,80.54,326.6,5.14,4.16
NSIC Rc 456H,Clay Loam,Wet,Direct Seeding,25.95,70.94,77.07,249.75,6.14,7.59
NSIC Rc 222,Clay Loam,Wet,Direct Seeding,25.46,44.24,83.09,128.32,4.64,4.03
NSIC Rc 456H,Clay Loam,Wet,Transplanted,23.35,76.89,86.38,367.73,4.51,6.24
NSIC Rc 456H,Sandy Loam,Wet,Transplanted,25.4,50.96,81.7,377.23,5.91,6.92
NSIC Rc 222,Clay Loam,Wet,Transplanted,22.79,69.94,87.21,215.4,5.67,5.21
NSIC Rc 222,Clay Loam,Dry,Transplanted,28.56,60.83,75.16,189.56,6.59,6.23
NSIC Rc 456H,Sandy Loam,Wet,Direct Seeding,22.52,57.17,76.46,337.09,7.32,6.43
NSIC Rc 402,Clay Loam,Dry,Transplanted,25.07,53.15,83.49,271.98,5.4,6.29
NSIC Rc 402,Clay Loam,Wet,Transplanted,23.21,70.6,81.43,229.87,6.23,6.65
NSIC Rc 456H,Clay Loam,Wet,Transplanted,26.75,50.45,85.1,291.24,6.09,7.37
NSIC Rc 222,Clay Loam,Wet,Transplanted,24.77,57.51,80.45,215.14,5.4,5.23
NSIC Rc 402,Clay Loam,Dry,Direct Seeding,24.36,42.95,77.46,375.05,5.57,5.55
NSIC Rc 222,Clay Loam,Wet,Transplanted,27.38,75.48,79.75,221.45,5.3,6.16
NSIC Rc 456H,Clay Loam,Dry,Direct Seeding,25.56,38.96,75.14,337.09,5.8,6.9
NSIC Rc 402,Sandy Loam,Wet,Transplanted,26.64,88.5,76.55,249.59,6.75,7.79
NSIC Rc 402,Clay Loam,Dry,Transplanted,23.34,31.62,83.9,278.78,5.74,4.5
NSIC Rc 222,Clay Loam,Wet,Direct Seeding,22.41,64.61,83.55,400.0,6.62,5.63
NSIC Rc 402,Clay Loam,Dry,Transplanted,25.74,46.6,81.77,205.28,4.96,5.59
NSIC Rc 402,Clay Loam,Dry,Direct Seeding,24.8,61.12,74.48,328.46,3.61,4.63
NSIC Rc 402,Clay Loam,Dry,Transplanted,26.88,61.25,79.25,400.0,5.27,6.22
NSIC Rc 402,Clay Loam,Wet,Transplanted,25.32,46.92,76.21,323.84,5.01,6.42
NSIC Rc 456H,Clay Loam,Wet,Transplanted,25.95,120.65,84.62,383.5,4.83,7.36
NSIC Rc 402,Sandy Loam,Wet,Direct Seeding,22.0,80.43,78.46,259.16,6.5,5.93
NSIC Rc 222,Clay Loam,Dry,Transplanted,29.65,70.83,76.7,317.01,4.46,4.63
NSIC Rc 402,Clay Loam,Wet,Direct Seeding,25.14,87.15,80.6,350.78,6.0,7.97
NSIC Rc 456H,Sandy Loam,Dry,Transplanted,27.03,31.14,78.26,247.62,7.28,6.93
NSIC Rc 402,Clay Loam,Wet,Transplanted,23.66,66.27,85.69,400.0,4.79,5.66
NSIC Rc 456H,Clay Loam,Wet,Transplanted,26.18,71.3,77.93,180.92,5.71,7.22
NSIC Rc 402,Clay Loam,Wet,Transplanted,22.63,116.22,75.6,170.19,6.54,6.77
NSIC Rc 402,Clay Loam,Dry,Transplanted,26.49,49.01,72.96,400.0,5.3,5.75
NSIC Rc 402,Clay Loam,Dry,Direct Seeding,24.72,69.33,80.39,400.0,5.83,6.32
NSIC Rc 222,Clay Loam,Dry,Transplanted,25.56,44.54,78.53,191.12,5.85,5.43
NSIC Rc 222,Clay Loam,Wet,Transplanted,27.04,86.12,75.5,383.43,5.52,7.3
NSIC Rc 222,Clay Loam,Dry,Transplanted,22.79,62.76,84.66,292.29,5.09,4.52
NSIC Rc 402,Clay Loam,Dry,Transplanted,23.99,42.96,82.84,250.73,5.05,5.07
NSIC Rc 402,Clay Loam,Wet,Transplanted,26.51,106.42,80.4,188.9,4.83,6.79
NSIC Rc 402,Clay Loam,Dry,Transplanted,30.12,124.96,85.28,237.57,6.01,6.36
NSIC Rc 456H,Clay Loam,Dry,Transplanted,25.2,72.99,82.82,176.12,5.41,7.11
NSIC Rc 402,Clay Loam,Dry,Transplanted,26.8,80.96,77.62,223.11,6.43,7.92
NSIC Rc 402,Sandy Loam,Dry,Transplanted,25.26,44.94,76.86,174.59,6.7,5.73
NSIC Rc 456H,Clay Loam,Wet,Transplanted,29.77,40.52,83.36,149.17,5.06,5.38
NSIC Rc 402,Clay Loam,Wet,Transplanted,22.0,67.55,81.89,387.23,6.11,5.82
NSIC Rc 222,Clay Loam,Dry,Transplanted,25.71,31.25,81.09,232.19,6.84,6.38
NSIC Rc 402,Clay Loam,Wet,Transplanted,22.0,150.0,77.54,282.45,4.99,4.96
NSIC Rc 222,Sandy Loam,Dry,Direct Seeding,22.0,29.17,82.63,201.53,6.24,3.29
NSIC Rc 456H,Sandy Loam,Dry,Direct Seeding,26.15,43.04,77.86,228.22,6.27,6.21
NSIC Rc 456H,Clay Loam,Dry,Direct Seeding,25.81,63.17,80.14,172.68,6.54,7.09
NSIC Rc 402,Clay Loam,Dry,Transplanted,24.87,45.14,85.56,400.0,5.06,5.49
NSIC Rc 456H,Clay Loam,Wet,Direct Seeding,25.27,68.35,78.19,113.92,7.21,7.92
NSIC Rc 456H,Sandy Loam,Wet,Direct Seeding,31.0,94.67,74.99,342.35,5.4,6.51
NSIC Rc 222,Clay Loam,Wet,Direct Seeding,24.93,69.75,76.82,200.18,5.85,5.76
NSIC Rc 456H,Clay Loam,Wet,Transplanted,26.62,99.93,83.98,172.42,5.83,8.26
NSIC Rc 402,Clay Loam,Wet,Transplanted,24.07,143.98,81.39,145.1,5.97,5.71
NSIC Rc 456H,Clay Loam,Wet,Direct Seeding,26.15,115.57,80.05,258.93,5.18,7.71
NSIC Rc 456H,Clay Loam,Dry,Transplanted,24.98,47.14,78.72,325.91,5.01,6.21
NSIC Rc 402,Clay Loam,Dry,Transplanted,24.6,56.7,82.2,313.19,5.79,5.88
NSIC Rc 222,Clay Loam,Wet,Transplanted,29.5,150.0,77.53,210.24,5.14,4.95
NSIC Rc 402,Clay Loam,Wet,Transplanted,28.09,129.41,81.57,227.53,5.31,6.48
NSIC Rc 402,Clay Loam,Dry,Transplanted,25.8,58.57,77.94,170.69,5.97,6.34
NSIC Rc 456H,Clay Loam,Wet,Transplanted,22.0,120.77,77.36,180.85,4.83,5.42
NSIC Rc 456H,Clay Loam,Wet,Transplanted,24.71,128.78,78.27,386.75,6.72,8.22
NSIC Rc 222,Clay Loam,Wet,Transplanted,31.0,75.49,79.19,128.71,5.48,4.6
NSIC Rc 402,Clay Loam,Dry,Transplanted,24.99,35.46,80.33,123.5,6.13,5.14
NSIC Rc 402,Clay Loam,Wet,Transplanted,27.93,140.85,81.32,191.18,5.96,6.71
NSIC Rc 402,Clay Loam,Dry,Transplanted,28.67,98.79,70.0,400.0,6.0,7.62
NSIC Rc 222,Clay Loam,Wet,Transplanted,25.98,70.6,77.67,248.81,4.56,6.35
NSIC Rc 402,Clay Loam,Wet,Direct Seeding,23.65,127.39,79.13,400.0,6.41,6.62
NSIC Rc 456H,Clay Loam,Wet,Transplanted,22.0,150.0,85.77,218.15,6.06,6.15
NSIC Rc 402,Sandy Loam,Wet,Transplanted,27.01,51.14,76.72,317.39,5.26,5.86
NSIC Rc 402,Clay Loam,Dry,Transplanted,23.71,35.04,81.07,366.06,5.5,5.1
NSIC Rc 402,Sandy Loam,Dry,Direct Seeding,25.89,35.63,85.73,400.0,5.85,5.23
NSIC Rc 402,Clay Loam,Dry,Transplanted,22.75,29.09,75.9,197.16,5.72,4.75
NSIC Rc 456H,Clay Loam,Dry,Transplanted,24.92,43.21,81.88,247.75,6.29,7.09
NSIC Rc 456H,Clay Loam,Dry,Transplanted,25.57,54.57,77.69,230.4,7.03,8.27
NSIC Rc 402,Clay Loam,Dry,Transplanted,26.09,89.16,78.73,327.56,4.87,6.7
NSIC Rc 402,Clay Loam,Dry,Direct Seeding,23.05,44.58,77.69,400.0,6.12,5.33
NSIC Rc 402,Clay Loam,Wet,Direct Seeding,28.13,118.4,77.94,400.0,5.52,7.51
NSIC Rc 402,Clay Loam,Wet,Transplanted,24.19,65.81,90.0,195.56,6.39,6.36
NSIC Rc 222,Clay Loam,Wet,Transplanted,22.0,150.0,83.46,181.15,6.54,5.08
NSIC Rc 402,Clay Loam,Dry,Transplanted,25.26,83.32,84.36,314.05,5.73,7.42
NSIC Rc 402,Clay Loam,Wet,Transplanted,25.58,64.2,82.22,163.36,6.03,6.68
NSIC Rc 222,Clay Loam,Wet,Transplanted,25.85,107.3,74.88,330.62,6.25,7.7
NSIC Rc 402,Clay Loam,Dry,Transplanted,28.5,53.3,81.88,247.57,6.29,6.79
NSIC Rc 456H,Clay Loam,Dry,Transplanted,24.98,30.99,84.26,393.61,6.75,6.97
NSIC Rc 402,Clay Loam,Dry,Transplanted,25.24,72.95,77.51,368.88,5.38,6.47
NSIC Rc 222,Clay Loam,Wet,Direct Seeding,23.07,65.65,83.88,259.32,5.04,4.9
NSIC Rc 402,Clay Loam,Dry,Transplanted,27.31,60.9,82.97,158.54,4.8,5.62
NSIC Rc 456H,Sandy Loam,Wet,Direct Seeding,25.91,108.02,86.98,163.2,5.74,7.08
NSIC Rc 402,Sandy Loam,Wet,Direct Seeding,24.58,150.0,79.04,252.31,5.53,4.96
NSIC Rc 402,Clay Loam,Wet,Transplanted,22.0,103.37,76.66,294.19,5.49,6.79
NSIC Rc 456H,Clay Loam,Wet,Direct Seeding,28.68,88.06,79.23,219.69,6.22,8.42
NSIC Rc 402,Clay Loam,Wet,Transplanted,22.8,150.0,85.52,175.26,5.96,5.26
NSIC Rc 402,Clay Loam,Dry,Transplanted,24.2,119.36,74.1,222.44,5.55,6.4
NSIC Rc 402,Clay Loam,Wet,Transplanted,26.29,71.48,73.26,394.82,5.84,7.06
NSIC Rc 402,Clay Loam,Dry,Direct Seeding,22.87,30.23,80.81,222.47,6.17,4.38
NSIC Rc 402,Sandy Loam,Wet,Transplanted,22.21,100.48,78.95,198.0,5.03,5.27
NSIC Rc 402,Clay Loam,Wet,Transplanted,22.0,58.63,80.53,161.48,6.25,5.57
NSIC Rc 222,Clay Loam,Wet,Direct Seeding,27.09,53.31,83.81,241.27,4.97,5.41
NSIC Rc 456H,Clay Loam,Wet,Transplanted,24.3,72.64,78.57,370.37,6.88,7.96
NSIC Rc 402,Clay Loam,Dry,Transplanted,31.0,54.57,73.94,377.36,5.71,5.0
NSIC Rc 222,Clay Loam,Wet,Direct Seeding,23.31,94.69,87.66,183.83,5.44,5.41
NSIC Rc 222,Clay Loam,Wet,Direct Seeding,23.47,100.6,77.01,260.1,4.15,5.17
NSIC Rc 402,Clay Loam,Wet,Direct Seeding,24.26,108.48,76.79,190.11,6.05,6.39
NSIC Rc 402,Clay Loam,Wet,Direct Seeding,26.03,123.25,84.36,215.75,5.66,6.46
NSIC Rc 222,Sandy Loam,Dry,Transplanted,24.47,46.49,79.15,239.67,5.52,4.39
NSIC Rc 402,Clay Loam,Wet,Direct Seeding,26.85,144.56,80.28,205.7,5.53,5.84
NSIC Rc 402,Clay Loam,Dry,Transplanted,23.35,56.88,82.19,86.39,6.03,4.11
NSIC Rc 402,Clay Loam,Dry,Transplanted,22.46,53.12,84.29,400.0,6.17,5.53
NSIC Rc 222,Sandy Loam,Dry,Transplanted,22.0,54.02,79.33,197.54,5.74,3.58
NSIC Rc 402,Clay Loam,Dry,Transplanted,22.0,52.27,85.82,191.98,6.51,4.89
NSIC Rc 402,Clay Loam,Dry,Direct Seeding,24.36,32.56,73.02,183.44,5.09,4.47
NSIC Rc 456H,Sandy Loam,Dry,Direct Seeding,24.84,32.18,83.16,141.28,5.46,4.94
NSIC Rc 222,Sandy Loam,Dry,Transplanted,24.11,69.7,77.56,400.0,5.68,5.04
NSIC Rc 402,Clay Loam,Wet,Transplanted,28.24,46.8,85.3,245.68,6.06,6.77
NSIC Rc 222,Sandy Loam,Wet,Transplanted,28.2,104.69,81.0,295.57,5.76,6.32
NSIC Rc 456H,Clay Loam,Wet,Direct Seeding,24.76,67.79,78.14,281.13,4.97,6.37
NSIC Rc 456H,Clay Loam,Dry,Direct Seeding,22.0,57.85,82.82,203.53,5.03,4.84
NSIC Rc 402,Clay Loam,Dry,Transplanted,24.25,50.23,83.63,245.39,5.46,5.54
NSIC Rc 402,Clay Loam,Wet,Transplanted,24.18,51.48,82.75,320.6,4.34,4.43
NSIC Rc 456H,Clay Loam,Dry,Transplanted,24.05,42.55,76.9,146.81,6.06,5.87
NSIC Rc 402,Clay Loam,Wet,Transplanted,23.97,67.49,78.81,214.33,5.54,5.99
NSIC Rc 402,Clay Loam,Wet,Direct Seeding,24.06,91.15,80.49,227.71,4.95,6.13
NSIC Rc 402,Clay Loam,Dry,Transplanted,24.65,32.78,80.36,201.25,5.21,5.05
NSIC Rc 222,Clay Loam,Wet,Transplanted,24.1,91.26,83.12,199.91,5.48,5.96
NSIC Rc 456H,Clay Loam,Wet,Transplanted,25.96,58.21,73.45,262.62,4.83,6.15
NSIC Rc 456H,Clay Loam,Dry,Transplanted,26.29,61.2,81.67,400.0,5.45,7.55
NSIC Rc 402,Clay Loam,Dry,Direct Seeding,23.5,48.78,79.49,290.35,5.41,5.13
NSIC Rc 402,Clay Loam,Wet,Transplanted,28.3,62.48,77.57,181.76,5.38,6.54
NSIC Rc 402,Clay Loam,Dry,Transplanted,23.34,53.34,77.9,400.0,5.4,5.44
NSIC Rc 402,Sandy Loam,Wet,Transplanted,22.0,47.14,79.75,400.0,6.54,5.39
NSIC Rc 456H,Clay Loam,Wet,Transplanted,26.34,64.65,70.0,206.45,6.54,8.29
NSIC Rc 456H,Clay Loam,Wet,Transplanted,23.7,75.78,78.05,400.0,5.42,6.59
NSIC Rc 456H,Clay Loam,Dry,Direct Seeding,26.21,37.1,77.43,264.81,5.15,6.24
NSIC Rc 402,Clay Loam,Wet,Transplanted,22.0,86.54,82.36,160.15,5.3,5.92
NSIC Rc 222,Clay Loam,Dry,Transplanted,28.56,41.23,77.68,386.03,6.26,6.17
NSIC Rc 222,Sandy Loam,Dry,Transplanted,26.98,86.2,79.75,181.77,3.91,4.78
NSIC Rc 456H,Clay Loam,Dry,Transplanted,22.2,57.94,85.9,295.34,5.93,5.87
NSIC Rc 402,Clay Loam,Wet,Transplanted,22.25,113.09,83.98,259.57,5.38,6.55
NSIC Rc 222,Clay Loam,Dry,Transplanted,29.18,39.74,83.66,304.69,6.24,5.77
NSIC Rc 222,Clay Loam,Wet,Direct Seeding,23.88,147.78,78.75,400.0,6.09,5.73
NSIC Rc 402,Clay Loam,Wet,Direct Seeding,23.66,147.77,82.4,244.07,4.56,4.63
NSIC Rc 222,Clay Loam,Wet,Transplanted,22.0,89.29,79.68,159.43,6.24,5.68
NSIC Rc 222,Clay Loam,Wet,Transplanted,24.73,72.44,79.81,190.64,3.77,4.28
NSIC Rc 402,Clay Loam,Dry,Transplanted,25.0,83.72,81.93,155.55,6.02,7.19
NSIC Rc 402,Clay Loam,Wet,Transplanted,27.07,80.09,78.41,139.52,6.08,7.27
NSIC Rc 402,Sandy Loam,Wet,Direct Seeding,22.42,71.27,85.73,367.26,6.77,6.04
NSIC Rc 402,Clay Loam,Dry,Transplanted,22.16,64.92,79.94,256.23,5.75,5.32
NSIC Rc 402,Clay Loam,Wet,Transplanted,26.49,99.75,82.66,233.69,5.13,7.01
NSIC Rc 402,Clay Loam,Dry,Direct Seeding,27.71,75.56,85.59,208.15,4.89,5.26
NSIC Rc 402,Clay Loam,Wet,Direct Seeding,22.04,150.0,84.11,333.91,6.61,5.85
NSIC Rc 402,Sandy Loam,Dry,Transplanted,27.88,75.64,75.57,400.0,6.78,7.3
NSIC Rc 402,Clay Loam,Dry,Transplanted,25.58,32.58,82.06,179.91,5.28,5.06
NSIC Rc 456H,Clay Loam,Wet,Transplanted,27.9,129.25,83.48,291.0,5.89,8.23
NSIC Rc 402,Sandy Loam,Wet,Transplanted,25.35,60.34,83.62,357.15,6.55,6.53
NSIC Rc 402,Clay Loam,Wet,Direct Seeding,22.0,45.22,76.6,269.3,6.13,5.26
NSIC Rc 222,Sandy Loam,Dry,Direct Seeding,25.17,36.85,78.2,323.52,5.27,4.55
NSIC Rc 402,Clay Loam,Wet,Direct Seeding,27.83,73.8,83.98,158.74,5.06,5.98
NSIC Rc 402,Clay Loam,Wet,Transplanted,23.53,76.11,77.83,400.0,5.0,5.42
NSIC Rc 402,Clay Loam,Wet,Direct Seeding,24.65,59.81,79.45,334.53,6.26,6.62
NSIC Rc 456H,Clay Loam,Wet,Transplanted,25.11,141.63,86.02,301.99,5.62,7.44
NSIC Rc 402,Sandy Loam,Wet,Transplanted,22.0,45.77,80.33,347.46,5.31,4.29
NSIC Rc 456H,Clay Loam,Dry,Transplanted,29.18,68.65,77.96,220.3,6.3,7.47
NSIC Rc 402,Clay Loam,Wet,Transplanted,23.52,84.41,77.43,168.74,5.65,6.62
NSIC Rc 456H,Clay Loam,Wet,Direct Seeding,26.61,150.0,81.66,155.95,6.15,6.43
NSIC Rc 402,Clay Loam,Dry,Transplanted,25.31,32.49,75.83,148.01,5.37,4.87
NSIC Rc 402,Clay Loam,Dry,Transplanted,28.27,48.64,79.63,289.46,5.34,6.32
NSIC Rc 402,Sandy Loam,Wet,Transplanted,26.39,113.14,81.67,211.39,5.08,6.58
NSIC Rc 222,Clay Loam,Wet,Transplanted,24.98,102.68,85.05,400.0,5.9,7.08
NSIC Rc 402,Clay Loam,Wet,Transplanted,23.53,81.77,82.84,384.22,5.65,6.76
NSIC Rc 402,Clay Loam,Dry,Transplanted,27.26,59.89,78.0,333.68,5.8,6.77
NSIC Rc 222,Clay Loam,Wet,Direct Seeding,22.0,64.59,84.62,305.84,4.69,4.27
NSIC Rc 402,Clay Loam,Dry,Transplanted,26.92,48.52,79.45,190.37,6.08,6.76
NSIC Rc 222,Clay Loam,Dry,Transplanted,23.08,41.12,76.18,202.75,5.62,4.24
NSIC Rc 456H,Sandy Loam,Wet,Transplanted,28.26,60.97,79.9,190.05,6.38,7.31
NSIC Rc 456H,Clay Loam,Wet,Direct Seeding,25.85,73.87,85.53,166.87,6.11,7.73
NSIC Rc 456H,Clay Loam,Wet,Transplanted,26.92,68.87,81.08,236.31,6.07,7.53
NSIC Rc 402,Clay Loam,Wet,Transplanted,25.68,99.72,80.54,355.3,4.32,7.26
NSIC Rc 222,Sandy Loam,Wet,Transplanted,22.0,145.61,86.23,230.8,6.2,4.42
NSIC Rc 456H,Clay Loam,Dry,Transplanted,23.61,43.82,75.49,186.64,4.95,5.34
NSIC Rc 402,Clay Loam,Dry,Transplanted,26.98,77.24,76.0,230.88,6.32,7.05
NSIC Rc 456H,Clay Loam,Dry,Direct Seeding,25.87,35.23,74.84,261.9,5.82,6.48
NSIC Rc 456H,Clay Loam,Dry,Transplanted,28.1,39.3,81.8,205.08,4.75,5.84
NSIC Rc 456H,Clay Loam,Wet,Transplanted,26.39,100.53,81.08,237.01,5.81,8.28
NSIC Rc 402,Clay Loam,Wet,Direct Seeding,23.37,46.24,85.9,400.0,4.54,4.65
NSIC Rc 402,Clay Loam,Wet,Transplanted,23.75,91.38,81.35,146.5,6.37,7.06
NSIC Rc 456H,Clay Loam,Dry,Transplanted,25.73,46.68,79.09,114.91,5.51,5.78
NSIC Rc 402,Sandy Loam,Dry,Transplanted,22.0,128.41,80.51,255.01,4.86,4.07
NSIC Rc 222,Sandy Loam,Dry,Transplanted,29.18,69.06,80.91,284.53,5.86,5.28
NSIC Rc 402,Clay Loam,Wet,Transplanted,26.47,89.62,74.65,232.72,5.56,7.24
NSIC Rc 456H,Clay Loam,Wet,Transplanted,28.2,69.01,89.99,171.85,6.24,7.52
NSIC Rc 402,Clay Loam,Dry,Direct Seeding,22.02,40.47,82.32,400.0,5.51,4.49
NSIC Rc 402,Clay Loam,Wet,Direct Seeding,28.24,79.64,81.24,249.46,6.4,6.87
NSIC Rc 222,Clay Loam,Dry,Transplanted,30.41,70.46,82.65,259.36,5.12,5.01
NSIC Rc 402,Clay Loam,Dry,Transplanted,22.59,66.2,82.98,331.56,4.49,4.64
NSIC Rc 456H,Clay Loam,Dry,Transplanted,27.2,85.91,80.01,229.22,5.11,7.99
NSIC Rc 222,Sandy Loam,Wet,Direct Seeding,25.5,126.27,78.29,221.61,5.7,5.35
NSIC Rc 402,Clay Loam,Wet,Transplanted,22.1,86.54,82.6,400.0,5.13,6.04
NSIC Rc 456H,Clay Loam,Wet,Transplanted,26.58,95.3,81.85,132.23,6.77,8.53
NSIC Rc 402,Clay Loam,Wet,Direct Seeding,27.33,73.79,77.67,278.9,4.77,6.32
NSIC Rc 402,Clay Loam,Wet,Direct Seeding,24.18,150.0,85.47,269.75,6.31,6.42
NSIC Rc 402,Clay Loam,Dry,Direct Seeding,28.07,94.77,81.53,210.57,5.29,6.86
NSIC Rc 402,Clay Loam,Dry,Transplanted,22.0,36.33,83.05,232.86,6.51,5.06
NSIC Rc 402,Clay Loam,Wet,Direct Seeding,22.21,69.01,85.37,400.0,5.95,5.67
NSIC Rc 456H,Clay Loam,Wet,Direct Seeding,25.8,133.94,80.58,181.57,6.01,7.21
NSIC Rc 456H,Clay Loam,Wet,Transplanted,25.56,44.84,81.61,323.22,6.34,7.7
NSIC Rc 456H,Clay Loam,Wet,Transplanted,23.92,92.02,83.34,246.65,6.73,8.38
NSIC Rc 456H,Sandy Loam,Dry,Transplanted,27.28,79.54,77.96,310.17,5.84,7.05
NSIC Rc 402,Sandy Loam,Wet,Direct Seeding,26.67,120.43,80.69,286.33,4.28,5.45
NSIC Rc 402,Sandy Loam,Wet,Transplanted,27.39,97.47,80.94,112.91,6.43,6.89
NSIC Rc 456H,Clay Loam,Wet,Transplanted,25.23,91.08,77.15,180.05,5.68,8.15
NSIC Rc 402,Clay Loam,Dry,Transplanted,26.83,35.28,88.61,189.71,7.38,7.03
NSIC Rc 402,Sandy Loam,Dry,Direct Seeding,24.52,40.81,75.57,171.27,5.17,4.04
NSIC Rc 456H,Clay Loam,Wet,Transplanted,30.02,99.19,75.96,198.32,5.61,7.24
NSIC Rc 456H,Clay Loam,Wet,Transplanted,23.71,126.31,85.1,259.14,6.39,7.38
NSIC Rc 402,Clay Loam,Dry,Transplanted,30.13,58.6,83.0,343.63,6.13,6.47
NSIC Rc 402,Clay Loam,Dry,Direct Seeding,25.58,105.87,76.91,152.96,5.89,6.73
NSIC Rc 222,Sandy Loam,Wet,Transplanted,22.47,48.82,82.63,247.97,5.01,3.48
NSIC Rc 402,Clay Loam,Dry,Transplanted,28.51,43.48,85.64,273.44,4.78,5.67
NSIC Rc 222,Clay Loam,Dry,Direct Seeding,25.78,47.65,80.39,368.92,4.93,4.94
NSIC Rc 402,Clay Loam,Dry,Transplanted,27.37,42.69,89.6,400.0,4.53,5.44
NSIC Rc 402,Clay Loam,Dry,Direct Seeding,28.19,37.45,74.47,228.68,7.04,6.54
NSIC Rc 402,Sandy Loam,Dry,Transplanted,26.24,109.64,82.93,172.61,4.88,5.76
NSIC Rc 402,Clay Loam,Wet,Transplanted,24.2,136.76,84.58,280.22,5.39,5.81
NSIC Rc 222,Clay Loam,Dry,Transplanted,27.65,33.82,83.62,175.43,5.88,4.82
NSIC Rc 222,Sandy Loam,Wet,Transplanted,25.5,84.23,79.78,271.63,5.4,6.1
NSIC Rc 456H,Clay Loam,Dry,Transplanted,27.01,39.02,79.48,186.51,5.46,6.54
NSIC Rc 402,Clay Loam,Wet,Transplanted,22.0,100.04,82.05,109.57,5.49,5.56
NSIC Rc 222,Clay Loam,Dry,Direct Seeding,26.48,52.21,83.36,296.83,4.97,4.91
NSIC Rc 402,Clay Loam,Dry,Transplanted,24.1,31.3,82.61,191.06,5.41,4.47
NSIC Rc 456H,Clay Loam,Wet,Transplanted,29.14,42.77,84.14,400.0,6.15,7.44
NSIC Rc 402,Clay Loam,Dry,Transplanted,26.87,69.44,76.93,247.02,4.87,6.3
NSIC Rc 402,Clay Loam,Wet,Direct Seeding,26.03,54.66,79.7,136.66,6.35,6.24
NSIC Rc 222,Clay Loam,Dry,Transplanted,26.57,56.9,77.21,347.53,5.45,5.52
NSIC Rc 222,Sandy Loam,Wet,Transplanted,23.3,150.0,79.15,229.95,4.99,4.01
NSIC Rc 402,Clay Loam,Wet,Transplanted,29.07,132.98,84.05,305.32,5.37,6.4
NSIC Rc 402,Clay Loam,Dry,Transplanted,29.88,29.7,80.88,350.07,6.41,6.05
NSIC Rc 402,Clay Loam,Wet,Transplanted,26.36,50.49,89.62,251.85,6.17,6.64
NSIC Rc 402,Clay Loam,Dry,Direct Seeding,29.0,36.06,81.18,149.65,5.76,5.05
NSIC Rc 456H,Clay Loam,Wet,Transplanted,24.25,49.93,80.71,260.46,5.45,6.39
NSIC Rc 402,Sandy Loam,Wet,Direct Seeding,23.75,94.66,80.87,396.29,5.99,6.65
NSIC Rc 402,Sandy Loam,Wet,Transplanted,25.59,93.94,78.27,237.49,5.6,7.03
NSIC Rc 456H,Clay Loam,Dry,Transplanted,26.46,49.55,80.3,286.56,7.09,7.81
NSIC Rc 402,Sandy Loam,Wet,Direct Seeding,24.63,113.52,84.45,182.11,5.57,6.24
NSIC Rc 402,Clay Loam,Wet,Transplanted,26.68,113.57,80.9,141.29,6.77,8.08
NSIC Rc 222,Clay Loam,Wet,Direct Seeding,26.17,63.81,77.72,231.72,5.54,6.07
NSIC Rc 222,Clay Loam,Wet,Transplanted,23.3,58.34,77.26,249.17,4.67,4.69
NSIC Rc 456H,Sandy Loam,Dry,Direct Seeding,26.64,47.31,78.92,366.01,7.8,7.55
NSIC Rc 456H,Clay Loam,Dry,Transplanted,27.4,47.86,80.76,255.03,4.86,6.51
NSIC Rc 402,Clay Loam,Wet,Transplanted,25.88,150.0,84.68,354.95,4.21,5.78
NSIC Rc 402,Clay Loam,Dry,Transplanted,28.04,40.09,75.81,209.38,4.14,4.52
NSIC Rc 222,Clay Loam,Wet,Transplanted,22.82,53.49,79.38,148.27,7.32,5.28
NSIC Rc 222,Clay Loam,Dry,Transplanted,26.53,40.38,81.01,292.63,6.89,6.6
NSIC Rc 402,Sandy Loam,Dry,Transplanted,22.93,42.14,74.08,400.0,5.69,4.82
NSIC Rc 402,Sandy Loam,Dry,Transplanted,23.05,36.24,77.58,199.08,5.9,4.86
NSIC Rc 402,Clay Loam,Wet,Transplanted,24.11,50.38,78.12,308.8,5.77,5.91
NSIC Rc 402,Sandy Loam,Dry,Direct Seeding,23.43,32.63,77.71,313.13,4.35,3.0
NSIC Rc 402,Clay Loam,Wet,Transplanted,24.29,83.4,81.17,141.78,6.61,7.08
NSIC Rc 456H,Sandy Loam,Dry,Transplanted,25.03,48.45,79.94,228.08,6.8,7.31
NSIC Rc 402,Clay Loam,Wet,Transplanted,27.34,150.0,78.56,318.4,4.73,5.89
NSIC Rc 402,Clay Loam,Dry,Transplanted,24.79,36.26,82.0,279.87,5.82,5.69
NSIC Rc 402,Clay Loam,Dry,Transplanted,22.01,37.3,86.53,318.49,5.54,4.52
NSIC Rc 402,Sandy Loam,Dry,Transplanted,28.01,40.31,86.24,298.56,5.44,5.6
NSIC Rc 402,Clay Loam,Wet,Direct Seeding,23.66,72.73,73.77,238.6,5.12,5.47
NSIC Rc 402,Clay Loam,Dry,Direct Seeding,25.37,40.28,82.52,248.93,5.51,5.44
NSIC Rc 456H,Clay Loam,Wet,Transplanted,26.48,125.34,79.88,362.17,5.5,7.69
NSIC Rc 222,Clay Loam,Dry,Transplanted,25.94,46.32,81.04,260.29,6.14,5.82
NSIC Rc 222,Clay Loam,Wet,Transplanted,27.91,60.28,79.11,189.74,5.38,5.24
NSIC Rc 222,Clay Loam,Wet,Transplanted,26.55,69.43,80.91,229.4,4.92,5.51
NSIC Rc 222,Sandy Loam,Wet,Transplanted,23.61,74.82,81.03,286.18,5.38,4.45
NSIC Rc 456H,Clay Loam,Wet,Transplanted,30.29,126.35,78.47,353.37,5.77,7.38
NSIC Rc 402,Clay Loam,Wet,Transplanted,25.93,98.95,77.36,140.75,5.46,7.13
NSIC Rc 402,Clay Loam,Wet,Transplanted,25.18,128.3,78.93,225.0,6.07,7.01
NSIC Rc 222,Sandy Loam,Wet,Transplanted,27.62,49.8,81.32,343.19,5.21,5.16
NSIC Rc 402,Sandy Loam,Dry,Direct Seeding,26.05,36.71,82.6,181.33,5.19,4.68
NSIC Rc 402,Clay Loam,Dry,Transplanted,26.38,37.88,83.49,181.63,4.64,5.16
NSIC Rc 222,Clay Loam,Wet,Direct Seeding,30.98,61.81,78.77,247.85,5.39,5.06
NSIC Rc 402,Clay Loam,Wet,Direct Seeding,24.89,119.05,81.49,137.26,6.46,6.9
NSIC Rc 402,Clay Loam,Wet,Transplanted,24.8,148.46,83.87,400.0,5.51,6.47
NSIC Rc 402,Sandy Loam,Wet,Transplanted,25.76,66.66,84.58,284.86,5.24,5.97
NSIC Rc 402,Clay Loam,Dry,Transplanted,27.86,53.37,80.29,308.38,5.06,5.97
NSIC Rc 222,Clay Loam,Dry,Direct Seeding,22.19,90.3,79.73,371.77,4.19,4.64
NSIC Rc 402,Clay Loam,Wet,Direct Seeding,22.0,42.34,81.17,400.0,6.42,5.53
NSIC Rc 402,Sandy Loam,Wet,Transplanted,24.21,132.55,76.48,238.91,5.93,5.58
NSIC Rc 402,Clay Loam,Wet,Transplanted,22.0,58.9,79.82,140.15,6.13,4.86
NSIC Rc 456H,Clay Loam,Dry,Direct Seeding,24.57,72.23,83.11,275.54,6.05,6.99
NSIC Rc 402,Clay Loam,Dry,Transplanted,26.61,50.74,82.75,185.23,5.03,5.12
NSIC Rc 222,Sandy Loam,Wet,Direct Seeding,23.54,106.93,79.55,161.12,5.18,4.51
NSIC Rc 222,Clay Loam,Wet,Direct Seeding,22.36,112.11,81.26,205.91,5.05,4.78
NSIC Rc 402,Clay Loam,Dry,Transplanted,25.65,40.7,77.61,237.26,5.3,5.62
NSIC Rc 222,Clay Loam,Dry,Transplanted,27.4,61.41,82.96,374.37,5.11,5.54
NSIC Rc 402,Clay Loam,Wet,Transplanted,22.0,122.29,80.23,400.0,6.37,6.56
NSIC Rc 456H,Clay Loam,Wet,Transplanted,27.3,65.85,79.53,168.27,7.29,8.41
NSIC Rc 402,Clay Loam,Wet,Transplanted,27.3,150.0,79.23,211.19,4.98,5.88
NSIC Rc 402,Clay Loam,Dry,Direct Seeding,27.6,46.96,80.28,303.17,5.47,5.76
NSIC Rc 402,Clay Loam,Wet,Direct Seeding,28.18,41.49,78.93,318.91,5.74,6.38
NSIC Rc 402,Clay Loam,Wet,Direct Seeding,30.34,77.2,82.8,174.85,4.91,5.21
NSIC Rc 402,Sandy Loam,Dry,Transplanted,24.72,30.02,79.12,343.4,5.63,4.86
NSIC Rc 456H,Clay Loam,Wet,Direct Seeding,25.74,57.58,86.08,189.42,6.12,7.41
NSIC Rc 402,Sandy Loam,Dry,Direct Seeding,24.58,84.92,85.63,172.42,5.54,5.51
NSIC Rc 456H,Clay Loam,Wet,Transplanted,25.5,99.91,77.38,298.35,6.31,9.0
NSIC Rc 456H,Clay Loam,Wet,Transplanted,28.87,54.32,80.74,378.31,5.87,7.53
NSIC Rc 222,Clay Loam,Dry,Transplanted,22.54,55.29,78.22,275.51,3.5,3.1
NSIC Rc 222,Clay Loam,Wet,Direct Seeding,23.61,60.13,79.36,258.64,4.73,4.19
NSIC Rc 222,Clay Loam,Dry,Transplanted,28.53,27.76,87.51,238.93,6.4,5.76
NSIC Rc 222,Clay Loam,Wet,Direct Seeding,27.74,104.78,79.42,253.34,5.76,6.94
NSIC Rc 222,Clay Loam,Wet,Transplanted,24.7,86.53,81.76,227.09,3.5,4.77
NSIC Rc 402,Sandy Loam,Dry,Direct Seeding,27.38,41.08,82.39,301.65,4.54,4.59
NSIC Rc 222,Clay Loam,Wet,Transplanted,26.25,121.61,77.0,253.41,5.91,7.02
NSIC Rc 402,Sandy Loam,Dry,Transplanted,28.8,36.22,77.51,400.0,5.19,5.08
NSIC Rc 456H,Clay Loam,Wet,Transplanted,25.66,150.0,76.28,279.7,3.98,6.02
NSIC Rc 222,Clay Loam,Wet,Transplanted,27.76,57.32,77.4,227.25,6.14,6.28
NSIC Rc 456H,Clay Loam,Wet,Direct Seeding,31.0,54.79,70.52,169.11,6.38,6.29
NSIC Rc 402,Clay Loam,Wet,Transplanted,26.82,41.78,82.41,176.53,5.01,5.39
NSIC Rc 222,Clay Loam,Dry,Transplanted,25.61,48.43,87.69,284.05,6.27,6.45
NSIC Rc 402,Clay Loam,Dry,Transplanted,27.09,79.76,81.02,202.03,5.04,5.97
NSIC Rc 402,Clay Loam,Wet,Transplanted,24.7,71.61,75.54,263.45,5.16,6.09
NSIC Rc 456H,Clay Loam,Wet,Transplanted,30.75,41.57,78.25,386.84,5.53,5.87
NSIC Rc 402,Clay Loam,Dry,Transplanted,25.9,50.66,78.89,157.5,4.27,4.61
NSIC Rc 456H,Sandy Loam,Dry,Direct Seeding,24.9,86.01,76.94,232.65,6.16,7.14
NSIC Rc 402,Sandy Loam,Wet,Transplanted,23.66,141.07,83.51,104.93,5.96,4.54
NSIC Rc 222,Clay Loam,Wet,Direct Seeding,27.91,147.54,83.34,142.06,5.08,4.98
NSIC Rc 456H,Clay Loam,Wet,Direct Seeding,27.41,104.54,76.46,267.21,6.37,8.51
NSIC Rc 456H,Clay Loam,Dry,Transplanted,24.41,42.58,83.04,147.17,4.76,5.23
NSIC Rc 456H,Clay Loam,Wet,Transplanted,26.77,65.02,85.84,156.21,6.35,7.23
NSIC Rc 402,Sandy Loam,Wet,Transplanted,22.18,88.33,87.16,400.0,5.82,6.24
NSIC Rc 402,Clay Loam,Dry,Direct Seeding,25.91,51.53,90.0,194.87,5.11,5.44
NSIC Rc 456H,Clay Loam,Wet,Direct Seeding,26.5,60.19,77.34,172.29,6.16,7.37
NSIC Rc 402,Clay Loam,Wet,Transplanted,29.26,125.67,90.0,385.81,4.98,6.2
NSIC Rc 456H,Clay Loam,Wet,Direct Seeding,23.8,121.93,79.26,171.82,6.65,7.06
NSIC Rc 456H,Clay Loam,Wet,Transplanted,22.69,120.45,78.43,278.01,6.24,7.26
NSIC Rc 402,Sandy Loam,Wet,Direct Seeding,23.53,85.71,81.64,280.98,5.85,6.07
NSIC Rc 456H,Clay Loam,Wet,Direct Seeding,22.56,61.89,78.46,334.81,5.55,6.1
NSIC Rc 456H,Clay Loam,Wet,Transplanted,28.44,150.0,81.9,162.39,6.42,7.24
NSIC Rc 222,Sandy Loam,Dry,Transplanted,28.91,51.35,75.88,181.04,6.24,5.28
NSIC Rc 456H,Clay Loam,Dry,Transplanted,26.2,40.88,79.66,195.71,7.0,7.66
NSIC Rc 402,Clay Loam,Dry,Transplanted,28.19,69.65,85.0,183.92,5.21,6.25
NSIC Rc 456H,Clay Loam,Wet,Direct Seeding,25.79,75.31,80.3,326.35,6.45,8.21
NSIC Rc 402,Clay Loam,Wet,Transplanted,25.29,42.54,81.0,281.15,6.57,7.18
NSIC Rc 456H,Sandy Loam,Wet,Transplanted,24.77,81.16,82.16,297.14,5.7,7.32
NSIC Rc 402,Clay Loam,Wet,Transplanted,24.82,104.93,84.6,139.6,6.58,7.53
NSIC Rc 222,Sandy Loam,Wet,Direct Seeding,22.09,66.59,74.71,264.72,5.51,3.9
NSIC Rc 456H,Clay Loam,Dry,Transplanted,26.08,56.04,82.55,400.0,5.16,6.55
NSIC Rc 222,Sandy Loam,Wet,Transplanted,25.41,73.45,79.56,400.0,4.9,5.34
NSIC Rc 402,Clay Loam,Wet,Transplanted,27.14,88.84,81.08,207.2,4.58,6.84
NSIC Rc 456H,Sandy Loam,Wet,Direct Seeding,25.71,76.58,84.21,337.52,5.85,7.16
NSIC Rc 456H,Clay Loam,Dry,Direct Seeding,25.14,37.18,76.32,182.66,5.76,5.83
NSIC Rc 402,Sandy Loam,Wet,Transplanted,23.58,88.71,76.96,141.38,5.72,5.72
NSIC Rc 402,Clay Loam,Dry,Transplanted,25.66,92.28,73.73,144.28,6.55,7.47
NSIC Rc 402,Clay Loam,Wet,Transplanted,27.12,92.26,78.58,388.11,5.58,7.56
NSIC Rc 402,Sandy Loam,Dry,Transplanted,22.98,59.41,85.16,212.68,5.41,4.62
NSIC Rc 402,Clay Loam,Dry,Transplanted,25.69,60.71,80.08,197.93,5.45,6.07
NSIC Rc 402,Sandy Loam,Wet,Direct Seeding,26.01,52.84,75.81,322.0,4.3,4.34
NSIC Rc 456H,Clay Loam,Wet,Transplanted,23.92,101.74,78.8,154.31,6.35,7.87
NSIC Rc 456H,Clay Loam,Wet,Direct Seeding,24.21,103.73,75.29,292.16,5.77,7.69
NSIC Rc 456H,Clay Loam,Wet,Transplanted,26.01,46.58,76.56,226.98,5.93,7.6
NSIC Rc 222,Clay Loam,Dry,Direct Seeding,23.01,41.69,81.86,400.0,5.26,3.95
NSIC Rc 402,Clay Loam,Dry,Direct Seeding,26.27,40.64,76.39,210.56,5.68,5.56
NSIC Rc 222,Clay Loam,Dry,Transplanted,23.53,46.76,84.39,233.26,4.48,4.12
NSIC Rc 402,Clay Loam,Dry,Transplanted,27.84,52.64,80.25,143.59,5.59,5.47
NSIC Rc 402,Clay Loam,Wet,Transplanted,30.64,69.51,80.8,400.0,5.17,6.02
NSIC Rc 456H,Clay Loam,Wet,Transplanted,23.61,52.59,79.53,215.73,5.9,6.74
NSIC Rc 402,Clay Loam,Dry,Transplanted,26.68,40.35,83.2,400.0,4.88,5.77
NSIC Rc 222,Clay Loam,Wet,Transplanted,23.9,102.88,83.24,129.68,5.73,5.68
NSIC Rc 222,Clay Loam,Dry,Direct Seeding,27.79,60.16,81.67,272.12,5.41,5.32
NSIC Rc 456H,Clay Loam,Wet,Transplanted,22.72,53.39,82.48,400.0,4.97,5.77
NSIC Rc 402,Sandy Loam,Wet,Direct Seeding,26.56,150.0,79.76,195.08,6.25,5.86
NSIC Rc 222,Sandy Loam,Dry,Transplanted,23.58,30.7,82.4,265.38,5.04,3.0
NSIC Rc 222,Clay Loam,Wet,Direct Seeding,25.04,109.34,79.32,393.24,5.15,6.5
NSIC Rc 402,Clay Loam,Dry,Transplanted,23.23,46.77,80.51,216.8,6.15,5.31
NSIC Rc 222,Sandy Loam,Dry,Direct Seeding,27.31,32.8,79.54,142.02,6.15,3.99
NSIC Rc 456H,Clay Loam,Dry,Transplanted,23.66,50.84,78.9,205.38,5.55,6.04
NSIC Rc 402,Clay Loam,Dry,Transplanted,26.71,76.89,78.09,273.49,5.67,6.5
NSIC Rc 222,Clay Loam,Dry,Transplanted,24.74,43.85,82.14,272.33,5.88,5.54
NSIC Rc 222,Clay Loam,Dry,Transplanted,25.25,26.83,85.09,315.32,6.28,5.98
NSIC Rc 456H,Clay Loam,Wet,Transplanted,25.83,150.0,84.6,179.87,5.93,7.48
NSIC Rc 402,Clay Loam,Wet,Transplanted,23.82,70.74,76.1,400.0,5.92,6.36
NSIC Rc 402,Sandy Loam,Dry,Transplanted,25.96,54.45,85.01,181.98,4.95,4.98
NSIC Rc 456H,Sandy Loam,Wet,Direct Seeding,28.87,37.79,79.39,253.33,4.81,5.68
NSIC Rc 456H,Clay Loam,Wet,Transplanted,23.79,62.97,82.6,277.18,6.26,7.18
NSIC Rc 456H,Clay Loam,Wet,Transplanted,28.08,107.63,77.33,267.36,5.31,8.1
NSIC Rc 456H,Sandy Loam,Dry,Direct Seeding,28.8,87.38,81.0,162.78,5.23,6.64
NSIC Rc 402,Clay Loam,Dry,Transplanted,23.7,62.47,81.6,396.96,6.04,6.12
NSIC Rc 222,Clay Loam,Wet,Transplanted,22.3,150.0,75.3,201.87,5.3,4.06
NSIC Rc 456H,Clay Loam,Dry,Transplanted,26.16,72.63,82.63,286.27,6.03,7.3
NSIC Rc 402,Sandy Loam,Dry,Direct Seeding,24.3,46.63,85.21,264.46,4.69,3.79
NSIC Rc 402,Clay Loam,Dry,Direct Seeding,29.61,98.59,79.89,264.04,4.95,5.56
NSIC Rc 456H,Sandy Loam,Dry,Direct Seeding,25.58,57.94,85.26,138.02,7.01,6.42
NSIC Rc 222,Sandy Loam,Dry,Transplanted,23.74,53.39,79.84,195.82,4.94,3.96
NSIC Rc 402,Clay Loam,Wet,Direct Seeding,22.98,43.93,83.47,285.25,5.45,4.52
NSIC Rc 222,Clay Loam,Dry,Transplanted,27.9,45.84,72.74,140.53,5.57,4.95
NSIC Rc 402,Clay Loam,Wet,Transplanted,24.24,33.05,88.97,226.64,4.84,4.92
NSIC Rc 222,Clay Loam,Dry,Transplanted,25.6,80.32,85.73,255.83,6.35,6.99
NSIC Rc 222,Clay Loam,Dry,Transplanted,27.6,34.67,79.5,309.44,5.41,5.71
NSIC Rc 222,Clay Loam,Wet,Transplanted,24.43,58.39,73.6,253.86,5.23,5.11
NSIC Rc 402,Clay Loam,Wet,Transplanted,25.4,74.71,81.51,229.34,6.34,7.63
NSIC Rc 402,Sandy Loam,Dry,Transplanted,25.46,37.83,75.45,269.06,6.23,5.89
NSIC Rc 402,Clay Loam,Wet,Transplanted,27.0,40.84,82.06,224.25,6.97,6.97
NSIC Rc 456H,Clay Loam,Dry,Direct Seeding,26.8,35.12,81.94,177.62,5.57,5.41
NSIC Rc 402,Clay Loam,Wet,Transplanted,25.02,116.86,77.21,204.58,7.13,8.24
NSIC Rc 402,Clay Loam,Wet,Direct Seeding,25.64,92.93,84.42,283.9,6.04,7.82
NSIC Rc 456H,Clay Loam,Dry,Transplanted,24.68,47.62,83.32,230.07,7.06,7.73
NSIC Rc 402,Clay Loam,Dry,Direct Seeding,22.25,74.08,83.92,400.0,6.28,5.52
NSIC Rc 456H,Clay Loam,Dry,Transplanted,26.07,34.62,80.53,160.32,5.42,6.11
NSIC Rc 222,Clay Loam,Wet,Transplanted,29.66,85.44,75.55,280.6,4.82,5.86
NSIC Rc 456H,Clay Loam,Dry,Transplanted,23.56,55.37,83.92,297.16,4.61,5.76
NSIC Rc 222,Clay Loam,Dry,Transplanted,23.8,39.76,79.55,251.62,3.99,3.56
NSIC Rc 456H,Clay Loam,Dry,Direct Seeding,23.58,45.01,75.64,219.02,5.44,5.46
NSIC Rc 402,Sandy Loam,Dry,Transplanted,27.09,35.24,85.23,243.99,6.48,6.01
NSIC Rc 456H,Clay Loam,Dry,Transplanted,26.49,34.61,87.85,244.59,5.52,6.34
NSIC Rc 222,Clay Loam,Wet,Direct Seeding,25.15,95.27,80.36,400.0,4.93,6.47
NSIC Rc 402,Clay Loam,Wet,Transplanted,23.48,80.5,88.06,125.94,6.08,6.39
NSIC Rc 456H,Clay Loam,Dry,Transplanted,25.7,32.62,80.82,176.13,5.27,5.93
NSIC Rc 402,Clay Loam,Wet,Transplanted,22.06,88.57,79.17,269.72,6.88,7.17
NSIC Rc 402,Clay Loam,Dry,Transplanted,25.82,72.81,78.29,357.67,5.41,6.56
NSIC Rc 402,Clay Loam,Wet,Transplanted,27.42,125.03,86.23,179.98,6.24,7.1
NSIC Rc 402,Clay Loam,Dry,Transplanted,22.75,51.23,77.77,164.0,5.45,4.71
NSIC Rc 402,Clay Loam,Dry,Direct Seeding,22.13,57.17,83.07,233.37,5.61,4.6
NSIC Rc 402,Clay Loam,Wet,Transplanted,28.97,150.0,78.54,176.57,6.38,6.75
NSIC Rc 456H,Clay Loam,Wet,Transplanted,24.15,136.62,78.89,234.0,6.03,6.46
NSIC Rc 222,Sandy Loam,Wet,Transplanted,28.0,116.05,84.11,177.77,6.45,6.9
NSIC Rc 402,Clay Loam,Dry,Direct Seeding,25.16,52.82,79.17,311.33,5.04,5.87
NSIC Rc 456H,Clay Loam,Dry,Direct Seeding,25.14,36.89,79.08,179.52,4.96,5.57
NSIC Rc 456H,Clay Loam,Wet,Transplanted,26.46,53.28,84.46,133.2,4.65,5.78
NSIC Rc 402,Clay Loam,Dry,Direct Seeding,23.56,36.78,86.09,311.74,6.47,5.46
NSIC Rc 402,Clay Loam,Wet,Transplanted,25.79,58.85,82.76,245.86,6.22,6.78
NSIC Rc 402,Clay Loam,Wet,Transplanted,24.66,74.96,78.21,210.57,5.41,5.94
NSIC Rc 222,Clay Loam,Dry,Transplanted,22.59,54.15,78.71,212.72,5.61,4.54
NSIC Rc 402,Clay Loam,Wet,Transplanted,26.24,107.76,80.78,256.04,6.34,8.29
NSIC Rc 402,Clay Loam,Wet,Transplanted,24.92,94.83,81.62,164.16,5.46,6.73
NSIC Rc 402,Clay Loam,Wet,Direct Seeding,25.15,131.62,77.04,147.2,4.36,5.72
NSIC Rc 222,Clay Loam,Wet,Transplanted,22.84,95.63,83.03,179.34,4.18,4.96
NSIC Rc 456H,Clay Loam,Wet,Direct Seeding,29.0,92.43,80.8,219.3,5.11,7.39
NSIC Rc 456H,Clay Loam,Wet,Transplanted,27.43,84.14,74.5,174.39,5.94,8.43
NSIC Rc 402,Sandy Loam,Dry,Transplanted,27.62,43.78,77.25,400.0,4.93,5.22
NSIC Rc 402,Clay Loam,Wet,Transplanted,24.83,84.54,78.74,179.38,6.32,7.44
NSIC Rc 402,Clay Loam,Wet,Transplanted,22.0,62.57,80.24,249.31,4.7,4.74
NSIC Rc 456H,Clay Loam,Wet,Transplanted,29.8,112.72,87.11,290.52,5.39,7.83
NSIC Rc 402,Sandy Loam,Wet,Transplanted,25.37,80.14,81.33,375.1,4.32,6.22
NSIC Rc 222,Clay Loam,Dry,Transplanted,23.85,57.46,77.56,400.0,5.09,4.82
NSIC Rc 456H,Clay Loam,Dry,Transplanted,26.42,62.63,81.27,400.0,5.88,7.9
NSIC Rc 456H,Clay Loam,Wet,Direct Seeding,28.07,77.18,79.27,368.06,6.63,8.23
NSIC Rc 456H,Clay Loam,Dry,Transplanted,25.45,37.18,81.64,346.23,5.96,6.94
NSIC Rc 402,Clay Loam,Dry,Transplanted,28.31,67.78,82.53,167.83,6.11,6.36
NSIC Rc 402,Clay Loam,Dry,Transplanted,27.88,55.82,84.73,296.83,6.3,7.05
NSIC Rc 402,Sandy Loam,Wet,Direct Seeding,23.13,59.27,80.41,223.62,5.87,5.39
NSIC Rc 456H,Clay Loam,Wet,Direct Seeding,24.02,57.48,86.24,224.45,5.24,5.76
NSIC Rc 456H,Clay Loam,Wet,Transplanted,27.61,52.85,83.68,211.03,6.16,7.63
NSIC Rc 222,Sandy Loam,Dry,Transplanted,22.0,67.99,78.02,166.56,6.44,4.34
NSIC Rc 222,Clay Loam,Wet,Transplanted,25.17,77.64,88.23,199.09,5.18,6.02
NSIC Rc 402,Clay Loam,Dry,Direct Seeding,22.35,71.31,81.64,176.1,5.98,5.2
NSIC Rc 456H,Clay Loam,Wet,Transplanted,24.45,63.7,77.58,125.96,6.24,6.88
NSIC Rc 456H,Clay Loam,Wet,Transplanted,24.84,68.4,86.29,397.3,5.61,7.33
NSIC Rc 222,Clay Loam,Dry,Transplanted,24.71,41.91,87.77,247.47,6.06,5.0
NSIC Rc 402,Sandy Loam,Wet,Transplanted,24.29,150.0,80.38,251.14,5.32,4.89
NSIC Rc 402,Clay Loam,Wet,Direct Seeding,23.09,67.2,78.74,239.29,5.91,5.68
NSIC Rc 456H,Clay Loam,Dry,Transplanted,30.54,146.67,79.9,356.87,5.7,6.59
NSIC Rc 456H,Clay Loam,Dry,Transplanted,29.61,40.52,83.0,259.55,5.9,6.36
NSIC Rc 456H,Sandy Loam,Dry,Transplanted,22.94,83.81,84.97,400.0,6.53,7.87
NSIC Rc 402,Sandy Loam,Dry,Direct Seeding,28.98,43.45,82.5,307.9,4.23,4.52
NSIC Rc 402,Sandy Loam,Dry,Direct Seeding,24.62,64.16,80.86,187.13,6.02,4.64
NSIC Rc 402,Clay Loam,Dry,Transplanted,25.78,102.8,85.74,378.52,6.09,7.86
NSIC Rc 222,Clay Loam,Wet,Transplanted,25.36,69.66,79.41,276.47,5.0,5.64
NSIC Rc 456H,Clay Loam,Wet,Direct Seeding,24.05,82.97,84.11,237.32,5.85,7.95
NSIC Rc 456H,Clay Loam,Wet,Transplanted,27.66,108.96,79.49,341.06,5.19,7.77
NSIC Rc 456H,Clay Loam,Wet,Transplanted,25.78,78.61,82.01,248.46,5.31,7.64
NSIC Rc 456H,Clay Loam,Dry,Transplanted,24.45,68.25,80.1,317.85,6.06,7.27
NSIC Rc 402,Clay Loam,Dry,Direct Seeding,22.63,58.61,80.3,157.79,7.43,5.96
NSIC Rc 456H,Clay Loam,Dry,Transplanted,23.53,39.49,79.18,250.47,6.34,6.52
NSIC Rc 456H,Clay Loam,Wet,Direct Seeding,22.0,104.97,85.21,191.52,5.28,6.77
NSIC Rc 456H,Clay Loam,Dry,Transplanted,25.53,34.34,77.93,400.0,6.42,7.65
NSIC Rc 402,Clay Loam,Wet,Transplanted,22.87,71.03,77.91,391.47,6.0,5.84
NSIC Rc 402,Clay Loam,Dry,Transplanted,24.92,68.64,87.92,265.23,4.38,5.51
NSIC Rc 222,Clay Loam,Dry,Transplanted,28.51,53.43,83.92,377.44,5.18,5.65
NSIC Rc 456H,Clay Loam,Wet,Transplanted,28.14,89.38,72.15,192.74,5.77,8.47
NSIC Rc 402,Clay Loam,Wet,Transplanted,25.43,140.8,78.52,207.79,5.68,6.44
NSIC Rc 402,Clay Loam,Wet,Transplanted,25.31,132.28,74.16,118.27,5.57,5.67
NSIC Rc 402,Clay Loam,Dry,Direct Seeding,29.64,38.7,77.17,311.74,5.7,4.98
NSIC Rc 402,Sandy Loam,Dry,Direct Seeding,26.65,51.0,70.0,114.36,4.94,4.02
NSIC Rc 402,Clay Loam,Dry,Transplanted,24.78,53.45,80.02,200.29,5.36,5.61
NSIC Rc 222,Clay Loam,Wet,Transplanted,22.36,65.32,76.5,156.14,5.21,4.09
NSIC Rc 402,Clay Loam,Wet,Transplanted,26.37,60.96,80.71,353.53,6.4,6.75
NSIC Rc 402,Clay Loam,Dry,Transplanted,27.32,63.5,74.81,400.0,5.1,6.55
NSIC Rc 456H,Clay Loam,Dry,Direct Seeding,24.11,36.76,80.79,330.39,5.7,5.52
NSIC Rc 402,Clay Loam,Wet,Transplanted,26.14,35.5,79.05,308.61,5.34,6.51
NSIC Rc 456H,Sandy Loam,Wet,Transplanted,24.7,150.0,85.76,266.33,6.98,6.81
NSIC Rc 402,Clay Loam,Dry,Direct Seeding,25.1,52.08,85.44,257.85,6.06,6.25
NSIC Rc 402,Sandy Loam,Wet,Transplanted,22.0,55.57,83.25,180.84,4.94,3.89
NSIC Rc 456H,Clay Loam,Wet,Transplanted,25.01,150.0,79.36,138.85,6.15,7.11
NSIC Rc 402,Clay Loam,Wet,Transplanted,27.63,55.85,87.45,255.89,4.88,5.99
NSIC Rc 222,Sandy Loam,Wet,Transplanted,24.11,84.71,75.06,277.79,5.58,5.85
NSIC Rc 222,Clay Loam,Dry,Transplanted,25.62,39.99,75.59,277.15,6.36,5.93
NSIC Rc 456H,Clay Loam,Dry,Direct Seeding,23.84,59.23,80.21,291.91,4.5,5.39
NSIC Rc 402,Clay Loam,Dry,Direct Seeding,26.29,36.07,88.39,320.53,4.89,4.96
NSIC Rc 402,Clay Loam,Wet,Transplanted,25.02,65.87,79.79,251.87,5.7,6.8
NSIC Rc 402,Clay Loam,Wet,Direct Seeding,23.43,119.82,79.86,174.71,5.32,5.5
NSIC Rc 222,Clay Loam,Wet,Transplanted,28.43,142.77,75.45,288.27,5.55,6.14
NSIC Rc 222,Clay Loam,Wet,Direct Seeding,27.54,43.04,83.81,313.0,5.34,5.32
NSIC Rc 402,Clay Loam,Dry,Transplanted,24.17,67.06,83.84,220.64,4.42,5.13
NSIC Rc 402,Clay Loam,Wet,Direct Seeding,26.6,109.34,83.26,313.4,6.03,7.64
NSIC Rc 402,Clay Loam,Wet,Direct Seeding,26.68,91.16,78.3,256.89,4.66,6.77
NSIC Rc 402,Clay Loam,Wet,Transplanted,26.91,48.77,78.03,165.97,5.74,6.19
NSIC Rc 456H,Clay Loam,Wet,Direct Seeding,22.0,105.47,75.97,400.0,5.55,6.93
NSIC Rc 402,Clay Loam,Wet,Direct Seeding,27.71,133.59,80.79,216.68,7.27,7.57
NSIC Rc 402,Clay Loam,Wet,Direct Seeding,24.25,60.36,76.72,170.25,5.51,4.95
NSIC Rc 456H,Sandy Loam,Dry,Transplanted,24.71,51.36,76.38,190.82,6.12,6.35
NSIC Rc 402,Clay Loam,Wet,Direct Seeding,31.0,91.87,79.02,105.3,5.98,5.46
NSIC Rc 402,Clay Loam,Wet,Direct Seeding,26.16,81.74,78.79,223.02,5.83,7.31
NSIC Rc 456H,Clay Loam,Dry,Transplanted,24.65,52.73,78.62,399.3,5.85,6.69
NSIC Rc 456H,Clay Loam,Dry,Direct Seeding,22.0,57.68,82.13,264.81,5.18,5.11
NSIC Rc 222,Clay Loam,Dry,Transplanted,28.56,33.01,80.78,184.43,5.32,5.19
NSIC Rc 456H,Clay Loam,Dry,Transplanted,22.54,89.47,79.49,242.08,4.57,6.33
NSIC Rc 402,Clay Loam,Wet,Transplanted,23.29,110.21,81.14,118.48,5.93,6.03
NSIC Rc 402,Clay Loam,Wet,Transplanted,24.77,62.97,77.03,242.86,7.64,7.51
NSIC Rc 402,Sandy Loam,Wet,Transplanted,28.62,118.3,80.87,218.74,5.72,6.96
NSIC Rc 456H,Sandy Loam,Dry,Transplanted,27.2,39.64,81.03,345.03,6.11,6.86
NSIC Rc 402,Sandy Loam,Dry,Direct Seeding,25.15,88.32,75.24,279.01,4.51,5.83
NSIC Rc 402,Clay Loam,Wet,Transplanted,26.18,45.2,83.98,173.02,5.02,5.59
NSIC Rc 402,Clay Loam,Wet,Transplanted,24.18,113.95,77.41,341.35,6.22,7.33
NSIC Rc 402,Clay Loam,Dry,Transplanted,25.81,79.97,80.82,384.51,4.58,6.2
NSIC Rc 222,Clay Loam,Wet,Transplanted,25.66,71.93,84.58,282.3,4.89,5.88
NSIC Rc 222,Clay Loam,Dry,Direct Seeding,27.63,40.97,83.74,226.79,5.8,5.21
NSIC Rc 222,Clay Loam,Dry,Transplanted,27.63,30.87,80.62,202.55,5.97,5.24
NSIC Rc 222,Clay Loam,Dry,Direct Seeding,26.59,44.74,79.23,400.0,5.32,5.13
NSIC Rc 222,Clay Loam,Dry,Transplanted,24.7,43.04,83.82,274.13,5.49,5.08
NSIC Rc 402,Clay Loam,Dry,Transplanted,27.13,84.05,82.86,254.72,5.68,7.55
NSIC Rc 222,Clay Loam,Wet,Transplanted,25.3,60.38,78.34,160.21,4.54,5.09
NSIC Rc 402,Clay Loam,Dry,Transplanted,23.12,32.18,77.72,178.89,5.54,4.56
NSIC Rc 456H,Sandy Loam,Dry,Transplanted,24.61,63.77,73.25,145.53,6.04,5.38
NSIC Rc 402,Clay Loam,Wet,Transplanted,25.69,108.22,81.04,225.64,5.53,7.97
NSIC Rc 402,Clay Loam,Wet,Transplanted,27.5,78.09,80.21,201.0,4.24,5.81
NSIC Rc 222,Clay Loam,Wet,Direct Seeding,25.1,78.95,84.48,259.21,6.47,6.66
NSIC Rc 222,Clay Loam,Wet,Transplanted,22.84,150.0,81.76,365.47,4.63,4.34
NSIC Rc 222,Clay Loam,Dry,Transplanted,25.62,89.72,85.17,314.07,5.45,6.76
NSIC Rc 222,Clay Loam,Dry,Transplanted,25.75,62.99,78.06,337.29,5.63,5.89
NSIC Rc 402,Clay Loam,Wet,Transplanted,25.91,79.34,84.48,361.96,5.27,7.06
NSIC Rc 222,Clay Loam,Wet,Direct Seeding,27.52,150.0,78.65,183.95,5.57,5.27
NSIC Rc 222,Clay Loam,Dry,Transplanted,27.74,101.77,83.22,212.61,4.86,6.16
NSIC Rc 222,Clay Loam,Wet,Transplanted,24.19,134.97,75.39,202.22,6.9,5.7
NSIC Rc 402,Clay Loam,Wet,Direct Seeding,24.14,71.99,81.32,320.16,5.41,5.82
NSIC Rc 402,Clay Loam,Dry,Transplanted,23.21,51.47,73.55,158.45,6.22,4.98
NSIC Rc 402,Clay Loam,Wet,Transplanted,27.04,150.0,79.57,400.0,4.83,6.0
NSIC Rc 402,Sandy Loam,Wet,Transplanted,28.69,81.87,82.04,209.76,6.1,7.24
NSIC Rc 402,Clay Loam,Wet,Transplanted,24.81,81.33,78.68,162.18,5.09,6.22
NSIC Rc 222,Clay Loam,Wet,Direct Seeding,24.97,70.09,76.82,212.88,4.42,4.47
NSIC Rc 456H,Clay Loam,Dry,Direct Seeding,28.73,29.45,83.46,217.96,5.13,5.85
NSIC Rc 402,Clay Loam,Wet,Direct Seeding,26.61,91.61,80.14,229.08,5.0,6.68
NSIC Rc 222,Clay Loam,Wet,Transplanted,26.46,53.55,78.79,232.82,5.48,5.53
NSIC Rc 456H,Clay Loam,Dry,Transplanted,22.88,90.69,80.65,360.68,7.8,8.49
NSIC Rc 456H,Sandy Loam,Dry,Direct Seeding,26.99,72.01,89.73,275.92,7.79,8.0
NSIC Rc 222,Clay Loam,Wet,Transplanted,23.46,92.57,84.54,161.48,5.17,5.34
NSIC Rc 402,Clay Loam,Wet,Transplanted,23.01,133.08,84.57,216.39,6.26,5.73
NSIC Rc 456H,Clay Loam,Dry,Transplanted,24.74,38.9,82.02,200.1,4.99,5.94
NSIC Rc 402,Clay Loam,Wet,Transplanted,24.21,56.09,81.08,250.84,4.12,4.91
NSIC Rc 222,Clay Loam,Wet,Transplanted,25.01,105.04,72.11,238.11,5.42,6.49
NSIC Rc 402,Clay Loam,Dry,Direct Seeding,22.33,35.62,78.12,400.0,5.97,4.71
NSIC Rc 402,Clay Loam,Dry,Direct Seeding,27.61,59.39,78.82,336.73,6.14,6.84
NSIC Rc 402,Clay Loam,Dry,Transplanted,27.98,35.98,73.94,302.84,6.35,6.46
NSIC Rc 402,Clay Loam,Dry,Transplanted,22.0,38.1,76.45,115.36,5.36,3.55
NSIC Rc 402,Sandy Loam,Dry,Transplanted,27.65,30.95,73.57,331.67,5.64,5.49
NSIC Rc 402,Clay Loam,Wet,Direct Seeding,23.72,91.04,80.37,128.0,6.17,6.16
NSIC Rc 402,Sandy Loam,Dry,Transplanted,27.39,33.44,83.37,206.62,6.43,5.94
NSIC Rc 222,Clay Loam,Wet,Direct Seeding,25.35,63.35,84.37,216.02,4.77,5.01
NSIC Rc 402,Sandy Loam,Wet,Transplanted,25.56,81.03,81.95,355.4,5.74,7.13
NSIC Rc 402,Clay Loam,Dry,Transplanted,25.09,40.27,77.13,170.79,6.05,5.95
NSIC Rc 456H,Sandy Loam,Dry,Transplanted,28.17,73.17,73.74,229.3,5.98,7.2
NSIC Rc 402,Sandy Loam,Wet,Direct Seeding,22.77,91.76,74.35,149.45,5.16,4.83
NSIC Rc 402,Clay Loam,Dry,Transplanted,26.84,81.49,76.06,294.1,5.59,7.5
NSIC Rc 222,Sandy Loam,Wet,Transplanted,27.92,76.28,77.39,207.37,5.77,5.55
NSIC Rc 402,Clay Loam,Wet,Transplanted,27.08,125.33,79.94,260.47,5.06,6.32
NSIC Rc 402,Clay Loam,Wet,Direct Seeding,30.61,140.61,76.95,94.46,4.75,3.94
NSIC Rc 402,Clay Loam,Dry,Direct Seeding,24.34,55.87,81.69,164.12,7.03,6.24
NSIC Rc 402,Clay Loam,Dry,Transplanted,27.61,58.02,79.69,263.35,5.72,6.69
NSIC Rc 402,Clay Loam,Wet,Direct Seeding,25.27,49.65,80.54,309.57,6.25,6.83
NSIC Rc 222,Clay Loam,Dry,Transplanted,28.21,75.46,84.49,400.0,5.55,6.41
NSIC Rc 402,Clay Loam,Wet,Transplanted,25.48,74.89,76.37,385.53,6.33,7.69
NSIC Rc 402,Clay Loam,Dry,Transplanted,24.65,66.11,81.97,196.79,5.65,5.86
NSIC Rc 402,Sandy Loam,Wet,Transplanted,28.37,59.26,80.45,258.87,6.0,6.4
NSIC Rc 222,Clay Loam,Wet,Direct Seeding,24.42,138.96,79.33,322.37,4.62,4.66
NSIC Rc 456H,Clay Loam,Dry,Direct Seeding,22.39,35.3,83.6,274.0,4.64,4.71
NSIC Rc 402,Clay Loam,Wet,Transplanted,24.36,87.65,83.58,216.76,5.26,6.84
NSIC Rc 402,Clay Loam,Wet,Transplanted,26.86,67.86,77.19,262.99,4.59,5.79
NSIC Rc 456H,Clay Loam,Dry,Direct Seeding,28.56,26.44,79.86,397.07,4.39,5.81
NSIC Rc 402,Clay Loam,Dry,Direct Seeding,25.74,66.16,81.48,241.97,5.8,6.31
NSIC Rc 222,Clay Loam,Wet,Transplanted,28.4,138.63,79.54,296.33,4.16,5.51
NSIC Rc 402,Sandy Loam,Wet,Direct Seeding,22.51,135.94,82.55,269.3,6.26,5.44
NSIC Rc 402,Clay Loam,Wet,Transplanted,24.52,75.61,81.48,193.04,6.6,6.6
NSIC Rc 402,Clay Loam,Wet,Transplanted,24.87,48.35,86.91,354.61,4.58,5.3
NSIC Rc 402,Clay Loam,Wet,Direct Seeding,25.25,109.96,75.14,244.49,5.79,6.99
NSIC Rc 222,Clay Loam,Dry,Transplanted,25.69,30.84,80.07,215.85,6.7,5.82
NSIC Rc 402,Clay Loam,Dry,Transplanted,27.02,107.83,77.32,268.19,5.26,7.27
NSIC Rc 402,Clay Loam,Wet,Transplanted,24.52,54.89,82.61,370.14,6.02,6.61
NSIC Rc 402,Clay Loam,Wet,Direct Seeding,25.81,87.35,74.84,262.04,7.27,8.49
NSIC Rc 402,Clay Loam,Wet,Direct Seeding,25.4,53.19,81.71,260.28,4.42,5.44
NSIC Rc 402,Sandy Loam,Wet,Transplanted,23.46,62.69,78.29,292.88,4.88,4.61
NSIC Rc 456H,Sandy Loam,Dry,Transplanted,25.25,28.92,77.93,318.39,6.27,6.56
NSIC Rc 402,Clay Loam,Wet,Transplanted,25.18,75.13,75.44,224.12,7.11,7.73
NSIC Rc 402,Clay Loam,Wet,Transplanted,25.14,144.25,78.87,234.21,5.09,6.2
NSIC Rc 222,Clay Loam,Dry,Transplanted,25.57,47.44,84.3,218.21,7.11,6.83
NSIC Rc 222,Clay Loam,Wet,Direct Seeding,25.67,118.12,80.41,291.92,5.49,6.74
NSIC Rc 402,Clay Loam,Dry,Transplanted,24.55,42.84,82.7,244.41,4.22,4.21
NSIC Rc 222,Clay Loam,Wet,Transplanted,28.3,70.99,86.33,248.86,6.51,6.88
NSIC Rc 222,Clay Loam,Dry,Transplanted,22.93,126.6,81.42,251.82,5.08,4.88
NSIC Rc 402,Clay Loam,Dry,Transplanted,23.91,38.19,78.54,156.31,5.91,4.78
NSIC Rc 222,Clay Loam,Dry,Direct Seeding,31.0,38.91,82.14,308.31,4.24,3.55
NSIC Rc 456H,Sandy Loam,Dry,Transplanted,23.22,77.87,78.59,221.56,5.35,5.6
NSIC Rc 222,Sandy Loam,Wet,Transplanted,22.52,128.07,78.73,245.45,4.35,3.49
NSIC Rc 402,Clay Loam,Wet,Transplanted,27.12,44.65,75.18,208.0,4.47,4.94
NSIC Rc 402,Clay Loam,Dry,Transplanted,22.0,71.98,83.74,170.63,5.66,5.07
NSIC Rc 456H,Sandy Loam,Dry,Transplanted,24.98,54.3,79.15,261.25,6.27,6.96
NSIC Rc 222,Clay Loam,Wet,Transplanted,30.22,81.91,81.14,285.65,5.02,6.02
NSIC Rc 402,Clay Loam,Wet,Transplanted,22.1,65.98,76.87,400.0,4.59,4.77
NSIC Rc 456H,Clay Loam,Wet,Transplanted,22.0,56.27,82.03,201.91,4.98,5.51
NSIC Rc 456H,Clay Loam,Wet,Transplanted,22.2,150.0,77.83,326.76,6.13,6.7
NSIC Rc 456H,Clay Loam,Wet,Transplanted,27.48,67.01,80.0,219.98,5.95,7.92
NSIC Rc 402,Sandy Loam,Dry,Direct Seeding,27.97,49.32,83.57,337.37,5.86,5.34
NSIC Rc 222,Sandy Loam,Wet,Transplanted,24.37,50.66,83.27,302.0,6.49,5.73
NSIC Rc 402,Clay Loam,Wet,Transplanted,27.0,135.42,80.42,202.93,6.0,6.85
NSIC Rc 456H,Clay Loam,Dry,Transplanted,28.56,56.0,74.31,165.83,6.16,7.47
NSIC Rc 402,Sandy Loam,Dry,Transplanted,29.43,45.17,90.0,148.9,7.25,5.43
NSIC Rc 402,Clay Loam,Dry,Direct Seeding,24.96,51.66,86.61,349.82,5.4,5.6
NSIC Rc 402,Sandy Loam,Dry,Transplanted,22.0,37.62,83.03,180.41,7.26,4.7
NSIC Rc 456H,Clay Loam,Wet,Direct Seeding,23.69,102.4,77.86,140.94,6.87,7.82
NSIC Rc 222,Clay Loam,Dry,Transplanted,24.56,98.49,80.1,346.95,5.19,5.95
NSIC Rc 402,Clay Loam,Wet,Transplanted,24.93,114.84,78.6,249.84,6.16,7.61
NSIC Rc 402,Clay Loam,Wet,Direct Seeding,25.09,49.07,84.92,225.29,5.44,5.78
NSIC Rc 402,Clay Loam,Dry,Transplanted,27.96,54.72,81.42,318.1,4.59,5.68
NSIC Rc 402,Clay Loam,Dry,Transplanted,28.3,32.18,77.76,220.42,5.59,5.96
NSIC Rc 222,Clay Loam,Wet,Transplanted,25.12,74.96,78.85,307.21,4.37,5.51
NSIC Rc 402,Clay Loam,Wet,Direct Seeding,27.92,69.58,84.42,203.0,5.76,6.65
NSIC Rc 402,Clay Loam,Wet,Transplanted,26.29,109.93,86.1,394.81,6.15,8.04
NSIC Rc 402,Sandy Loam,Wet,Direct Seeding,25.64,150.0,85.85,192.42,5.44,5.2
NSIC Rc 222,Sandy Loam,Wet,Transplanted,27.49,46.56,83.15,308.84,5.56,5.73
NSIC Rc 402,Clay Loam,Dry,Direct Seeding,25.66,60.51,79.62,367.27,5.74,6.41
NSIC Rc 402,Sandy Loam,Wet,Transplanted,30.03,112.09,70.0,87.16,6.18,5.24
NSIC Rc 222,Clay Loam,Dry,Direct Seeding,22.34,50.35,81.54,297.82,5.46,4.18
NSIC Rc 402,Clay Loam,Dry,Transplanted,24.37,49.43,80.49,193.66,5.37,5.13
NSIC Rc 222,Sandy Loam,Dry,Direct Seeding,25.22,90.4,80.99,317.4,5.96,6.1
NSIC Rc 222,Clay Loam,Dry,Transplanted,26.47,36.18,80.69,269.54,5.51,5.79
NSIC Rc 456H,Clay Loam,Wet,Transplanted,28.29,77.59,75.86,294.25,4.38,6.89
NSIC Rc 402,Sandy Loam,Wet,Transplanted,25.45,68.37,82.45,243.39,5.35,5.62
NSIC Rc 456H,Clay Loam,Dry,Transplanted,22.37,55.31,82.71,376.38,5.51,6.0
NSIC Rc 402,Sandy Loam,Dry,Transplanted,27.35,52.25,82.89,151.0,5.7,5.28
NSIC Rc 402,Sandy Loam,Dry,Direct Seeding,27.16,50.91,83.81,361.08,5.62,5.45
NSIC Rc 456H,Clay Loam,Wet,Direct Seeding,22.0,36.68,82.61,204.12,4.51,4.37
NSIC Rc 402,Sandy Loam,Dry,Transplanted,25.49,52.22,79.06,125.72,4.55,4.13
NSIC Rc 402,Clay Loam,Wet,Direct Seeding,22.0,96.89,80.25,253.32,4.93,5.61
NSIC Rc 402,Clay Loam,Dry,Transplanted,24.04,56.07,80.82,196.08,5.64,5.61
NSIC Rc 402,Clay Loam,Dry,Transplanted,23.51,35.99,80.88,290.21,6.34,5.63
NSIC Rc 456H,Sandy Loam,Wet,Direct Seeding,27.28,81.23,83.99,300.41,4.75,7.56
NSIC Rc 456H,Clay Loam,Dry,Transplanted,25.76,52.59,82.75,235.41,5.4,7.08
NSIC Rc 456H,Clay Loam,Wet,Direct Seeding,22.67,97.5,87.77,295.08,5.84,7.14
NSIC Rc 222,Clay Loam,Wet,Transplanted,27.44,104.73,88.22,275.41,4.75,6.08
NSIC Rc 402,Clay Loam,Wet,Transplanted,22.35,104.71,80.78,251.69,5.65,6.45
NSIC Rc 456H,Clay Loam,Dry,Transplanted,26.23,67.91,70.0,232.76,6.32,7.77
NSIC Rc 222,Clay Loam,Dry,Transplanted,23.71,110.95,84.83,208.74,4.87,5.57
NSIC Rc 222,Clay Loam,Dry,Transplanted,24.7,70.47,78.61,400.0,5.63,5.37
NSIC Rc 402,Clay Loam,Wet,Direct Seeding,26.61,91.18,77.69,247.54,5.51,7.24
NSIC Rc 402,Sandy Loam,Dry,Direct Seeding,26.65,66.32,79.11,279.98,4.79,5.0
NSIC Rc 456H,Clay Loam,Dry,Direct Seeding,28.44,73.56,78.94,312.06,5.77,7.73
NSIC Rc 222,Clay Loam,Wet,Transplanted,25.32,150.0,82.64,225.96,5.72,5.92
NSIC Rc 456H,Sandy Loam,Dry,Transplanted,26.17,62.69,75.04,287.14,6.86,7.1
NSIC Rc 402,Clay Loam,Wet,Transplanted,24.54,99.11,76.73,400.0,6.74,8.14
NSIC Rc 222,Sandy Loam,Dry,Transplanted,25.9,34.5,81.7,192.25,5.0,3.65
NSIC Rc 222,Clay Loam,Wet,Transplanted,26.47,70.1,82.68,400.0,4.96,6.1
NSIC Rc 456H,Sandy Loam,Wet,Direct Seeding,25.28,102.38,82.75,320.25,5.9,8.4
NSIC Rc 402,Clay Loam,Wet,Transplanted,22.0,141.31,77.75,203.21,5.21,5.15
NSIC Rc 402,Clay Loam,Dry,Transplanted,26.23,42.55,77.08,188.36,6.44,6.43
NSIC Rc 402,Clay Loam,Wet,Transplanted,26.3,147.46,78.73,400.0,5.66,6.6
NSIC Rc 456H,Sandy Loam,Wet,Transplanted,24.0,61.91,81.34,351.61,5.91,6.79
NSIC Rc 402,Clay Loam,Dry,Transplanted,22.67,51.83,85.7,237.97,6.04,5.5
NSIC Rc 456H,Clay Loam,Dry,Direct Seeding,28.75,43.03,73.33,211.69,5.98,6.55
NSIC Rc 402,Clay Loam,Wet,Transplanted,26.58,96.42,79.73,203.5,5.81,7.44
NSIC Rc 402,Clay Loam,Wet,Direct Seeding,25.0,52.62,75.84,233.94,5.78,5.61
NSIC Rc 402,Clay Loam,Wet,Transplanted,23.0,68.93,74.72,241.63,5.49,5.73
NSIC Rc 402,Clay Loam,Wet,Transplanted,23.69,83.14,83.88,264.65,4.96,6.29
NSIC Rc 402,Sandy Loam,Dry,Transplanted,28.37,40.27,82.41,178.85,6.82,5.98
NSIC Rc 402,Clay Loam,Dry,Direct Seeding,25.8,85.33,82.07,200.54,4.96,6.65
NSIC Rc 402,Clay Loam,Dry,Direct Seeding,24.29,49.1,83.72,229.85,6.75,5.89
NSIC Rc 456H,Clay Loam,Wet,Transplanted,26.62,92.93,78.82,400.0,6.11,9.0
NSIC Rc 402,Clay Loam,Dry,Transplanted,23.71,44.7,78.99,274.76,5.17,5.32
NSIC Rc 402,Clay Loam,Dry,Transplanted,28.8,54.24,88.15,157.35,5.98,6.05
NSIC Rc 456H,Clay Loam,Dry,Transplanted,28.48,43.05,79.64,181.8,6.42,7.29
NSIC Rc 402,Clay Loam,Dry,Direct Seeding,24.47,34.81,83.07,400.0,6.8,6.16
NSIC Rc 222,Clay Loam,Dry,Transplanted,24.12,37.68,80.52,377.57,4.48,4.14
NSIC Rc 456H,Clay Loam,Dry,Transplanted,22.0,63.83,74.03,219.5,5.77,6.12
NSIC Rc 402,Sandy Loam,Wet,Transplanted,22.24,150.0,73.34,297.17,6.56,5.67
NSIC Rc 402,Sandy Loam,Dry,Transplanted,22.55,41.18,78.47,284.99,6.12,4.9
NSIC Rc 222,Clay Loam,Wet,Transplanted,25.8,150.0,84.2,250.27,5.74,5.95
NSIC Rc 456H,Sandy Loam,Dry,Transplanted,24.78,57.39,83.26,189.13,6.91,6.7
NSIC Rc 402,Clay Loam,Wet,Direct Seeding,22.54,113.13,83.7,136.73,5.47,5.41
NSIC Rc 402,Clay Loam,Dry,Direct Seeding,24.88,62.71,77.05,337.82,3.91,4.89
NSIC Rc 456H,Clay Loam,Dry,Transplanted,26.61,39.68,86.16,287.33,5.62,6.71
NSIC Rc 456H,Clay Loam,Wet,Direct Seeding,26.66,64.93,77.12,190.15,7.28,7.89
NSIC Rc 222,Clay Loam,Wet,Transplanted,22.0,57.98,81.24,371.36,5.61,4.99
NSIC Rc 402,Clay Loam,Dry,Transplanted,25.22,55.23,80.46,400.0,5.0,6.08
NSIC Rc 402,Clay Loam,Dry,Transplanted,22.46,93.76,79.89,271.51,6.53,7.25
NSIC Rc 402,Clay Loam,Wet,Transplanted,27.48,90.98,85.19,247.05,6.18,7.48
NSIC Rc 222,Clay Loam,Wet,Transplanted,27.23,58.94,78.03,148.12,5.5,5.47
NSIC Rc 402,Clay Loam,Dry,Transplanted,23.52,51.6,75.78,234.96,6.0,5.52
NSIC Rc 456H,Clay Loam,Wet,Transplanted,23.81,44.39,80.57,173.61,5.16,5.85
NSIC Rc 456H,Clay Loam,Wet,Direct Seeding,24.49,58.52,79.1,239.5,5.62,6.42
NSIC Rc 402,Sandy Loam,Wet,Transplanted,22.0,142.09,90.0,356.45,5.55,4.5
NSIC Rc 456H,Sandy Loam,Wet,Transplanted,26.24,67.61,82.87,311.42,6.64,8.0
NSIC Rc 222,Clay Loam,Wet,Transplanted,24.9,133.77,79.07,400.0,5.02,5.84
NSIC Rc 456H,Sandy Loam,Wet,Transplanted,27.63,80.97,76.8,375.32,5.85,8.13
NSIC Rc 222,Clay Loam,Wet,Transplanted,23.08,113.47,73.92,228.2,6.41,6.49
NSIC Rc 402,Clay Loam,Wet,Direct Seeding,24.14,53.42,76.91,160.47,7.36,6.58
NSIC Rc 456H,Clay Loam,Wet,Transplanted,22.19,105.7,80.9,224.93,5.26,7.07
NSIC Rc 222,Clay Loam,Wet,Transplanted,23.29,37.97,85.5,271.92,5.5,4.87
NSIC Rc 402,Sandy Loam,Wet,Transplanted,22.9,70.09,84.43,381.53,4.54,4.52
NSIC Rc 402,Clay Loam,Dry,Transplanted,27.69,39.35,81.3,333.25,5.58,5.97
NSIC Rc 402,Clay Loam,Wet,Transplanted,23.96,85.36,79.37,140.97,5.39,6.51
NSIC Rc 402,Clay Loam,Wet,Transplanted,25.77,57.48,81.44,268.95,6.47,7.32
NSIC Rc 402,Clay Loam,Wet,Transplanted,24.66,139.92,78.68,355.22,4.77,5.56
NSIC Rc 402,Sandy Loam,Wet,Transplanted,22.71,150.0,86.51,391.63,4.68,4.23
NSIC Rc 402,Clay Loam,Dry,Transplanted,25.13,58.97,79.84,365.45,6.66,7.31
NSIC Rc 402,Clay Loam,Dry,Direct Seeding,26.82,43.25,80.2,197.07,5.15,5.21
NSIC Rc 222,Clay Loam,Dry,Transplanted,22.84,45.9,72.74,200.42,5.54,4.12
NSIC Rc 456H,Clay Loam,Dry,Direct Seeding,27.28,46.14,79.82,400.0,6.08,7.42
NSIC Rc 402,Clay Loam,Dry,Direct Seeding,23.63,135.37,83.43,214.37,5.04,5.0
NSIC Rc 402,Clay Loam,Wet,Transplanted,24.44,39.11,76.76,400.0,5.04,5.91
NSIC Rc 402,Clay Loam,Wet,Transplanted,26.67,111.25,77.87,182.42,6.38,8.13
NSIC Rc 456H,Clay Loam,Wet,Transplanted,24.04,62.05,83.27,239.41,6.35,7.25
NSIC Rc 222,Sandy Loam,Wet,Transplanted,25.58,69.68,75.33,123.45,5.39,5.04
NSIC Rc 402,Sandy Loam,Wet,Transplanted,24.81,45.95,84.2,233.61,5.5,5.2
NSIC Rc 402,Clay Loam,Dry,Direct Seeding,25.78,72.47,78.64,187.86,5.81,6.76
NSIC Rc 402,Clay Loam,Wet,Direct Seeding,22.0,52.76,79.14,312.22,5.86,5.08
NSIC Rc 222,Clay Loam,Dry,Transplanted,22.0,44.32,76.57,311.29,6.28,4.92
NSIC Rc 456H,Clay Loam,Dry,Transplanted,26.86,36.14,81.82,291.07,5.86,6.85
NSIC Rc 456H,Clay Loam,Wet,Transplanted,27.78,150.0,89.11,190.91,6.18,7.17
NSIC Rc 402,Clay Loam,Wet,Direct Seeding,23.5,55.07,83.24,375.96,6.1,5.8
NSIC Rc 402,Clay Loam,Wet,Transplanted,24.96,128.38,77.48,253.97,6.11,7.06
NSIC Rc 456H,Clay Loam,Wet,Transplanted,26.15,89.62,84.47,321.44,6.89,9.0
NSIC Rc 402,Clay Loam,Wet,Direct Seeding,27.03,150.0,79.39,366.21,5.58,5.78
NSIC Rc 222,Clay Loam,Wet,Transplanted,22.0,81.53,85.31,264.01,5.0,5.36
NSIC Rc 402,Clay Loam,Wet,Direct Seeding,23.55,40.08,83.32,155.48,5.34,4.2
NSIC Rc 402,Clay Loam,Wet,Transplanted,24.77,78.49,70.2,274.77,6.04,6.56
NSIC Rc 402,Clay Loam,Dry,Transplanted,27.05,82.0,76.99,234.61,5.52,7.53
NSIC Rc 402,Clay Loam,Dry,Direct Seeding,31.0,43.28,83.81,184.71,7.19,5.3
NSIC Rc 456H,Clay Loam,Dry,Transplanted,25.0,36.74,81.03,400.0,5.88,6.45
NSIC Rc 456H,Clay Loam,Wet,Transplanted,22.4,79.81,76.92,225.74,5.2,5.88
NSIC Rc 402,Clay Loam,Wet,Transplanted,26.38,126.33,78.28,304.63,5.82,7.05
NSIC Rc 222,Clay Loam,Dry,Transplanted,28.41,37.79,73.83,143.94,6.48,5.03
NSIC Rc 456H,Sandy Loam,Wet,Transplanted,25.74,150.0,80.19,330.68,5.3,6.23
NSIC Rc 456H,Clay Loam,Wet,Transplanted,23.51,126.26,88.24,274.81,5.28,6.48
NSIC Rc 222,Clay Loam,Dry,Transplanted,27.61,55.96,83.32,217.23,5.27,5.48
NSIC Rc 456H,Clay Loam,Dry,Transplanted,26.96,36.95,88.17,150.2,5.42,5.77
NSIC Rc 456H,Clay Loam,Wet,Direct Seeding,23.24,123.36,83.59,289.91,4.93,6.19
NSIC Rc 402,Clay Loam,Wet,Direct Seeding,26.34,150.0,84.1,226.42,4.51,5.33
NSIC Rc 402,Clay Loam,Wet,Transplanted,27.69,44.46,87.41,400.0,5.76,6.61
NSIC Rc 402,Clay Loam,Wet,Transplanted,28.1,73.62,81.82,198.67,6.09,6.78
NSIC Rc 222,Sandy Loam,Wet,Transplanted,25.35,99.82,79.84,124.46,4.91,5.65
NSIC Rc 402,Clay Loam,Wet,Transplanted,24.71,86.97,84.11,168.0,5.54,6.44
NSIC Rc 456H,Clay Loam,Wet,Direct Seeding,28.2,61.21,85.59,365.21,6.0,7.41
NSIC Rc 222,Sandy Loam,Dry,Direct Seeding,22.84,35.81,78.82,334.48,4.63,3.0
NSIC Rc 402,Clay Loam,Dry,Transplanted,26.46,47.91,77.97,400.0,6.19,6.79
NSIC Rc 402,Sandy Loam,Dry,Transplanted,22.49,46.15,80.99,235.91,5.74,4.59
NSIC Rc 402,Clay Loam,Wet,Transplanted,27.84,75.19,83.41,318.98,5.96,7.21
NSIC Rc 456H,Sandy Loam,Wet,Transplanted,24.93,67.86,83.29,270.19,6.35,6.82
NSIC Rc 402,Clay Loam,Wet,Transplanted,28.29,122.01,75.52,203.61,7.29,7.62
NSIC Rc 402,Clay Loam,Wet,Direct Seeding,26.58,74.56,87.19,253.36,4.88,6.38
NSIC Rc 402,Clay Loam,Wet,Direct Seeding,22.81,85.79,78.26,221.01,4.97,5.62
NSIC Rc 402,Clay Loam,Dry,Transplanted,28.63,39.81,79.57,400.0,6.77,6.97
NSIC Rc 402,Clay Loam,Dry,Transplanted,28.91,87.12,77.34,203.13,6.05,7.92
NSIC Rc 402,Clay Loam,Wet,Direct Seeding,27.44,85.8,89.94,400.0,5.64,7.22
NSIC Rc 222,Clay Loam,Wet,Transplanted,23.82,65.64,81.35,198.81,5.07,4.83
NSIC Rc 222,Clay Loam,Dry,Transplanted,24.83,45.11,77.52,221.07,5.24,4.5
NSIC Rc 402,Clay Loam,Wet,Transplanted,25.82,61.93,83.52,257.6,5.44,6.24
NSIC Rc 402,Clay Loam,Wet,Direct Seeding,23.95,92.93,83.19,195.84,4.55,6.04
NSIC Rc 456H,Sandy Loam,Wet,Transplanted,29.22,68.95,79.84,256.81,6.55,7.6
NSIC Rc 402,Clay Loam,Dry,Transplanted,25.82,54.74,83.44,268.97,4.19,5.56
NSIC Rc 402,Sandy Loam,Dry,Direct Seeding,22.0,27.16,77.61,392.13,5.0,3.53
NSIC Rc 402,Clay Loam,Wet,Direct Seeding,26.25,150.0,78.77,123.88,5.29,5.35
NSIC Rc 222,Clay Loam,Dry,Direct Seeding,24.73,38.27,73.46,199.41,6.9,5.11
NSIC Rc 402,Clay Loam,Dry,Transplanted,25.34,104.36,75.87,400.0,5.52,7.6
NSIC Rc 222,Clay Loam,Wet,Transplanted,24.69,74.56,86.83,219.46,5.62,5.56
NSIC Rc 456H,Clay Loam,Wet,Direct Seeding,27.28,66.26,86.25,219.44,5.26,6.24
NSIC Rc 222,Clay Loam,Wet,Direct Seeding,27.96,65.08,80.73,195.16,6.01,6.15
NSIC Rc 402,Clay Loam,Dry,Transplanted,26.12,45.7,86.32,316.46,7.66,7.74
NSIC Rc 222,Sandy Loam,Wet,Transplanted,24.75,75.45,79.94,146.69,5.74,4.55
NSIC Rc 456H,Clay Loam,Dry,Direct Seeding,25.41,62.07,79.65,284.9,5.64,6.95
NSIC Rc 402,Clay Loam,Wet,Direct Seeding,25.54,62.67,80.7,400.0,4.17,5.78
NSIC Rc 402,Clay Loam,Dry,Transplanted,23.73,25.73,80.06,135.59,6.08,4.65
NSIC Rc 222,Clay Loam,Wet,Transplanted,26.77,65.1,79.75,317.78,4.71,5.27
NSIC Rc 402,Clay Loam,Dry,Transplanted,26.51,118.72,84.5,164.96,5.06,6.35
NSIC Rc 402,Clay Loam,Dry,Transplanted,28.89,45.35,81.03,291.03,6.24,7.04
NSIC Rc 456H,Clay Loam,Dry,Transplanted,28.26,55.98,82.99,282.24,5.54,7.15
NSIC Rc 402,Clay Loam,Dry,Transplanted,23.99,27.92,84.11,325.79,5.53,5.36
NSIC Rc 222,Clay Loam,Wet,Transplanted,27.3,74.43,81.86,209.9,5.92,6.81
NSIC Rc 222,Sandy Loam,Dry,Transplanted,23.41,34.99,77.1,213.59,4.91,3.14
NSIC Rc 402,Sandy Loam,Wet,Transplanted,27.03,58.18,75.76,329.03,4.69,5.54
NSIC Rc 402,Clay Loam,Wet,Direct Seeding,24.36,113.87,81.02,209.26,5.92,6.34
NSIC Rc 222,Clay Loam,Wet,Transplanted,23.25,59.4,79.9,343.17,5.93,5.36
NSIC Rc 456H,Clay Loam,Wet,Transplanted,26.12,60.49,80.81,114.07,5.47,6.57
NSIC Rc 402,Sandy Loam,Wet,Direct Seeding,22.0,129.64,80.44,276.04,5.15,4.32
NSIC Rc 402,Clay Loam,Dry,Transplanted,22.0,49.14,89.54,335.08,4.82,4.39
NSIC Rc 402,Clay Loam,Wet,Direct Seeding,25.11,83.71,75.84,236.05,6.09,7.79
NSIC Rc 402,Clay Loam,Dry,Direct Seeding,25.68,130.87,73.54,398.31,6.94,7.5
NSIC Rc 402,Clay Loam,Wet,Transplanted,24.69,82.34,81.66,212.37,6.24,7.48
NSIC Rc 222,Clay Loam,Wet,Direct Seeding,22.03,150.0,79.18,272.27,5.34,4.21
NSIC Rc 222,Clay Loam,Wet,Transplanted,23.7,61.98,81.61,356.0,5.9,5.55
NSIC Rc 456H,Clay Loam,Dry,Transplanted,26.36,41.65,82.54,170.81,5.29,6.04
NSIC Rc 456H,Clay Loam,Dry,Transplanted,26.78,109.53,84.99,367.46,6.13,9.0
NSIC Rc 402,Clay Loam,Dry,Transplanted,25.46,67.31,75.22,283.69,4.83,6.24
NSIC Rc 402,Clay Loam,Dry,Direct Seeding,28.05,76.6,78.55,192.4,5.51,5.95
NSIC Rc 402,Clay Loam,Wet,Transplanted,26.37,39.44,82.0,249.38,6.35,6.7
NSIC Rc 402,Clay Loam,Wet,Transplanted,23.86,48.33,83.2,186.97,6.16,5.44
NSIC Rc 222,Sandy Loam,Dry,Transplanted,24.88,54.15,88.18,308.76,5.8,4.71
NSIC Rc 222,Clay Loam,Wet,Transplanted,22.41,68.3,83.84,229.47,5.69,5.14
NSIC Rc 402,Clay Loam,Wet,Transplanted,25.26,93.59,80.3,219.79,5.08,7.17
NSIC Rc 402,Clay Loam,Wet,Transplanted,27.95,58.82,77.38,312.24,5.69,6.78
NSIC Rc 222,Clay Loam,Dry,Direct Seeding,27.01,90.23,78.52,234.23,5.95,6.53
NSIC Rc 402,Clay Loam,Dry,Transplanted,28.58,30.13,78.43,253.79,5.42,5.43
NSIC Rc 402,Clay Loam,Wet,Direct Seeding,24.83,103.52,82.79,94.73,5.45,5.83
NSIC Rc 402,Sandy Loam,Wet,Transplanted,28.46,83.08,81.4,247.52,5.26,7.11
NSIC Rc 222,Clay Loam,Dry,Direct Seeding,25.07,41.69,75.87,122.57,5.2,4.25
NSIC Rc 222,Clay Loam,Dry,Direct Seeding,28.74,46.58,78.97,154.78,4.86,4.24
NSIC Rc 456H,Clay Loam,Wet,Transplanted,25.45,62.59,83.57,200.3,5.89,7.72
NSIC Rc 222,Clay Loam,Dry,Transplanted,27.06,59.56,81.73,205.09,5.18,5.18
NSIC Rc 402,Clay Loam,Wet,Direct Seeding,28.75,66.81,82.49,119.16,4.56,5.13
NSIC Rc 402,Clay Loam,Wet,Transplanted,25.07,81.19,81.84,253.65,7.41,8.73
NSIC Rc 222,Clay Loam,Dry,Direct Seeding,25.98,36.11,86.19,240.53,4.67,4.21
NSIC Rc 402,Clay Loam,Dry,Transplanted,28.34,44.26,81.33,263.78,5.5,5.96
NSIC Rc 402,Clay Loam,Wet,Transplanted,25.21,62.35,79.15,224.66,5.64,6.55
NSIC Rc 456H,Clay Loam,Dry,Transplanted,22.59,52.76,77.29,400.0,5.5,6.26
NSIC Rc 456H,Clay Loam,Dry,Direct Seeding,30.21,42.39,81.37,298.85,5.81,5.73
NSIC Rc 402,Clay Loam,Dry,Transplanted,24.47,31.51,71.96,400.0,5.02,4.8
NSIC Rc 402,Sandy Loam,Dry,Direct Seeding,25.85,53.68,79.85,170.54,6.1,5.4
NSIC Rc 402,Clay Loam,Dry,Direct Seeding,28.04,87.17,79.78,222.48,5.58,7.1
NSIC Rc 402,Clay Loam,Wet,Transplanted,24.16,47.92,75.72,206.33,6.1,5.5
NSIC Rc 456H,Clay Loam,Wet,Transplanted,23.28,150.0,77.25,143.74,6.9,6.51
NSIC Rc 222,Clay Loam,Wet,Direct Seeding,26.06,75.16,83.33,236.3,5.2,5.33
NSIC Rc 222,Clay Loam,Wet,Transplanted,22.0,60.45,81.31,116.97,5.94,4.0
NSIC Rc 402,Clay Loam,Dry,Direct Seeding,24.87,47.15,80.86,307.55,6.67,6.16
NSIC Rc 222,Sandy Loam,Wet,Transplanted,26.04,70.53,81.57,379.14,5.31,5.75
NSIC Rc 222,Clay Loam,Wet,Transplanted,24.91,150.0,80.82,231.54,5.88,5.1
NSIC Rc 402,Clay Loam,Wet,Direct Seeding,22.1,93.81,84.85,262.88,5.27,5.96
NSIC Rc 402,Clay Loam,Wet,Transplanted,29.01,53.56,80.93,380.51,6.43,6.72
NSIC Rc 456H,Sandy Loam,Wet,Transplanted,25.73,113.58,75.4,181.03,5.52,7.36
NSIC Rc 456H,Clay Loam,Dry,Transplanted,28.65,62.27,86.21,143.24,6.36,7.37
NSIC Rc 402,Clay Loam,Wet,Transplanted,24.93,34.48,81.8,116.06,6.29,5.6
NSIC Rc 402,Clay Loam,Dry,Transplanted,23.56,45.74,78.44,187.5,4.77,4.29
NSIC Rc 402,Clay Loam,Dry,Direct Seeding,26.09,62.26,76.11,198.05,5.13,5.45
NSIC Rc 402,Clay Loam,Wet,Transplanted,25.03,72.37,81.89,315.89,5.1,6.53
NSIC Rc 402,Clay Loam,Wet,Transplanted,22.91,63.73,80.09,157.22,6.35,5.56
NSIC Rc 402,Clay Loam,Wet,Transplanted,28.73,118.92,86.01,141.39,4.77,6.07
NSIC Rc 402,Clay Loam,Dry,Transplanted,24.13,74.61,79.29,336.03,5.82,6.32
NSIC Rc 402,Clay Loam,Dry,Transplanted,22.0,51.3,77.57,202.52,6.1,4.94
NSIC Rc 402,Clay Loam,Wet,Direct Seeding,28.42,63.05,83.64,263.6,5.71,6.48
NSIC Rc 402,Clay Loam,Wet,Direct Seeding,24.39,78.78,83.74,322.91,6.48,7.21
NSIC Rc 456H,Sandy Loam,Dry,Transplanted,24.16,65.84,81.09,400.0,4.53,5.48
NSIC Rc 456H,Sandy Loam,Wet,Transplanted,22.0,89.23,82.87,285.84,6.3,6.89
NSIC Rc 222,Clay Loam,Wet,Transplanted,29.33,61.04,80.37,195.25,5.27,5.05
NSIC Rc 456H,Sandy Loam,Dry,Transplanted,22.66,68.71,81.32,333.62,4.82,5.29
NSIC Rc 402,Clay Loam,Dry,Transplanted,25.63,34.74,84.58,177.41,4.84,5.0
NSIC Rc 456H,Clay Loam,Dry,Transplanted,27.51,70.28,82.69,378.76,6.97,8.42
NSIC Rc 456H,Clay Loam,Dry,Transplanted,26.43,106.33,79.91,190.81,6.32,8.08
NSIC Rc 402,Clay Loam,Dry,Transplanted,25.37,44.26,85.23,166.74,6.15,6.21
NSIC Rc 222,Clay Loam,Wet,Transplanted,22.0,55.78,72.22,252.3,6.07,4.67
NSIC Rc 402,Clay Loam,Dry,Direct Seeding,23.72,52.51,87.68,282.76,4.64,4.77
NSIC Rc 402,Clay Loam,Dry,Transplanted,25.91,59.97,74.53,169.15,5.76,6.03
NSIC Rc 402,Clay Loam,Dry,Transplanted,23.77,72.03,78.31,200.63,6.36,6.09
NSIC Rc 402,Clay Loam,Wet,Transplanted,25.95,95.96,80.36,294.23,5.31,7.37
NSIC Rc 222,Clay Loam,Wet,Transplanted,27.0,70.56,79.99,266.23,6.35,6.84
NSIC Rc 456H,Clay Loam,Wet,Direct Seeding,27.62,106.44,84.02,288.25,5.44,7.87
NSIC Rc 456H,Clay Loam,Wet,Transplanted,22.8,126.87,76.8,381.53,5.96,6.9
NSIC Rc 402,Sandy Loam,Wet,Transplanted,30.33,91.67,81.41,276.47,5.87,6.57
NSIC Rc 222,Sandy Loam,Dry,Transplanted,27.19,92.05,78.48,400.0,5.93,6.45
NSIC Rc 402,Clay Loam,Dry,Direct Seeding,25.5,61.27,81.53,340.85,5.39,6.24
NSIC Rc 222,Sandy Loam,Wet,Transplanted,27.9,65.1,80.27,202.24,6.11,5.89
NSIC Rc 456H,Clay Loam,Dry,Transplanted,30.7,55.72,80.83,388.3,6.17,6.94
NSIC Rc 222,Sandy Loam,Wet,Transplanted,22.33,97.04,78.58,272.36,4.25,4.39
NSIC Rc 402,Clay Loam,Wet,Transplanted,25.0,140.18,78.71,365.23,6.88,7.3
NSIC Rc 402,Clay Loam,Wet,Transplanted,22.0,51.35,81.51,290.25,4.92,4.46
NSIC Rc 402,Clay Loam,Wet,Transplanted,25.92,101.71,83.8,400.0,6.94,8.43
NSIC Rc 402,Clay Loam,Wet,Transplanted,26.3,134.68,78.41,166.87,5.48,6.18
NSIC Rc 456H,Clay Loam,Wet,Direct Seeding,25.41,76.74,77.46,230.14,5.63,7.38
NSIC Rc 402,Clay Loam,Wet,Transplanted,24.06,82.14,82.65,309.7,5.87,6.95
NSIC Rc 222,Clay Loam,Dry,Transplanted,22.0,43.86,80.39,261.79,4.91,3.72
NSIC Rc 222,Clay Loam,Wet,Transplanted,26.32,79.4,83.41,177.96,4.08,5.2
NSIC Rc 456H,Clay Loam,Dry,Direct Seeding,28.7,52.88,77.33,400.0,5.8,6.87
NSIC Rc 456H,Sandy Loam,Dry,Transplanted,24.2,38.02,74.27,241.93,6.14,5.64
NSIC Rc 402,Clay Loam,Dry,Direct Seeding,26.47,90.84,78.63,351.76,6.67,8.26
NSIC Rc 402,Clay Loam,Dry,Transplanted,22.05,31.15,77.82,300.71,4.76,3.84
NSIC Rc 402,Clay Loam,Wet,Transplanted,26.51,43.69,80.22,328.95,6.0,6.76
NSIC Rc 222,Clay Loam,Wet,Transplanted,24.63,117.38,78.27,163.15,5.33,6.2
NSIC Rc 456H,Clay Loam,Dry,Transplanted,23.82,50.53,83.09,245.52,5.9,6.17
NSIC Rc 402,Sandy Loam,Wet,Direct Seeding,23.83,88.87,79.49,332.05,6.27,6.31
NSIC Rc 402,Clay Loam,Dry,Direct Seeding,24.63,69.19,81.03,350.85,5.23,5.62
NSIC Rc 402,Clay Loam,Dry,Transplanted,26.34,47.23,81.05,339.14,5.71,6.38
NSIC Rc 222,Sandy Loam,Dry,Transplanted,22.61,62.78,81.18,191.32,6.16,4.19
NSIC Rc 222,Clay Loam,Dry,Direct Seeding,24.63,87.66,80.42,136.87,6.12,6.2
NSIC Rc 402,Clay Loam,Dry,Transplanted,25.41,102.05,82.29,156.36,4.74,6.45
NSIC Rc 222,Clay Loam,Dry,Transplanted,23.08,45.34,77.72,249.99,4.97,3.94
NSIC Rc 402,Clay Loam,Wet,Transplanted,29.45,55.4,85.4,258.96,5.49,5.58
NSIC Rc 402,Clay Loam,Dry,Transplanted,23.62,56.92,79.67,249.6,6.16,5.88
NSIC Rc 402,Clay Loam,Wet,Transplanted,24.03,61.18,75.91,164.74,5.42,5.49
NSIC Rc 402,Clay Loam,Wet,Transplanted,23.35,76.31,81.16,204.61,5.65,6.29
NSIC Rc 402,Sandy Loam,Dry,Transplanted,29.46,77.47,77.52,400.0,6.47,6.43
NSIC Rc 402,Clay Loam,Wet,Transplanted,26.72,150.0,82.83,283.85,5.36,6.3
NSIC Rc 402,Clay Loam,Wet,Transplanted,23.44,65.28,88.23,243.82,6.62,6.17
NSIC Rc 402,Clay Loam,Wet,Transplanted,27.93,77.59,77.75,400.0,4.47,6.43
NSIC Rc 402,Clay Loam,Dry,Direct Seeding,25.94,56.04,81.66,400.0,5.32,6.24
NSIC Rc 402,Clay Loam,Wet,Transplanted,26.07,150.0,74.36,211.98,4.64,5.21
NSIC Rc 456H,Clay Loam,Dry,Transplanted,24.74,28.69,82.09,284.62,5.95,6.42
NSIC Rc 402,Sandy Loam,Wet,Direct Seeding,23.85,61.12,77.4,145.47,6.12,4.56
NSIC Rc 402,Clay Loam,Dry,Direct Seeding,26.24,38.8,78.31,133.12,5.48,4.62
NSIC Rc 222,Clay Loam,Dry,Transplanted,24.3,62.4,76.65,229.63,5.07,5.2
NSIC Rc 402,Clay Loam,Wet,Transplanted,29.5,41.4,83.06,161.38,4.64,4.77
NSIC Rc 402,Clay Loam,Wet,Direct Seeding,22.71,130.32,84.03,204.72,6.77,5.93
NSIC Rc 222,Clay Loam,Wet,Direct Seeding,28.88,145.69,80.58,274.45,5.38,5.54
NSIC Rc 402,Clay Loam,Dry,Direct Seeding,25.26,60.43,77.47,400.0,5.28,6.0
NSIC Rc 402,Clay Loam,Dry,Direct Seeding,26.16,54.45,86.06,287.48,6.69,6.53
NSIC Rc 402,Clay Loam,Dry,Transplanted,27.33,37.62,77.87,212.77,5.35,5.51
NSIC Rc 456H,Sandy Loam,Wet,Transplanted,24.11,52.62,72.93,400.0,5.24,6.01
NSIC Rc 222,Sandy Loam,Dry,Transplanted,27.4,39.91,82.1,256.62,4.9,4.23
NSIC Rc 222,Clay Loam,Dry,Transplanted,22.0,43.99,76.63,352.51,4.8,3.93
NSIC Rc 402,Sandy Loam,Dry,Transplanted,23.92,89.92,83.96,364.1,4.85,5.59
NSIC Rc 402,Clay Loam,Dry,Transplanted,23.47,33.96,79.17,243.11,5.11,4.37
NSIC Rc 402,Sandy Loam,Wet,Transplanted,22.74,150.0,82.61,103.68,7.28,5.22
NSIC Rc 402,Clay Loam,Wet,Direct Seeding,25.03,106.56,85.41,134.29,4.79,5.59
NSIC Rc 402,Sandy Loam,Dry,Transplanted,26.35,40.36,76.27,196.07,4.55,4.84
NSIC Rc 456H,Sandy Loam,Dry,Transplanted,27.05,109.85,78.52,199.33,6.07,7.94
NSIC Rc 456H,Clay Loam,Dry,Transplanted,26.03,48.01,80.24,246.19,5.82,7.12
NSIC Rc 402,Sandy Loam,Wet,Transplanted,24.04,150.0,85.88,227.16,6.05,5.26
NSIC Rc 402,Clay Loam,Wet,Direct Seeding,26.31,81.93,78.2,231.58,5.2,6.86
NSIC Rc 402,Clay Loam,Wet,Transplanted,25.77,90.41,78.42,251.79,4.98,7.2
NSIC Rc 402,Clay Loam,Wet,Direct Seeding,27.56,48.9,82.17,268.78,6.76,6.96
NSIC Rc 222,Clay Loam,Dry,Transplanted,27.21,39.72,78.48,135.58,4.27,3.66
NSIC Rc 456H,Clay Loam,Dry,Transplanted,25.57,40.86,81.03,267.11,6.12,7.22
NSIC Rc 222,Clay Loam,Wet,Transplanted,23.53,55.26,75.07,318.62,5.88,5.49
NSIC Rc 456H,Sandy Loam,Wet,Transplanted,24.06,113.17,88.25,400.0,6.45,7.71
NSIC Rc 402,Clay Loam,Wet,Direct Seeding,24.29,40.32,75.78,263.62,5.38,5.65
NSIC Rc 222,Clay Loam,Wet,Transplanted,24.81,77.38,79.37,344.14,4.53,5.31
NSIC Rc 402,Sandy Loam,Dry,Direct Seeding,26.09,32.36,80.39,307.91,6.64,5.39
NSIC Rc 456H,Sandy Loam,Dry,Transplanted,27.07,39.07,87.19,188.0,5.56,5.58
NSIC Rc 402,Sandy Loam,Wet,Direct Seeding,25.39,71.27,75.86,269.79,6.66,6.85
NSIC Rc 456H,Clay Loam,Dry,Transplanted,25.54,36.84,87.44,400.0,6.13,7.04
NSIC Rc 402,Sandy Loam,Dry,Direct Seeding,25.82,79.16,83.15,400.0,5.25,5.61
NSIC Rc 402,Clay Loam,Dry,Transplanted,24.37,36.79,81.96,400.0,5.87,6.03
NSIC Rc 456H,Clay Loam,Wet,Transplanted,23.46,86.2,77.05,400.0,6.68,8.52
NSIC Rc 402,Clay Loam,Dry,Transplanted,22.0,29.17,82.5,317.04,5.65,4.5
NSIC Rc 402,Clay Loam,Wet,Direct Seeding,23.97,124.47,77.97,214.48,5.08,4.79
NSIC Rc 402,Clay Loam,Wet,Transplanted,26.54,62.24,84.93,319.83,4.34,6.02
NSIC Rc 456H,Clay Loam,Wet,Transplanted,23.95,128.61,77.1,178.68,5.58,6.6
NSIC Rc 456H,Clay Loam,Wet,Direct Seeding,24.98,98.63,80.1,299.6,6.44,8.65
NSIC Rc 222,Clay Loam,Wet,Transplanted,26.53,139.2,78.56,175.18,4.69,4.89
NSIC Rc 402,Clay Loam,Wet,Transplanted,26.65,55.98,77.04,195.39,6.07,6.54
NSIC Rc 456H,Clay Loam,Wet,Transplanted,23.13,51.27,83.09,131.03,5.89,5.84
NSIC Rc 222,Clay Loam,Dry,Transplanted,27.69,42.41,82.37,291.43,5.92,6.07
NSIC Rc 402,Clay Loam,Dry,Direct Seeding,27.98,37.39,84.73,400.0,3.96,4.75
NSIC Rc 456H,Clay Loam,Wet,Direct Seeding,23.01,140.53,74.27,264.13,4.88,5.46
NSIC Rc 222,Clay Loam,Dry,Transplanted,23.69,37.95,84.22,251.79,5.08,4.52
NSIC Rc 402,Sandy Loam,Dry,Direct Seeding,28.12,89.79,89.27,200.64,6.9,6.97
NSIC Rc 402,Clay Loam,Dry,Transplanted,25.18,55.03,78.92,357.27,5.06,6.13
NSIC Rc 456H,Clay Loam,Wet,Transplanted,22.0,50.46,87.13,380.18,5.78,6.3
NSIC Rc 456H,Clay Loam,Dry,Transplanted,22.42,38.64,79.58,147.92,7.38,6.65
NSIC Rc 456H,Clay Loam,Dry,Transplanted,24.95,83.06,75.7,272.84,6.17,8.3
NSIC Rc 402,Sandy Loam,Dry,Transplanted,22.94,62.86,79.43,352.25,6.19,5.98
NSIC Rc 456H,Clay Loam,Wet,Direct Seeding,24.59,149.02,84.17,213.76,5.42,6.17
NSIC Rc 456H,Clay Loam,Wet,Direct Seeding,25.57,55.69,77.57,140.32,6.7,7.24
NSIC Rc 402,Clay Loam,Dry,Transplanted,28.72,49.01,78.4,172.12,6.52,6.33
NSIC Rc 456H,Clay Loam,Wet,Transplanted,24.86,91.4,82.58,400.0,6.22,8.66
NSIC Rc 222,Clay Loam,Wet,Direct Seeding,27.86,80.29,80.51,374.92,5.34,6.81
NSIC Rc 402,Clay Loam,Wet,Direct Seeding,28.64,80.11,82.55,393.58,5.98,7.99
NSIC Rc 402,Clay Loam,Dry,Direct Seeding,28.66,39.17,81.33,156.42,4.45,4.51
NSIC Rc 222,Clay Loam,Dry,Transplanted,26.13,27.03,82.18,350.94,6.16,5.62
NSIC Rc 222,Clay Loam,Wet,Direct Seeding,22.0,94.39,78.99,400.0,4.81,5.14
NSIC Rc 402,Sandy Loam,Dry,Transplanted,26.51,39.54,81.31,196.0,5.4,4.88
NSIC Rc 402,Sandy Loam,Wet,Transplanted,27.81,71.92,77.25,234.78,6.51,6.93
NSIC Rc 402,Clay Loam,Dry,Transplanted,25.32,47.64,85.01,277.16,6.36,6.61
NSIC Rc 222,Clay Loam,Dry,Transplanted,29.34,102.53,78.28,294.21,4.27,5.19
NSIC Rc 402,Clay Loam,Dry,Transplanted,27.39,50.62,84.45,217.93,4.93,5.37
NSIC Rc 402,Clay Loam,Dry,Transplanted,26.75,73.56,79.68,366.54,6.04,6.89
NSIC Rc 456H,Clay Loam,Wet,Transplanted,27.89,106.96,81.21,312.32,4.65,7.73
NSIC Rc 402,Sandy Loam,Dry,Direct Seeding,26.23,36.8,78.77,182.34,6.59,5.24
NSIC Rc 402,Sandy Loam,Wet,Transplanted,22.0,42.24,76.94,357.19,5.68,4.55
NSIC Rc 456H,Clay Loam,Dry,Transplanted,24.4,38.67,74.39,240.96,6.86,6.92
NSIC Rc 402,Clay Loam,Dry,Transplanted,28.13,67.7,76.81,317.41,5.07,6.41
NSIC Rc 402,Clay Loam,Dry,Direct Seeding,23.72,33.42,79.37,187.84,5.13,4.28
NSIC Rc 222,Clay Loam,Wet,Transplanted,25.01,124.86,81.24,191.65,6.12,6.41
NSIC Rc 456H,Clay Loam,Dry,Transplanted,23.2,50.1,84.04,136.7,5.67,5.75
NSIC Rc 222,Clay Loam,Wet,Transplanted,29.42,150.0,78.94,385.07,4.53,4.61
NSIC Rc 456H,Clay Loam,Wet,Direct Seeding,29.2,82.47,77.41,343.88,6.27,8.48
NSIC Rc 402,Clay Loam,Dry,Direct Seeding,23.56,47.92,75.45,277.75,4.48,4.32
NSIC Rc 456H,Clay Loam,Wet,Transplanted,25.82,65.24,82.18,154.31,6.88,7.83
NSIC Rc 456H,Sandy Loam,Dry,Transplanted,24.0,26.99,85.34,400.0,6.0,5.95
NSIC Rc 456H,Clay Loam,Wet,Direct Seeding,26.85,81.22,84.93,315.09,5.25,8.09
NSIC Rc 402,Clay Loam,Wet,Transplanted,26.62,105.03,82.98,217.85,6.39,7.79
NSIC Rc 456H,Clay Loam,Dry,Transplanted,27.29,68.82,82.73,287.59,6.69,8.28
NSIC Rc 402,Clay Loam,Wet,Transplanted,26.23,111.39,86.44,238.61,5.6,7.56
NSIC Rc 402,Clay Loam,Wet,Transplanted,31.0,71.26,81.66,315.19,7.19,7.27
NSIC Rc 402,Clay Loam,Dry,Transplanted,23.24,44.27,82.76,176.57,7.17,6.05
NSIC Rc 456H,Sandy Loam,Wet,Transplanted,22.0,122.39,79.38,118.37,6.1,5.53
NSIC Rc 456H,Clay Loam,Dry,Transplanted,24.64,40.25,75.73,304.17,6.62,7.01
NSIC Rc 456H,Sandy Loam,Wet,Direct Seeding,22.05,75.12,78.11,322.35,6.79,6.43
NSIC Rc 402,Clay Loam,Dry,Transplanted,22.22,44.92,80.47,136.59,4.8,3.61
NSIC Rc 402,Clay Loam,Dry,Direct Seeding,23.3,46.96,80.71,104.17,5.79,3.72
NSIC Rc 402,Clay Loam,Dry,Transplanted,23.47,58.63,87.24,278.91,5.12,5.42
NSIC Rc 402,Clay Loam,Wet,Transplanted,23.4,80.77,80.78,308.2,5.02,6.17
NSIC Rc 222,Clay Loam,Dry,Transplanted,26.64,72.94,84.63,235.08,5.49,6.02
NSIC Rc 402,Clay Loam,Dry,Direct Seeding,24.39,56.7,78.98,180.72,5.73,5.16
NSIC Rc 402,Clay Loam,Dry,Direct Seeding,25.11,80.75,79.41,400.0,4.46,6.45
NSIC Rc 402,Sandy Loam,Wet,Transplanted,27.47,72.17,75.85,297.76,5.83,6.64
NSIC Rc 402,Sandy Loam,Dry,Direct Seeding,23.81,62.36,77.9,383.09,5.42,4.67
NSIC Rc 222,Sandy Loam,Dry,Transplanted,24.92,44.33,82.34,166.14,6.38,4.76
NSIC Rc 222,Clay Loam,Wet,Direct Seeding,26.3,81.3,80.53,400.0,6.21,7.47
NSIC Rc 456H,Clay Loam,Wet,Direct Seeding,22.0,92.45,83.8,293.58,5.27,6.48
NSIC Rc 402,Clay Loam,Dry,Direct Seeding,22.0,30.69,81.13,400.0,6.51,5.24
NSIC Rc 402,Clay Loam,Wet,Transplanted,26.26,143.65,79.27,317.41,5.97,7.25
NSIC Rc 402,Clay Loam,Dry,Transplanted,26.58,32.64,88.02,262.53,5.44,6.08
NSIC Rc 402,Clay Loam,Dry,Transplanted,30.04,56.87,80.17,245.9,5.23,5.28
NSIC Rc 456H,Clay Loam,Dry,Transplanted,25.85,86.7,84.57,198.4,5.07,7.66
NSIC Rc 456H,Clay Loam,Wet,Transplanted,27.3,73.71,79.1,246.84,5.02,7.29
NSIC Rc 222,Sandy Loam,Wet,Transplanted,25.07,110.36,82.98,319.52,4.12,5.68
NSIC Rc 402,Clay Loam,Dry,Transplanted,26.15,41.76,83.75,340.57,5.61,6.57
NSIC Rc 456H,Clay Loam,Wet,Transplanted,29.17,53.7,81.23,187.56,4.43,5.84
NSIC Rc 456H,Clay Loam,Dry,Transplanted,22.0,52.82,72.26,148.28,5.27,4.99
NSIC Rc 402,Sandy Loam,Wet,Transplanted,26.41,47.82,80.56,284.4,6.05,5.89
NSIC Rc 402,Clay Loam,Wet,Direct Seeding,30.2,95.18,84.81,134.02,6.64,7.06
NSIC Rc 222,Clay Loam,Wet,Transplanted,26.12,119.72,82.35,248.76,4.6,6.22
NSIC Rc 456H,Sandy Loam,Wet,Transplanted,29.13,150.0,82.06,155.22,6.3,5.65
NSIC Rc 402,Sandy Loam,Dry,Direct Seeding,24.12,85.31,74.47,335.26,5.38,5.29
NSIC Rc 456H,Clay Loam,Wet,Transplanted,25.43,61.8,77.98,217.46,5.51,7.32
NSIC Rc 402,Clay Loam,Wet,Transplanted,25.57,118.42,81.94,227.37,5.7,7.3
NSIC Rc 402,Clay Loam,Wet,Transplanted,22.0,114.63,81.94,145.13,5.13,5.43
NSIC Rc 402,Clay Loam,Wet,Transplanted,22.93,118.02,84.75,368.53,5.53,6.37
NSIC Rc 402,Clay Loam,Wet,Direct Seeding,23.09,150.0,79.99,273.04,5.64,5.32
NSIC Rc 222,Sandy Loam,Dry,Transplanted,27.31,45.97,81.92,276.69,6.21,5.57
NSIC Rc 402,Clay Loam,Wet,Transplanted,27.42,150.0,80.56,157.62,6.56,6.71
NSIC Rc 222,Clay Loam,Wet,Transplanted,26.21,72.7,77.05,129.88,4.98,5.02
NSIC Rc 456H,Clay Loam,Wet,Transplanted,27.31,63.73,72.6,187.09,5.68,7.36
NSIC Rc 402,Clay Loam,Dry,Direct Seeding,25.14,65.62,82.01,215.53,6.16,6.38
NSIC Rc 222,Clay Loam,Wet,Transplanted,28.14,60.1,81.11,185.17,5.27,5.5
NSIC Rc 456H,Clay Loam,Wet,Transplanted,25.52,150.0,78.34,400.0,6.37,7.88
NSIC Rc 456H,Clay Loam,Dry,Transplanted,25.63,44.62,74.83,372.32,6.5,7.63
NSIC Rc 456H,Clay Loam,Dry,Transplanted,24.92,80.28,82.7,251.05,6.59,8.86
NSIC Rc 456H,Clay Loam,Wet,Transplanted,27.01,41.63,79.57,192.15,5.93,7.02
NSIC Rc 222,Clay Loam,Wet,Direct Seeding,24.57,50.34,82.45,167.42,4.59,3.65
NSIC Rc 402,Sandy Loam,Dry,Direct Seeding,27.65,39.27,87.02,246.97,5.47,4.68
NSIC Rc 456H,Clay Loam,Wet,Direct Seeding,23.01,69.33,73.0,279.95,5.52,6.14
NSIC Rc 402,Clay Loam,Dry,Direct Seeding,23.08,29.94,78.05,211.44,6.14,4.57
NSIC Rc 222,Clay Loam,Dry,Transplanted,27.01,59.76,79.77,294.89,6.47,6.74
NSIC Rc 456H,Clay Loam,Wet,Transplanted,25.31,55.23,85.59,205.64,6.96,7.74
NSIC Rc 402,Clay Loam,Wet,Direct Seeding,24.5,66.36,74.77,166.74,6.21,5.88
NSIC Rc 402,Clay Loam,Wet,Direct Seeding,27.46,75.57,87.28,295.17,4.94,6.36
NSIC Rc 402,Sandy Loam,Dry,Direct Seeding,24.16,35.93,80.98,128.34,6.57,4.19
NSIC Rc 402,Clay Loam,Wet,Transplanted,25.06,79.67,80.16,148.03,5.89,6.76
NSIC Rc 402,Clay Loam,Wet,Transplanted,28.58,53.5,79.81,176.7,5.02,5.72
NSIC Rc 222,Clay Loam,Dry,Direct Seeding,28.89,34.81,78.97,199.91,6.0,5.12
NSIC Rc 456H,Sandy Loam,Dry,Direct Seeding,28.96,90.89,84.17,319.9,5.72,7.61
NSIC Rc 402,Clay Loam,Wet,Direct Seeding,24.88,124.86,76.76,145.32,4.23,4.25
NSIC Rc 222,Clay Loam,Dry,Transplanted,28.21,63.88,81.71,227.73,4.71,5.48
NSIC Rc 456H,Clay Loam,Wet,Transplanted,23.41,99.41,79.16,281.22,5.83,7.32
NSIC Rc 456H,Clay Loam,Wet,Transplanted,23.5,113.77,77.83,272.5,5.8,7.98
NSIC Rc 456H,Sandy Loam,Wet,Direct Seeding,22.0,102.9,89.55,319.96,5.13,5.9
NSIC Rc 456H,Clay Loam,Wet,Transplanted,29.18,125.22,81.97,230.18,6.4,7.83
NSIC Rc 402,Clay Loam,Wet,Transplanted,23.6,89.23,82.65,197.61,5.96,7.17
NSIC Rc 402,Sandy Loam,Wet,Direct Seeding,25.22,113.03,84.48,394.22,4.59,6.44
NSIC Rc 222,Sandy Loam,Dry,Transplanted,23.5,63.42,75.53,194.92,7.24,5.57
NSIC Rc 402,Sandy Loam,Dry,Direct Seeding,27.03,49.02,86.63,185.52,4.74,4.27
NSIC Rc 402,Clay Loam,Dry,Transplanted,24.67,39.21,71.72,180.89,5.27,4.74
NSIC Rc 402,Clay Loam,Wet,Direct Seeding,22.63,55.64,77.81,178.61,5.86,5.15
NSIC Rc 402,Clay Loam,Wet,Transplanted,26.47,93.06,78.89,400.0,5.27,7.66
NSIC Rc 402,Clay Loam,Wet,Direct Seeding,22.35,61.64,82.54,400.0,6.61,6.1
NSIC Rc 222,Clay Loam,Dry,Direct Seeding,23.66,75.68,81.27,334.68,5.28,4.96
NSIC Rc 402,Clay Loam,Dry,Transplanted,22.0,36.06,79.92,299.51,4.95,4.16
NSIC Rc 402,Clay Loam,Wet,Transplanted,22.37,68.35,80.46,185.65,6.02,5.29
NSIC Rc 222,Clay Loam,Wet,Transplanted,25.89,85.28,77.08,210.29,3.5,5.56
NSIC Rc 456H,Clay Loam,Wet,Transplanted,22.0,74.72,75.26,138.82,6.25,6.19
NSIC Rc 402,Clay Loam,Wet,Direct Seeding,22.24,150.0,83.04,228.4,6.5,5.42
NSIC Rc 402,Sandy Loam,Wet,Transplanted,25.49,48.28,82.93,153.14,3.98,3.74
NSIC Rc 402,Clay Loam,Dry,Transplanted,24.3,64.06,86.05,265.37,5.31,5.67
NSIC Rc 456H,Clay Loam,Dry,Transplanted,29.88,81.5,77.73,190.59,4.72,6.37
NSIC Rc 402,Clay Loam,Wet,Direct Seeding,29.53,150.0,82.92,273.56,5.6,5.54
NSIC Rc 402,Clay Loam,Wet,Direct Seeding,23.59,86.15,79.51,94.47,7.16,6.62
NSIC Rc 402,Clay Loam,Dry,Transplanted,26.73,42.44,84.67,179.64,5.75,5.86
NSIC Rc 402,Clay Loam,Wet,Transplanted,27.15,149.3,84.08,131.16,5.44,5.65
NSIC Rc 456H,Clay Loam,Wet,Transplanted,24.19,65.24,81.24,169.72,3.9,5.13
NSIC Rc 456H,Clay Loam,Wet,Transplanted,22.21,58.25,79.31,282.3,5.1,5.71
NSIC Rc 402,Clay Loam,Wet,Transplanted,25.47,87.83,83.86,289.07,5.5,7.95
NSIC Rc 456H,Clay Loam,Wet,Transplanted,25.12,76.25,82.76,278.35,5.94,8.18
NSIC Rc 456H,Sandy Loam,Dry,Transplanted,24.54,38.84,78.1,264.1,6.11,5.91
NSIC Rc 402,Sandy Loam,Wet,Transplanted,26.47,49.22,75.85,251.1,6.13,6.12
NSIC Rc 456H,Clay Loam,Wet,Transplanted,23.85,144.64,79.49,312.71,5.24,6.52
NSIC Rc 402,Clay Loam,Dry,Transplanted,22.97,63.41,85.8,104.94,5.62,4.55
NSIC Rc 402,Clay Loam,Wet,Transplanted,25.74,75.33,84.51,400.0,5.25,6.85
NSIC Rc 402,Sandy Loam,Dry,Direct Seeding,26.35,40.8,76.61,226.14,4.94,4.16
NSIC Rc 456H,Clay Loam,Dry,Direct Seeding,22.91,34.47,76.41,313.58,5.26,5.23
NSIC Rc 222,Clay Loam,Wet,Transplanted,27.54,103.77,84.96,80.49,5.78,5.81
NSIC Rc 456H,Sandy Loam,Dry,Transplanted,22.0,55.77,76.53,243.46,4.08,4.56
NSIC Rc 456H,Clay Loam,Wet,Direct Seeding,24.23,77.03,82.28,189.29,4.57,6.42
NSIC Rc 222,Sandy Loam,Dry,Direct Seeding,24.93,43.71,78.34,219.95,7.62,5.64
NSIC Rc 456H,Clay Loam,Wet,Transplanted,24.1,109.63,86.16,166.5,5.41,7.0
NSIC Rc 222,Clay Loam,Dry,Transplanted,24.26,30.62,77.8,175.88,6.43,5.03
NSIC Rc 402,Clay Loam,Dry,Transplanted,29.62,97.57,84.5,294.07,5.55,6.48
NSIC Rc 402,Sandy Loam,Wet,Transplanted,23.63,58.9,81.15,266.07,5.2,4.79
NSIC Rc 222,Sandy Loam,Wet,Transplanted,30.87,62.51,81.38,126.64,5.86,3.63
NSIC Rc 456H,Clay Loam,Dry,Transplanted,26.46,95.14,73.6,178.26,5.93,8.17
NSIC Rc 456H,Clay Loam,Dry,Transplanted,25.7,87.57,72.79,225.75,5.75,7.85
NSIC Rc 402,Clay Loam,Wet,Transplanted,26.55,63.89,79.73,243.95,5.56,6.55
NSIC Rc 222,Sandy Loam,Dry,Transplanted,31.0,44.83,81.36,400.0,5.68,4.18
NSIC Rc 402,Clay Loam,Wet,Transplanted,23.31,60.47,76.56,263.38,5.11,5.37
NSIC Rc 402,Clay Loam,Wet,Transplanted,23.04,150.0,76.69,120.77,5.26,4.33
NSIC Rc 456H,Clay Loam,Wet,Transplanted,23.84,63.81,82.47,248.59,5.19,6.49
NSIC Rc 402,Clay Loam,Wet,Transplanted,25.57,85.44,82.47,154.45,4.75,6.24
NSIC Rc 402,Clay Loam,Dry,Direct Seeding,22.0,57.97,80.02,229.62,6.89,5.96
NSIC Rc 402,Clay Loam,Wet,Transplanted,25.55,73.78,83.23,400.0,4.96,6.39
NSIC Rc 402,Clay Loam,Dry,Direct Seeding,29.23,45.64,76.39,205.7,6.29,5.66
NSIC Rc 456H,Sandy Loam,Wet,Direct Seeding,25.83,76.07,79.25,340.45,5.62,7.12
NSIC Rc 222,Clay Loam,Wet,Transplanted,24.86,72.53,86.27,247.58,5.78,6.05
NSIC Rc 456H,Clay Loam,Wet,Transplanted,24.14,65.22,80.74,400.0,5.87,7.4
NSIC Rc 402,Sandy Loam,Wet,Transplanted,27.48,74.87,80.94,301.51,4.34,5.16
NSIC Rc 456H,Clay Loam,Wet,Direct Seeding,23.68,97.99,88.57,357.25,5.89,7.33
NSIC Rc 402,Clay Loam,Wet,Direct Seeding,29.56,42.89,75.6,281.03,6.02,5.77
NSIC Rc 402,Clay Loam,Dry,Direct Seeding,29.75,60.32,83.29,204.71,4.92,4.93
NSIC Rc 456H,Sandy Loam,Wet,Transplanted,26.06,99.01,86.32,395.31,7.5,9.0
NSIC Rc 222,Clay Loam,Wet,Transplanted,25.47,84.84,79.36,269.54,5.97,7.22
NSIC Rc 456H,Sandy Loam,Wet,Transplanted,27.77,66.51,83.51,209.44,6.45,7.16
NSIC Rc 402,Clay Loam,Dry,Transplanted,27.91,79.96,77.06,189.32,6.24,6.87
NSIC Rc 222,Clay Loam,Dry,Transplanted,23.73,47.26,78.1,273.0,3.77,4.06
NSIC Rc 402,Clay Loam,Wet,Transplanted,24.34,120.58,81.85,368.81,6.09,7.23
NSIC Rc 402,Sandy Loam,Wet,Direct Seeding,22.59,65.46,83.29,289.9,7.19,5.83
NSIC Rc 222,Clay Loam,Wet,Transplanted,26.4,58.39,84.42,215.12,5.93,6.39
NSIC Rc 402,Sandy Loam,Dry,Transplanted,26.97,54.58,85.99,285.82,5.41,5.46
NSIC Rc 402,Clay Loam,Wet,Transplanted,22.53,109.83,80.26,327.6,4.81,6.25
NSIC Rc 402,Clay Loam,Wet,Direct Seeding,24.5,61.2,84.68,136.9,4.74,4.24
NSIC Rc 222,Clay Loam,Wet,Direct Seeding,22.54,71.3,79.3,154.98,4.47,3.64
NSIC Rc 456H,Sandy Loam,Wet,Transplanted,23.52,65.58,83.66,316.09,5.59,6.4
NSIC Rc 456H,Clay Loam,Wet,Transplanted,26.71,45.44,81.23,152.88,5.12,6.21
NSIC Rc 456H,Clay Loam,Dry,Transplanted,23.89,71.08,82.06,229.48,5.77,6.85
NSIC Rc 402,Clay Loam,Wet,Direct Seeding,24.84,88.45,81.98,256.68,5.74,6.82
NSIC Rc 222,Sandy Loam,Dry,Transplanted,22.0,81.57,74.88,170.78,4.2,3.66
NSIC Rc 456H,Clay Loam,Wet,Transplanted,25.91,79.71,76.57,232.83,5.34,7.43
NSIC Rc 222,Clay Loam,Wet,Transplanted,25.4,68.81,80.86,258.05,4.99,5.98
NSIC Rc 222,Clay Loam,Dry,Transplanted,23.9,41.18,74.59,375.17,4.97,4.19
NSIC Rc 402,Clay Loam,Wet,Direct Seeding,25.08,139.7,83.41,360.1,5.61,6.29
NSIC Rc 402,Clay Loam,Dry,Transplanted,25.9,71.41,83.55,272.57,5.68,7.01
NSIC Rc 456H,Sandy Loam,Wet,Transplanted,23.71,84.73,81.65,197.73,5.58,6.24
NSIC Rc 402,Sandy Loam,Wet,Transplanted,22.25,97.51,76.58,363.03,5.12,5.47
NSIC Rc 402,Clay Loam,Dry,Transplanted,29.47,55.15,85.33,367.8,5.58,5.87
NSIC Rc 402,Clay Loam,Wet,Direct Seeding,24.11,83.31,87.63,187.94,6.6,7.04
NSIC Rc 456H,Clay Loam,Dry,Transplanted,25.29,50.37,81.01,263.88,4.85,6.4
NSIC Rc 402,Clay Loam,Wet,Direct Seeding,27.72,141.86,82.29,209.54,6.38,6.45
NSIC Rc 402,Clay Loam,Dry,Direct Seeding,31.0,65.28,81.21,276.03,4.45,4.71
NSIC Rc 222,Clay Loam,Wet,Transplanted,22.76,91.08,82.36,183.17,5.65,5.95
NSIC Rc 456H,Clay Loam,Wet,Transplanted,26.49,92.94,80.08,326.23,6.61,9.0
NSIC Rc 402,Clay Loam,Dry,Transplanted,23.94,43.68,80.38,276.67,4.67,4.35
NSIC Rc 402,Clay Loam,Dry,Direct Seeding,24.31,27.52,83.67,183.31,5.84,4.79
NSIC Rc 222,Clay Loam,Dry,Transplanted,23.92,50.81,88.71,315.66,4.67,4.29
NSIC Rc 402,Clay Loam,Dry,Transplanted,23.02,61.32,75.6,197.17,6.41,5.64
NSIC Rc 402,Clay Loam,Dry,Transplanted,25.41,39.25,80.14,127.65,4.47,4.04
NSIC Rc 402,Clay Loam,Wet,Direct Seeding,22.26,150.0,76.37,169.69,4.97,4.06
NSIC Rc 456H,Clay Loam,Wet,Transplanted,27.58,88.88,86.07,339.66,5.96,8.92
NSIC Rc 222,Clay Loam,Wet,Transplanted,25.62,140.52,78.44,400.0,5.9,6.68
NSIC Rc 402,Clay Loam,Wet,Transplanted,26.43,133.37,75.45,400.0,5.66,6.98
NSIC Rc 456H,Clay Loam,Wet,Transplanted,24.47,63.11,82.73,201.38,6.22,7.0
NSIC Rc 402,Clay Loam,Wet,Direct Seeding,24.69,47.35,86.61,229.39,5.21,5.29
NSIC Rc 402,Clay Loam,Wet,Transplanted,26.13,73.55,82.82,211.0,4.83,5.92
NSIC Rc 402,Sandy Loam,Dry,Direct Seeding,22.94,79.82,81.22,244.66,6.62,5.26
NSIC Rc 402,Clay Loam,Wet,Transplanted,24.71,148.48,81.93,150.97,5.94,5.71
NSIC Rc 456H,Clay Loam,Wet,Transplanted,23.61,32.15,85.45,203.32,5.53,6.11
NSIC Rc 402,Clay Loam,Wet,Transplanted,23.54,59.25,77.44,264.21,4.43,5.3
NSIC Rc 456H,Clay Loam,Dry,Transplanted,22.0,36.99,80.11,340.31,6.73,6.08
NSIC Rc 402,Clay Loam,Dry,Transplanted,28.45,61.09,78.92,272.55,6.48,6.98
NSIC Rc 402,Clay Loam,Dry,Transplanted,23.99,60.41,76.41,225.71,5.44,6.03
NSIC Rc 222,Clay Loam,Wet,Transplanted,28.06,64.13,79.35,171.16,4.94,5.15
NSIC Rc 402,Clay Loam,Wet,Transplanted,27.85,44.49,84.38,347.97,5.41,6.67
NSIC Rc 402,Clay Loam,Wet,Transplanted,22.67,150.0,82.48,144.24,5.44,4.9
NSIC Rc 456H,Clay Loam,Wet,Direct Seeding,23.11,91.34,82.76,154.13,6.41,7.47
NSIC Rc 402,Sandy Loam,Wet,Transplanted,31.0,63.83,81.01,303.4,4.8,4.51
NSIC Rc 456H,Clay Loam,Wet,Transplanted,29.35,136.18,82.33,318.92,5.46,6.93
NSIC Rc 222,Clay Loam,Wet,Transplanted,25.43,91.31,77.7,103.18,5.27,5.61
NSIC Rc 456H,Clay Loam,Dry,Direct Seeding,26.07,50.92,79.42,226.4,6.05,7.12
NSIC Rc 456H,Sandy Loam,Dry,Direct Seeding,24.11,67.12,81.17,120.94,6.48,5.24
NSIC Rc 456H,Clay Loam,Wet,Transplanted,26.45,56.25,81.47,231.32,6.09,7.55
NSIC Rc 456H,Clay Loam,Wet,Direct Seeding,23.92,139.99,81.62,214.25,7.1,7.68
NSIC Rc 456H,Clay Loam,Wet,Transplanted,22.0,137.58,80.02,397.06,5.18,6.21
NSIC Rc 402,Clay Loam,Wet,Transplanted,22.59,101.59,79.18,287.1,6.62,7.48
NSIC Rc 222,Clay Loam,Dry,Direct Seeding,25.55,49.7,90.0,290.53,4.73,4.25
NSIC Rc 222,Clay Loam,Wet,Direct Seeding,23.01,88.64,83.67,371.86,5.12,5.37
NSIC Rc 456H,Clay Loam,Dry,Transplanted,25.35,45.86,81.95,377.17,6.14,7.74
NSIC Rc 402,Clay Loam,Wet,Direct Seeding,23.14,51.22,79.68,258.59,6.42,5.77
NSIC Rc 456H,Clay Loam,Dry,Transplanted,23.78,47.57,78.92,195.19,5.6,5.72
NSIC Rc 402,Clay Loam,Wet,Direct Seeding,27.38,91.25,80.04,333.3,5.87,7.76
NSIC Rc 222,Clay Loam,Dry,Transplanted,26.04,61.84,81.52,327.11,5.18,5.6
NSIC Rc 222,Clay Loam,Wet,Transplanted,25.48,107.96,73.92,302.29,3.79,6.39
NSIC Rc 402,Clay Loam,Dry,Transplanted,27.43,74.32,75.01,258.18,5.57,6.8
NSIC Rc 402,Sandy Loam,Wet,Transplanted,26.56,70.14,78.27,230.51,4.72,5.31
NSIC Rc 402,Clay Loam,Wet,Transplanted,28.68,84.97,81.22,377.6,6.48,8.59
NSIC Rc 402,Clay Loam,Dry,Transplanted,24.49,53.35,79.66,214.01,6.49,6.55
NSIC Rc 222,Clay Loam,Dry,Transplanted,24.55,74.69,85.67,192.06,4.81,4.79
NSIC Rc 402,Sandy Loam,Dry,Transplanted,22.64,63.5,75.31,225.34,4.9,4.0
NSIC Rc 402,Clay Loam,Dry,Transplanted,24.56,83.6,77.87,181.73,5.15,6.26
NSIC Rc 456H,Clay Loam,Dry,Transplanted,27.62,47.21,85.82,327.67,6.25,7.36
NSIC Rc 402,Clay Loam,Wet,Transplanted,28.36,134.61,80.96,258.27,5.97,6.94
NSIC Rc 402,Clay Loam,Wet,Direct Seeding,27.61,73.62,83.6,123.34,7.8,7.04
NSIC Rc 222,Clay Loam,Wet,Direct Seeding,22.0,55.79,87.68,287.53,5.18,4.23
NSIC Rc 222,Clay Loam,Dry,Direct Seeding,27.88,38.1,78.07,228.04,5.46,4.67
NSIC Rc 402,Clay Loam,Wet,Transplanted,22.0,147.22,80.15,247.24,6.94,6.26
NSIC Rc 402,Sandy Loam,Wet,Direct Seeding,27.48,43.5,79.55,269.73,5.79,5.47
NSIC Rc 402,Clay Loam,Dry,Transplanted,24.69,36.62,73.66,205.07,4.83,4.71
NSIC Rc 402,Clay Loam,Dry,Transplanted,27.05,40.81,79.41,191.36,5.83,5.83
NSIC Rc 402,Clay Loam,Wet,Transplanted,22.57,79.85,83.58,302.69,6.09,6.34
NSIC Rc 456H,Clay Loam,Wet,Direct Seeding,28.08,52.8,82.39,160.24,5.63,6.63
NSIC Rc 456H,Clay Loam,Wet,Transplanted,22.28,87.99,82.67,174.72,6.43,7.34
NSIC Rc 222,Clay Loam,Wet,Transplanted,24.03,66.51,79.19,187.28,5.89,5.04
NSIC Rc 402,Clay Loam,Wet,Transplanted,23.3,53.4,78.2,346.0,5.27,5.55
NSIC Rc 222,Sandy Loam,Dry,Direct Seeding,22.0,84.24,84.94,383.38,6.49,5.54
NSIC Rc 402,Sandy Loam,Dry,Transplanted,25.71,37.18,78.76,186.7,5.04,4.37
NSIC Rc 456H,Clay Loam,Dry,Transplanted,29.47,43.68,81.53,175.83,6.18,6.18
NSIC Rc 222,Clay Loam,Wet,Transplanted,31.0,103.71,81.07,257.19,4.98,5.54
NSIC Rc 402,Sandy Loam,Dry,Transplanted,25.71,75.99,85.62,227.93,4.41,4.67
NSIC Rc 402,Clay Loam,Wet,Transplanted,27.96,72.3,83.9,329.92,5.84,7.3
NSIC Rc 402,Sandy Loam,Wet,Transplanted,26.01,124.66,75.97,293.82,6.94,7.23
NSIC Rc 402,Clay Loam,Dry,Direct Seeding,26.6,35.09,76.34,400.0,5.55,5.83
NSIC Rc 222,Clay Loam,Wet,Transplanted,24.75,149.05,82.53,178.57,4.35,4.03
NSIC Rc 402,Clay Loam,Wet,Transplanted,25.93,150.0,80.27,328.04,5.75,7.14
NSIC Rc 402,Clay Loam,Dry,Transplanted,26.68,61.67,78.91,214.21,5.02,5.57
NSIC Rc 222,Clay Loam,Wet,Transplanted,24.23,64.21,84.05,172.26,6.14,5.41
NSIC Rc 402,Clay Loam,Dry,Transplanted,25.33,32.03,81.16,212.94,5.43,5.84
NSIC Rc 222,Clay Loam,Wet,Transplanted,25.37,72.89,80.68,220.82,4.16,4.93
NSIC Rc 222,Clay Loam,Dry,Transplanted,27.32,109.6,83.23,369.97,5.76,7.15
NSIC Rc 402,Clay Loam,Wet,Direct Seeding,23.15,91.05,79.19,141.12,5.74,5.99
NSIC Rc 222,Sandy Loam,Wet,Transplanted,25.39,76.81,85.99,188.58,5.19,4.86
NSIC Rc 402,Clay Loam,Dry,Transplanted,29.71,44.96,77.74,252.85,4.87,4.81
NSIC Rc 402,Sandy Loam,Wet,Direct Seeding,28.06,150.0,82.8,168.48,6.84,6.09
NSIC Rc 456H,Clay Loam,Wet,Transplanted,28.47,138.29,85.52,400.0,5.56,7.71
NSIC Rc 402,Clay Loam,Wet,Direct Seeding,25.55,81.81,75.68,400.0,6.22,7.75
NSIC Rc 222,Sandy Loam,Wet,Transplanted,26.21,92.18,79.3,245.61,5.08,6.46
NSIC Rc 222,Clay Loam,Wet,Transplanted,27.7,129.15,84.5,303.06,5.88,6.68
NSIC Rc 402,Clay Loam,Wet,Direct Seeding,28.93,94.6,84.55,400.0,5.63,7.68
NSIC Rc 402,Clay Loam,Dry,Transplanted,22.0,38.05,79.9,233.47,5.61,4.76
NSIC Rc 222,Clay Loam,Wet,Transplanted,22.61,37.57,77.93,296.45,4.82,3.68
NSIC Rc 456H,Clay Loam,Wet,Direct Seeding,28.38,62.54,83.85,161.6,6.24,7.14
NSIC Rc 222,Sandy Loam,Wet,Transplanted,24.89,105.76,84.64,124.75,6.38,5.81
NSIC Rc 402,Clay Loam,Wet,Transplanted,24.02,69.28,76.42,342.57,4.87,5.67
NSIC Rc 402,Clay Loam,Dry,Transplanted,22.74,51.96,76.29,238.66,5.01,4.74
NSIC Rc 456H,Clay Loam,Wet,Direct Seeding,24.28,64.18,81.29,400.0,7.8,7.84
NSIC Rc 402,Clay Loam,Dry,Direct Seeding,22.41,56.53,82.7,198.77,4.89,4.18
NSIC Rc 456H,Clay Loam,Wet,Transplanted,30.1,60.9,79.45,157.18,5.48,6.08
NSIC Rc 402,Clay Loam,Dry,Transplanted,25.45,84.36,82.88,329.82,6.56,7.74
NSIC Rc 456H,Clay Loam,Wet,Direct Seeding,25.37,42.83,78.01,400.0,6.86,7.93
NSIC Rc 222,Clay Loam,Dry,Transplanted,26.79,35.64,73.1,162.17,3.7,3.27
NSIC Rc 456H,Clay Loam,Dry,Transplanted,27.62,57.76,79.02,177.82,6.41,7.31
NSIC Rc 402,Clay Loam,Wet,Direct Seeding,27.58,84.78,80.72,396.33,5.46,7.33
NSIC Rc 456H,Clay Loam,Wet,Direct Seeding,27.86,71.81,79.53,400.0,5.77,7.24
NSIC Rc 402,Clay Loam,Wet,Direct Seeding,24.11,52.85,76.44,297.36,6.41,5.76
NSIC Rc 402,Sandy Loam,Dry,Transplanted,24.84,150.0,74.15,192.71,5.35,4.88
NSIC Rc 402,Clay Loam,Wet,Transplanted,27.19,150.0,78.7,382.67,5.23,6.25
NSIC Rc 402,Clay Loam,Wet,Transplanted,24.34,87.09,83.64,222.34,5.37,6.64
NSIC Rc 222,Clay Loam,Dry,Transplanted,25.49,86.35,84.9,194.8,5.16,6.32
NSIC Rc 222,Clay Loam,Wet,Transplanted,26.38,32.65,84.66,204.72,5.64,4.96
NSIC Rc 402,Clay Loam,Dry,Direct Seeding,27.23,54.34,77.64,313.79,6.52,6.65
NSIC Rc 222,Clay Loam,Dry,Transplanted,22.0,54.95,76.46,250.45,5.7,4.48
NSIC Rc 456H,Clay Loam,Dry,Direct Seeding,27.07,82.42,82.24,291.13,5.86,8.55
NSIC Rc 402,Clay Loam,Dry,Transplanted,24.99,84.99,82.72,333.34,5.97,7.19
NSIC Rc 456H,Clay Loam,Wet,Transplanted,27.06,101.53,81.9,226.51,6.42,9.0
NSIC Rc 402,Clay Loam,Wet,Transplanted,27.21,46.31,73.45,349.42,6.0,6.7
NSIC Rc 222,Clay Loam,Wet,Transplanted,29.04,43.15,77.47,247.13,4.93,4.56
NSIC Rc 456H,Clay Loam,Wet,Transplanted,28.48,150.0,80.4,205.8,6.17,7.34
NSIC Rc 402,Sandy Loam,Dry,Direct Seeding,28.46,38.14,82.21,145.88,4.11,3.66
NSIC Rc 402,Sandy Loam,Dry,Direct Seeding,28.68,36.93,83.19,223.11,6.67,5.85
NSIC Rc 402,Sandy Loam,Wet,Transplanted,26.14,150.0,81.0,400.0,6.66,6.68
NSIC Rc 402,Sandy Loam,Wet,Transplanted,25.57,85.8,81.66,326.9,6.22,7.63
NSIC Rc 402,Sandy Loam,Dry,Direct Seeding,27.42,44.14,80.8,290.43,6.46,5.63
NSIC Rc 456H,Clay Loam,Wet,Transplanted,27.11,43.0,82.9,166.84,5.82,6.78
NSIC Rc 456H,Clay Loam,Wet,Transplanted,24.82,58.61,81.6,203.45,5.35,6.46
NSIC Rc 402,Clay Loam,Wet,Transplanted,26.39,150.0,80.73,309.93,4.71,6.15
NSIC Rc 222,Clay Loam,Dry,Direct Seeding,25.42,35.31,79.56,338.68,6.11,5.65
NSIC Rc 402,Clay Loam,Dry,Transplanted,23.62,46.14,80.78,329.73,5.07,4.92
NSIC Rc 222,Clay Loam,Dry,Transplanted,28.34,65.73,82.2,269.86,5.14,5.55
NSIC Rc 222,Clay Loam,Dry,Direct Seeding,25.62,52.7,81.44,185.45,5.56,5.09
NSIC Rc 402,Clay Loam,Wet,Transplanted,30.01,67.77,81.83,338.99,5.57,6.14
NSIC Rc 402,Sandy Loam,Wet,Transplanted,22.0,106.2,85.2,202.93,5.78,5.56
NSIC Rc 456H,Clay Loam,Dry,Transplanted,24.28,51.87,81.43,340.76,4.61,5.79
NSIC Rc 402,Clay Loam,Wet,Direct Seeding,25.57,77.38,78.23,223.27,5.43,6.72
NSIC Rc 402,Clay Loam,Dry,Transplanted,28.0,35.64,83.59,400.0,6.17,6.4
NSIC Rc 402,Clay Loam,Dry,Direct Seeding,26.38,29.64,75.72,215.0,5.29,5.2
NSIC Rc 402,Sandy Loam,Dry,Transplanted,26.18,35.25,76.72,213.55,4.99,5.26
NSIC Rc 402,Clay Loam,Dry,Transplanted,23.02,81.92,81.68,239.51,6.26,6.63
NSIC Rc 456H,Clay Loam,Dry,Direct Seeding,22.95,33.87,82.31,186.4,5.58,5.11
NSIC Rc 222,Clay Loam,Dry,Transplanted,26.21,50.31,76.14,175.05,5.53,5.32
NSIC Rc 456H,Clay Loam,Wet,Transplanted,22.5,123.07,79.16,184.24,5.73,6.39
NSIC Rc 402,Clay Loam,Wet,Transplanted,24.33,109.81,78.38,390.71,5.59,7.19
NSIC Rc 402,Clay Loam,Wet,Transplanted,26.6,95.96,78.8,178.83,6.66,7.83
NSIC Rc 402,Clay Loam,Dry,Transplanted,23.34,49.88,83.8,214.25,5.99,5.51
NSIC Rc 402,Clay Loam,Wet,Transplanted,29.03,56.73,82.97,400.0,4.74,5.31
NSIC Rc 456H,Clay Loam,Dry,Transplanted,28.19,58.44,80.43,344.7,5.61,7.72
NSIC Rc 456H,Sandy Loam,Wet,Direct Seeding,22.04,87.74,78.59,342.42,5.58,6.72
NSIC Rc 402,Clay Loam,Dry,Transplanted,23.45,45.89,75.78,400.0,5.74,5.47
NSIC Rc 402,Sandy Loam,Wet,Direct Seeding,22.0,86.72,85.47,237.09,6.23,5.99
NSIC Rc 402,Clay Loam,Dry,Transplanted,23.78,27.5,82.57,127.36,5.61,4.2
NSIC Rc 456H,Clay Loam,Wet,Transplanted,27.19,81.63,78.03,330.4,5.87,8.73
NSIC Rc 402,Clay Loam,Wet,Transplanted,24.59,115.49,83.02,227.99,4.03,5.74
NSIC Rc 402,Clay Loam,Wet,Transplanted,26.51,84.44,80.25,400.0,6.52,8.62
NSIC Rc 402,Clay Loam,Dry,Transplanted,22.15,64.83,79.5,122.36,5.47,4.25
NSIC Rc 402,Clay Loam,Wet,Direct Seeding,27.26,108.39,82.02,175.08,5.77,7.25
NSIC Rc 222,Clay Loam,Wet,Direct Seeding,24.28,103.24,77.9,200.25,5.58,5.91
NSIC Rc 402,Sandy Loam,Dry,Direct Seeding,25.53,43.52,79.3,238.74,5.05,4.73
NSIC Rc 456H,Clay Loam,Dry,Transplanted,25.3,41.8,80.93,152.49,5.7,6.08
NSIC Rc 222,Clay Loam,Dry,Direct Seeding,22.7,77.36,78.75,280.23,4.86,4.35
NSIC Rc 402,Clay Loam,Wet,Transplanted,22.96,64.63,82.84,196.42,6.56,5.88
NSIC Rc 456H,Clay Loam,Wet,Transplanted,27.63,52.19,87.04,353.42,4.32,6.43
NSIC Rc 222,Clay Loam,Dry,Direct Seeding,26.38,76.08,77.86,400.0,4.73,5.88
NSIC Rc 456H,Clay Loam,Wet,Transplanted,27.81,150.0,74.67,218.69,5.65,6.85
NSIC Rc 402,Clay Loam,Dry,Transplanted,26.21,48.68,73.49,297.15,6.64,6.89
NSIC Rc 402,Clay Loam,Wet,Transplanted,25.81,44.79,79.97,246.4,6.09,6.47
NSIC Rc 456H,Clay Loam,Wet,Transplanted,22.0,150.0,78.18,239.79,4.73,5.07
NSIC Rc 402,Clay Loam,Wet,Direct Seeding,24.91,148.89,81.23,148.6,5.51,4.98
NSIC Rc 402,Sandy Loam,Wet,Transplanted,25.44,66.3,80.96,235.07,6.1,6.73
NSIC Rc 402,Sandy Loam,Wet,Direct Seeding,29.8,45.74,74.89,339.8,7.15,6.38
NSIC Rc 402,Clay Loam,Wet,Transplanted,27.01,67.4,74.15,282.91,5.35,6.37
NSIC Rc 222,Clay Loam,Dry,Transplanted,28.88,57.28,81.54,176.63,4.57,4.83
NSIC Rc 402,Clay Loam,Wet,Transplanted,26.81,46.88,80.97,149.02,5.82,5.76
NSIC Rc 456H,Clay Loam,Dry,Transplanted,23.94,65.72,79.01,232.08,5.84,6.54
NSIC Rc 402,Clay Loam,Dry,Transplanted,25.76,32.45,74.7,187.8,5.92,5.34
NSIC Rc 402,Clay Loam,Dry,Direct Seeding,26.02,72.3,82.15,195.3,6.08,6.92
NSIC Rc 402,Clay Loam,Wet,Direct Seeding,23.43,74.37,84.95,188.9,5.82,5.85
NSIC Rc 456H,Clay Loam,Dry,Direct Seeding,24.65,63.54,81.47,247.61,6.24,6.75
NSIC Rc 222,Clay Loam,Dry,Direct Seeding,25.05,106.17,77.53,304.87,6.54,7.37
NSIC Rc 456H,Sandy Loam,Dry,Direct Seeding,29.03,63.78,80.66,185.36,5.67,5.64
NSIC Rc 402,Clay Loam,Dry,Transplanted,22.0,44.15,75.72,182.6,4.74,4.09
NSIC Rc 402,Clay Loam,Dry,Direct Seeding,28.15,104.33,84.2,157.13,5.81,6.71
NSIC Rc 222,Sandy Loam,Dry,Transplanted,23.44,53.91,80.79,262.36,4.5,3.46
NSIC Rc 222,Sandy Loam,Wet,Transplanted,22.48,120.39,74.31,336.65,4.61,3.96
NSIC Rc 402,Clay Loam,Dry,Transplanted,28.1,39.71,79.45,236.31,5.02,5.66
NSIC Rc 402,Clay Loam,Wet,Transplanted,27.11,88.82,82.12,305.43,4.72,7.57
NSIC Rc 456H,Clay Loam,Dry,Transplanted,28.26,116.65,79.33,371.8,6.69,9.0
NSIC Rc 402,Sandy Loam,Wet,Direct Seeding,27.26,43.99,79.53,268.61,5.63,5.36
NSIC Rc 402,Sandy Loam,Wet,Transplanted,30.03,83.35,76.21,178.13,6.09,6.3
NSIC Rc 402,Clay Loam,Dry,Transplanted,26.73,59.8,82.48,171.51,5.95,6.33
NSIC Rc 402,Clay Loam,Dry,Transplanted,25.16,55.52,78.23,181.77,5.45,5.83
NSIC Rc 222,Clay Loam,Wet,Transplanted,26.25,88.1,72.95,400.0,6.07,7.41
NSIC Rc 222,Clay Loam,Wet,Transplanted,28.24,117.63,79.2,400.0,5.06,6.88
NSIC Rc 222,Clay Loam,Dry,Transplanted,23.79,57.61,83.93,215.63,5.28,4.29
NSIC Rc 402,Sandy Loam,Wet,Transplanted,24.07,131.76,79.15,364.63,5.1,5.2
NSIC Rc 402,Clay Loam,Dry,Transplanted,24.82,56.41,86.58,389.93,6.57,6.24
NSIC Rc 402,Sandy Loam,Wet,Direct Seeding,22.0,103.3,82.0,149.73,5.52,4.71
NSIC Rc 456H,Sandy Loam,Dry,Direct Seeding,25.8,29.28,81.69,400.0,6.29,6.15
NSIC Rc 456H,Clay Loam,Dry,Transplanted,22.0,56.52,80.05,224.91,5.47,5.77
NSIC Rc 402,Clay Loam,Wet,Transplanted,25.62,101.91,80.26,220.93,6.19,7.73
NSIC Rc 456H,Clay Loam,Wet,Transplanted,27.4,75.89,79.58,159.19,6.41,7.76
NSIC Rc 402,Clay Loam,Wet,Direct Seeding,24.45,131.48,79.44,400.0,4.45,4.85
NSIC Rc 222,Clay Loam,Dry,Transplanted,29.19,42.89,82.36,252.68,5.4,5.13
NSIC Rc 402,Clay Loam,Wet,Transplanted,22.29,54.74,77.22,400.0,5.67,5.29
NSIC Rc 222,Clay Loam,Dry,Direct Seeding,28.12,48.07,76.73,380.49,5.19,5.1
NSIC Rc 402,Clay Loam,Wet,Transplanted,26.99,52.34,76.57,217.01,6.56,7.16
NSIC Rc 456H,Clay Loam,Wet,Transplanted,22.0,97.53,87.66,255.7,5.02,6.76
NSIC Rc 222,Clay Loam,Wet,Transplanted,31.0,102.57,82.36,194.02,5.09,5.21
NSIC Rc 222,Clay Loam,Wet,Direct Seeding,25.36,150.0,81.57,202.16,4.81,4.97
NSIC Rc 402,Clay Loam,Dry,Direct Seeding,23.57,37.01,76.8,288.86,6.31,5.13
NSIC Rc 456H,Clay Loam,Dry,Direct Seeding,22.4,41.35,82.68,323.16,5.15,5.21
NSIC Rc 402,Clay Loam,Dry,Transplanted,25.02,62.25,80.09,126.0,4.31,4.63
NSIC Rc 402,Clay Loam,Wet,Transplanted,25.22,77.31,81.25,127.14,5.89,6.2
NSIC Rc 222,Clay Loam,Dry,Direct Seeding,25.73,66.61,77.08,204.12,5.3,5.3
NSIC Rc 222,Clay Loam,Dry,Direct Seeding,24.84,28.34,81.06,273.2,6.13,4.72
NSIC Rc 456H,Clay Loam,Dry,Transplanted,26.89,33.84,79.02,392.51,6.44,7.9
NSIC Rc 456H,Sandy Loam,Wet,Direct Seeding,24.65,72.86,77.82,251.27,5.84,6.27
NSIC Rc 222,Clay Loam,Wet,Transplanted,22.0,87.18,83.07,224.47,4.39,4.54
NSIC Rc 456H,Clay Loam,Wet,Transplanted,25.17,79.85,75.12,303.43,5.03,7.3
NSIC Rc 402,Clay Loam,Dry,Transplanted,22.0,61.15,82.48,177.13,4.35,3.92
NSIC Rc 456H,Clay Loam,Wet,Transplanted,26.28,71.97,82.9,253.59,5.78,7.78
NSIC Rc 402,Clay Loam,Wet,Direct Seeding,23.35,150.0,77.42,234.45,5.13,4.94
NSIC Rc 402,Clay Loam,Wet,Transplanted,25.86,71.12,77.63,260.74,5.47,6.94
NSIC Rc 402,Clay Loam,Dry,Transplanted,28.39,45.31,79.72,373.16,5.71,5.99
NSIC Rc 402,Clay Loam,Dry,Direct Seeding,23.41,81.1,81.49,133.43,6.92,6.69
NSIC Rc 222,Clay Loam,Wet,Direct Seeding,27.83,132.0,79.97,239.18,5.81,5.83
NSIC Rc 222,Clay Loam,Wet,Transplanted,24.55,36.22,82.02,322.67,5.45,5.14
NSIC Rc 402,Clay Loam,Dry,Transplanted,29.36,27.08,86.67,295.79,4.5,4.86
NSIC Rc 402,Sandy Loam,Dry,Transplanted,24.7,47.96,78.72,137.37,5.61,4.27
NSIC Rc 402,Clay Loam,Dry,Transplanted,23.65,41.01,74.5,126.95,6.21,4.71
NSIC Rc 402,Clay Loam,Dry,Direct Seeding,27.01,98.91,83.39,313.86,5.87,7.17
NSIC Rc 456H,Clay Loam,Dry,Direct Seeding,24.54,82.28,86.39,135.39,5.14,6.26
NSIC Rc 222,Clay Loam,Dry,Transplanted,23.65,32.41,81.87,255.3,5.14,4.44
NSIC Rc 402,Clay Loam,Wet,Transplanted,24.45,61.82,76.69,363.59,5.64,6.02
NSIC Rc 402,Clay Loam,Dry,Transplanted,25.4,60.8,80.07,146.34,5.31,5.55
NSIC Rc 456H,Clay Loam,Dry,Direct Seeding,28.45,59.83,76.59,400.0,5.44,7.19
NSIC Rc 222,Clay Loam,Dry,Transplanted,22.0,147.25,82.75,309.92,3.9,3.51
NSIC Rc 402,Clay Loam,Wet,Transplanted,25.55,67.85,75.77,400.0,5.05,6.46
NSIC Rc 456H,Clay Loam,Wet,Transplanted,26.87,89.25,79.45,206.56,6.05,8.49
NSIC Rc 456H,Sandy Loam,Wet,Transplanted,25.93,64.63,76.98,399.54,6.49,7.91
NSIC Rc 402,Clay Loam,Wet,Transplanted,28.38,150.0,80.94,214.62,5.65,6.7
NSIC Rc 402,Clay Loam,Wet,Transplanted,25.34,96.03,79.22,249.61,6.33,8.47
NSIC Rc 402,Clay Loam,Dry,Direct Seeding,25.09,54.34,81.12,192.57,5.54,6.0
NSIC Rc 456H,Clay Loam,Wet,Direct Seeding,26.8,150.0,80.58,245.31,5.26,6.54
NSIC Rc 402,Clay Loam,Wet,Direct Seeding,25.72,71.48,77.05,344.67,5.26,6.84
NSIC Rc 222,Clay Loam,Wet,Transplanted,24.64,94.36,82.69,400.0,5.75,6.68
NSIC Rc 456H,Clay Loam,Dry,Transplanted,26.64,62.05,80.33,179.21,5.68,6.62
NSIC Rc 402,Clay Loam,Wet,Transplanted,24.06,65.73,77.04,263.47,5.14,5.75
NSIC Rc 402,Clay Loam,Wet,Transplanted,24.16,63.83,88.34,201.1,4.5,5.25
NSIC Rc 402,Clay Loam,Dry,Direct Seeding,24.34,44.55,82.17,268.57,4.97,4.92
NSIC Rc 402,Sandy Loam,Wet,Transplanted,28.48,118.78,79.96,364.15,5.31,6.95
NSIC Rc 402,Clay Loam,Dry,Transplanted,22.0,53.95,85.45,207.14,5.19,4.56
NSIC Rc 402,Clay Loam,Dry,Direct Seeding,26.37,124.11,86.95,290.81,4.91,6.06
NSIC Rc 222,Clay Loam,Wet,Direct Seeding,25.58,150.0,79.99,175.4,6.49,5.93
NSIC Rc 402,Clay Loam,Wet,Transplanted,22.0,85.8,81.72,375.8,6.01,6.7
NSIC Rc 456H,Clay Loam,Dry,Transplanted,26.18,74.49,77.04,327.14,7.41,8.72
NSIC Rc 222,Clay Loam,Wet,Transplanted,26.55,50.9,79.98,185.83,4.28,4.69
NSIC Rc 456H,Clay Loam,Wet,Transplanted,26.8,70.67,79.8,184.27,6.09,7.64
NSIC Rc 402,Clay Loam,Wet,Transplanted,22.0,31.81,81.15,400.0,5.29,4.71
NSIC Rc 456H,Clay Loam,Dry,Transplanted,28.51,38.42,81.66,400.0,5.89,7.39
NSIC Rc 456H,Clay Loam,Wet,Direct Seeding,23.88,100.11,82.46,188.65,7.17,8.14
NSIC Rc 402,Clay Loam,Dry,Transplanted,27.01,55.99,81.33,345.6,4.37,5.57
NSIC Rc 402,Clay Loam,Dry,Transplanted,27.13,72.39,76.26,217.74,5.19,6.28
NSIC Rc 456H,Clay Loam,Wet,Transplanted,23.57,50.87,77.22,400.0,5.35,6.98
NSIC Rc 402,Clay Loam,Wet,Transplanted,26.95,55.29,78.59,221.75,5.19,5.87
NSIC Rc 402,Sandy Loam,Dry,Direct Seeding,24.65,76.19,79.51,317.24,4.12,4.64
NSIC Rc 402,Sandy Loam,Wet,Transplanted,22.0,150.0,84.18,260.45,6.49,5.13
NSIC Rc 456H,Sandy Loam,Dry,Transplanted,28.07,36.03,76.43,114.84,6.8,6.08
NSIC Rc 456H,Clay Loam,Wet,Transplanted,23.79,33.14,79.25,179.84,6.28,5.98
NSIC Rc 456H,Clay Loam,Wet,Direct Seeding,23.62,55.83,83.84,315.01,4.94,6.26
NSIC Rc 402,Clay Loam,Wet,Transplanted,24.61,59.44,79.45,300.75,5.79,6.34
NSIC Rc 456H,Clay Loam,Wet,Direct Seeding,26.1,92.0,82.11,273.14,6.48,8.9
NSIC Rc 222,Clay Loam,Wet,Transplanted,25.37,47.07,80.01,400.0,5.67,5.7
NSIC Rc 402,Sandy Loam,Dry,Transplanted,26.71,53.55,81.4,336.49,5.56,5.64
NSIC Rc 222,Sandy Loam,Wet,Transplanted,22.55,74.36,79.7,320.59,6.39,5.37
NSIC Rc 402,Clay Loam,Wet,Direct Seeding,23.87,111.43,82.83,114.28,5.1,5.3
NSIC Rc 402,Clay Loam,Wet,Direct Seeding,25.24,115.25,75.09,342.97,5.47,7.46
NSIC Rc 402,Clay Loam,Dry,Transplanted,29.68,50.0,79.23,139.89,6.03,5.76
NSIC Rc 402,Sandy Loam,Wet,Transplanted,25.25,123.92,81.54,245.49,5.81,6.56
NSIC Rc 402,Sandy Loam,Dry,Transplanted,27.89,38.36,82.37,140.41,5.98,4.94
NSIC Rc 402,Clay Loam,Wet,Transplanted,25.58,150.0,85.73,293.55,5.97,6.62
NSIC Rc 402,Clay Loam,Wet,Transplanted,24.44,67.12,79.13,370.06,5.96,6.43
NSIC Rc 402,Sandy Loam,Wet,Direct Seeding,24.96,46.39,85.68,238.27,5.34,4.65
NSIC Rc 402,Clay Loam,Dry,Direct Seeding,25.13,26.68,78.19,241.11,5.1,4.96
NSIC Rc 222,Clay Loam,Wet,Transplanted,26.83,56.26,85.15,174.02,5.5,5.57
NSIC Rc 402,Sandy Loam,Wet,Transplanted,28.52,102.53,83.36,367.6,6.65,8.02
NSIC Rc 402,Clay Loam,Wet,Direct Seeding,26.29,51.29,77.3,144.86,5.58,5.64
NSIC Rc 402,Clay Loam,Dry,Direct Seeding,28.11,51.43,81.57,260.47,6.01,6.25
NSIC Rc 402,Clay Loam,Wet,Transplanted,23.38,56.27,80.32,237.06,5.67,5.67
NSIC Rc 402,Clay Loam,Wet,Transplanted,24.59,72.98,82.69,282.67,7.02,7.94
NSIC Rc 456H,Sandy Loam,Wet,Transplanted,23.91,82.65,79.72,330.0,5.78,7.17
NSIC Rc 402,Clay Loam,Wet,Transplanted,26.19,109.88,79.42,232.08,6.01,7.81
NSIC Rc 402,Sandy Loam,Dry,Transplanted,24.71,33.94,85.29,343.88,5.09,4.18
NSIC Rc 222,Clay Loam,Dry,Transplanted,27.11,39.8,80.15,242.76,4.62,4.63
NSIC Rc 402,Clay Loam,Wet,Transplanted,23.45,118.62,83.39,279.03,5.59,6.58
NSIC Rc 402,Clay Loam,Wet,Transplanted,25.59,84.87,79.71,163.69,6.42,7.6
NSIC Rc 402,Clay Loam,Wet,Transplanted,27.01,67.16,86.33,210.99,6.04,6.58
NSIC Rc 402,Clay Loam,Wet,Transplanted,22.0,111.21,78.13,135.12,4.13,4.32
NSIC Rc 402,Clay Loam,Wet,Direct Seeding,30.17,92.38,78.35,251.78,6.11,6.92
NSIC Rc 402,Clay Loam,Dry,Direct Seeding,24.88,43.14,85.84,322.97,4.52,4.82
NSIC Rc 456H,Clay Loam,Dry,Transplanted,22.0,30.74,78.94,228.0,6.46,5.66
NSIC Rc 456H,Clay Loam,Dry,Transplanted,25.85,39.9,86.1,237.6,6.25,6.71
NSIC Rc 402,Clay Loam,Dry,Direct Seeding,25.57,37.4,83.62,284.54,5.49,5.66
NSIC Rc 456H,Clay Loam,Dry,Transplanted,25.32,27.53,79.96,296.08,6.38,7.28
NSIC Rc 222,Clay Loam,Dry,Transplanted,27.68,33.66,74.15,133.24,5.22,4.5
NSIC Rc 222,Clay Loam,Wet,Transplanted,27.14,147.82,80.43,197.19,5.5,5.44
NSIC Rc 222,Clay Loam,Dry,Transplanted,26.16,45.98,80.86,140.06,4.39,3.99
NSIC Rc 402,Clay Loam,Wet,Transplanted,26.49,150.0,84.59,212.94,5.41,5.94
NSIC Rc 456H,Clay Loam,Wet,Direct Seeding,25.27,53.55,86.06,400.0,6.52,7.6
NSIC Rc 402,Sandy Loam,Dry,Transplanted,29.41,45.6,78.1,324.66,4.66,4.28
NSIC Rc 456H,Clay Loam,Wet,Transplanted,22.25,119.77,83.3,245.24,6.45,7.62
NSIC Rc 222,Clay Loam,Wet,Direct Seeding,25.81,112.03,83.18,400.0,3.99,5.76
NSIC Rc 456H,Clay Loam,Dry,Transplanted,25.64,36.43,84.26,274.56,5.04,6.4
NSIC Rc 402,Clay Loam,Wet,Transplanted,27.29,130.9,82.25,400.0,5.37,6.65
NSIC Rc 222,Clay Loam,Wet,Transplanted,23.64,68.86,73.7,258.5,5.51,5.28
NSIC Rc 402,Clay Loam,Dry,Transplanted,22.0,37.87,79.96,196.86,5.19,3.95
NSIC Rc 402,Clay Loam,Dry,Transplanted,25.85,35.92,76.46,159.38,5.17,4.79
NSIC Rc 402,Sandy Loam,Wet,Transplanted,26.12,150.0,79.79,311.6,6.37,6.62
NSIC Rc 402,Clay Loam,Wet,Transplanted,28.78,65.59,83.93,212.17,6.42,6.99
NSIC Rc 456H,Clay Loam,Wet,Transplanted,22.71,48.54,81.57,258.31,5.58,5.69
NSIC Rc 402,Clay Loam,Dry,Transplanted,28.04,73.77,84.52,293.01,5.32,6.68
NSIC Rc 402,Clay Loam,Dry,Transplanted,30.71,104.1,81.7,179.44,5.39,5.97
NSIC Rc 402,Clay Loam,Wet,Transplanted,24.67,97.95,75.96,272.86,7.14,8.32
NSIC Rc 402,Clay Loam,Wet,Transplanted,22.66,72.69,71.68,229.39,5.6,5.63
NSIC Rc 402,Clay Loam,Wet,Transplanted,24.6,104.56,81.02,142.84,6.69,7.03
NSIC Rc 402,Sandy Loam,Dry,Direct Seeding,25.53,53.46,79.75,298.91,6.1,6.02
NSIC Rc 222,Clay Loam,Wet,Transplanted,26.74,95.72,77.08,313.59,5.33,6.57
NSIC Rc 222,Sandy Loam,Dry,Transplanted,24.2,57.61,74.55,393.72,4.95,4.19
NSIC Rc 402,Clay Loam,Wet,Direct Seeding,28.92,83.77,77.93,161.11,6.14,7.14
NSIC Rc 222,Clay Loam,Dry,Transplanted,23.05,79.52,79.82,400.0,4.85,4.75
NSIC Rc 402,Clay Loam,Dry,Transplanted,22.0,65.3,82.83,185.89,5.32,5.0
NSIC Rc 402,Sandy Loam,Dry,Direct Seeding,27.93,33.89,81.16,400.0,6.05,5.55
NSIC Rc 222,Clay Loam,Wet,Direct Seeding,22.0,59.56,86.13,118.72,5.23,3.01
NSIC Rc 402,Clay Loam,Dry,Transplanted,25.05,33.97,76.88,249.07,5.32,5.38
NSIC Rc 402,Clay Loam,Dry,Transplanted,31.0,30.4,83.58,282.73,5.38,5.18
NSIC Rc 456H,Clay Loam,Wet,Transplanted,25.47,105.67,80.67,232.84,5.39,8.08
NSIC Rc 402,Clay Loam,Dry,Direct Seeding,23.03,39.62,82.93,160.32,5.91,4.3
NSIC Rc 456H,Clay Loam,Dry,Transplanted,25.37,64.69,78.97,206.37,5.9,7.58
NSIC Rc 402,Clay Loam,Dry,Transplanted,25.39,50.35,84.25,276.54,4.64,5.19
NSIC Rc 222,Clay Loam,Dry,Direct Seeding,25.85,39.43,81.53,400.0,5.06,5.26
NSIC Rc 402,Clay Loam,Wet,Transplanted,26.96,114.68,78.12,163.05,5.34,6.82
NSIC Rc 456H,Clay Loam,Wet,Direct Seeding,23.21,90.36,80.46,196.23,5.61,7.06
NSIC Rc 402,Clay Loam,Wet,Transplanted,29.21,78.84,79.66,148.94,6.01,6.17
NSIC Rc 456H,Sandy Loam,Dry,Transplanted,26.04,105.56,82.21,212.77,5.38,6.95
NSIC Rc 456H,Clay Loam,Dry,Transplanted,27.1,48.16,76.37,238.75,7.77,8.46
NSIC Rc 402,Clay Loam,Dry,Direct Seeding,24.12,50.37,80.4,352.71,6.56,6.28
NSIC Rc 402,Clay Loam,Wet,Transplanted,28.33,88.36,81.88,278.58,6.56,7.8
NSIC Rc 402,Clay Loam,Wet,Transplanted,24.93,72.99,80.62,400.0,4.87,5.87
NSIC Rc 402,Clay Loam,Dry,Transplanted,26.11,37.44,85.21,242.67,4.17,5.17
NSIC Rc 456H,Sandy Loam,Wet,Direct Seeding,23.45,104.85,83.21,87.65,5.64,5.51
NSIC Rc 456H,Clay Loam,Wet,Direct Seeding,23.31,90.65,80.47,283.37,6.08,7.69
NSIC Rc 402,Clay Loam,Dry,Transplanted,27.01,43.75,81.26,129.71,5.48,5.49
NSIC Rc 402,Clay Loam,Wet,Transplanted,24.52,126.94,81.53,348.45,5.22,6.32
NSIC Rc 456H,Clay Loam,Wet,Direct Seeding,23.62,81.3,81.91,242.78,4.65,6.62
NSIC Rc 402,Clay Loam,Wet,Transplanted,24.08,124.43,74.11,193.17,5.12,5.88
NSIC Rc 456H,Sandy Loam,Wet,Transplanted,27.04,64.74,79.44,156.04,5.7,6.41
NSIC Rc 402,Clay Loam,Dry,Transplanted,24.12,39.35,75.3,203.18,5.25,4.88
NSIC Rc 402,Clay Loam,Wet,Direct Seeding,25.24,67.09,84.97,238.66,5.24,6.32
NSIC Rc 222,Clay Loam,Wet,Transplanted,25.53,54.14,80.29,400.0,4.84,5.43
NSIC Rc 402,Clay Loam,Wet,Transplanted,22.0,98.91,79.82,231.32,6.75,7.34
NSIC Rc 402,Clay Loam,Dry,Transplanted,22.26,52.0,83.64,266.66,6.09,5.45
NSIC Rc 402,Clay Loam,Wet,Transplanted,26.24,86.95,81.98,236.15,6.26,7.75
NSIC Rc 222,Clay Loam,Dry,Transplanted,23.88,93.23,76.55,266.88,5.59,6.09
NSIC Rc 402,Clay Loam,Wet,Transplanted,27.82,52.75,80.25,260.94,4.66,5.5
NSIC Rc 456H,Clay Loam,Wet,Transplanted,27.63,72.2,79.33,244.36,6.39,8.18
NSIC Rc 402,Sandy Loam,Wet,Transplanted,27.08,114.27,74.39,190.86,6.54,7.3
NSIC Rc 222,Clay Loam,Dry,Transplanted,29.5,72.86,78.08,315.96,6.45,6.07
NSIC Rc 222,Clay Loam,Dry,Direct Seeding,25.32,77.76,79.86,163.03,5.84,5.26
NSIC Rc 402,Clay Loam,Wet,Direct Seeding,26.93,140.11,80.1,294.07,5.59,6.24
NSIC Rc 402,Clay Loam,Wet,Direct Seeding,24.21,52.44,75.31,318.27,5.59,5.58
NSIC Rc 402,Clay Loam,Dry,Transplanted,30.9,69.91,84.53,121.13,5.96,5.0
NSIC Rc 402,Clay Loam,Wet,Transplanted,29.86,114.61,80.14,157.72,4.44,5.36
NSIC Rc 402,Clay Loam,Dry,Transplanted,25.53,46.93,80.63,126.3,6.04,5.71
NSIC Rc 402,Clay Loam,Wet,Direct Seeding,26.35,114.48,81.9,386.86,5.25,7.02
NSIC Rc 402,Clay Loam,Dry,Direct Seeding,28.49,68.24,77.74,200.42,7.14,7.34
NSIC Rc 456H,Clay Loam,Dry,Direct Seeding,25.18,52.77,82.1,378.66,5.66,7.21
NSIC Rc 222,Sandy Loam,Dry,Transplanted,24.06,92.99,79.22,215.91,5.54,5.33
NSIC Rc 402,Clay Loam,Dry,Transplanted,27.42,40.24,77.36,167.66,5.69,6.03
NSIC Rc 402,Clay Loam,Wet,Transplanted,25.67,38.48,82.51,187.41,5.11,5.52
NSIC Rc 402,Clay Loam,Dry,Transplanted,25.9,77.4,85.72,259.13,5.91,6.66
NSIC Rc 402,Clay Loam,Wet,Transplanted,23.66,39.01,83.04,316.97,5.83,5.92
NSIC Rc 402,Clay Loam,Wet,Direct Seeding,22.0,58.01,83.73,247.35,6.31,5.78
NSIC Rc 456H,Sandy Loam,Dry,Transplanted,26.02,71.32,78.68,343.72,6.38,7.74
NSIC Rc 222,Sandy Loam,Dry,Transplanted,27.49,44.33,74.91,229.38,5.53,4.63
NSIC Rc 222,Clay Loam,Dry,Transplanted,25.0,45.19,85.72,238.93,4.83,4.66
NSIC Rc 402,Sandy Loam,Wet,Direct Seeding,28.66,150.0,87.69,183.16,5.04,4.69
NSIC Rc 402,Sandy Loam,Dry,Transplanted,23.95,44.98,85.9,176.33,6.75,5.77
NSIC Rc 402,Sandy Loam,Dry,Transplanted,23.18,55.52,79.32,325.15,5.65,4.67
NSIC Rc 222,Sandy Loam,Wet,Direct Seeding,25.35,94.34,76.46,163.23,6.85,6.79
NSIC Rc 222,Clay Loam,Wet,Transplanted,25.32,119.26,76.77,215.71,4.83,6.35
NSIC Rc 456H,Clay Loam,Wet,Transplanted,27.19,63.37,74.61,331.22,7.41,9.0
NSIC Rc 222,Clay Loam,Wet,Transplanted,23.8,90.82,80.12,133.99,4.74,4.75
NSIC Rc 402,Clay Loam,Dry,Transplanted,28.51,68.77,86.12,390.86,5.29,6.44
NSIC Rc 402,Sandy Loam,Dry,Direct Seeding,29.83,78.02,80.0,168.55,5.9,4.84
NSIC Rc 402,Clay Loam,Dry,Direct Seeding,25.41,47.1,81.56,391.47,6.29,6.33
NSIC Rc 222,Clay Loam,Dry,Transplanted,28.25,98.0,85.31,163.13,5.87,6.77
NSIC Rc 402,Sandy Loam,Wet,Transplanted,23.18,120.96,79.09,324.85,4.25,4.37
NSIC Rc 222,Sandy Loam,Dry,Transplanted,27.87,55.77,87.62,198.42,5.0,4.49
NSIC Rc 456H,Sandy Loam,Wet,Transplanted,27.8,147.37,87.47,400.0,5.07,6.44
NSIC Rc 402,Clay Loam,Dry,Transplanted,27.4,74.88,80.04,223.92,4.63,5.7
NSIC Rc 402,Clay Loam,Wet,Transplanted,25.47,37.21,78.48,155.82,5.58,5.49
NSIC Rc 456H,Clay Loam,Dry,Transplanted,22.0,57.6,82.94,294.16,4.39,5.16
NSIC Rc 402,Clay Loam,Wet,Direct Seeding,24.09,71.64,79.28,206.32,6.29,6.16
NSIC Rc 402,Clay Loam,Wet,Transplanted,24.12,81.55,76.45,305.44,6.11,7.4
NSIC Rc 402,Clay Loam,Dry,Transplanted,23.35,50.13,84.98,389.08,6.73,6.23
NSIC Rc 402,Clay Loam,Wet,Transplanted,25.77,88.98,84.76,328.29,4.85,7.14
NSIC Rc 402,Clay Loam,Dry,Direct Seeding,24.58,43.18,81.04,131.36,4.91,4.07
NSIC Rc 456H,Clay Loam,Wet,Transplanted,23.69,102.29,76.08,161.97,6.61,8.2
NSIC Rc 402,Clay Loam,Dry,Transplanted,23.17,48.06,76.2,269.42,6.38,5.91
NSIC Rc 402,Clay Loam,Wet,Transplanted,23.93,80.85,80.88,279.9,6.54,7.56
NSIC Rc 402,Clay Loam,Wet,Direct Seeding,27.97,96.38,78.75,97.89,6.4,6.54
NSIC Rc 402,Clay Loam,Wet,Transplanted,24.05,106.72,79.31,150.54,5.75,6.41
NSIC Rc 222,Clay Loam,Wet,Direct Seeding,24.37,78.61,84.08,167.43,5.08,4.57
NSIC Rc 402,Clay Loam,Wet,Direct Seeding,24.5,66.29,83.07,400.0,6.11,6.25
NSIC Rc 456H,Clay Loam,Wet,Direct Seeding,26.25,130.2,85.32,190.35,5.56,6.61
NSIC Rc 222,Sandy Loam,Wet,Transplanted,26.5,70.96,77.03,316.09,5.47,5.69
NSIC Rc 402,Clay Loam,Wet,Transplanted,22.0,111.74,79.3,367.1,5.33,6.73
NSIC Rc 402,Clay Loam,Dry,Transplanted,27.75,37.64,83.16,187.86,5.78,5.85
NSIC Rc 402,Clay Loam,Dry,Direct Seeding,28.66,47.5,82.07,235.82,6.46,6.55
NSIC Rc 222,Sandy Loam,Wet,Transplanted,23.19,63.25,85.86,316.44,5.16,4.55
NSIC Rc 402,Clay Loam,Dry,Transplanted,23.36,29.07,81.97,130.97,5.24,3.89
NSIC Rc 456H,Clay Loam,Dry,Transplanted,24.51,56.52,86.97,219.41,5.8,6.47
NSIC Rc 402,Sandy Loam,Wet,Transplanted,23.84,150.0,82.39,381.91,4.77,4.4
NSIC Rc 402,Clay Loam,Dry,Transplanted,25.99,34.59,84.22,277.29,6.06,6.3
NSIC Rc 456H,Clay Loam,Wet,Transplanted,22.0,120.09,79.37,278.45,5.95,6.81
NSIC Rc 456H,Clay Loam,Wet,Transplanted,23.04,140.01,80.55,344.4,5.85,6.59
NSIC Rc 402,Clay Loam,Wet,Direct Seeding,28.89,39.46,83.69,197.26,5.82,6.08
NSIC Rc 402,Clay Loam,Dry,Transplanted,23.46,108.87,86.15,165.34,4.56,5.19
NSIC Rc 222,Clay Loam,Dry,Transplanted,28.24,55.96,83.05,271.46,6.38,6.98
NSIC Rc 456H,Sandy Loam,Wet,Transplanted,26.28,66.3,80.21,202.62,5.51,6.76
NSIC Rc 456H,Sandy Loam,Wet,Transplanted,22.0,45.48,85.32,197.96,5.61,4.98
NSIC Rc 402,Clay Loam,Dry,Direct Seeding,26.9,57.0,72.83,163.54,6.2,6.38
NSIC Rc 456H,Clay Loam,Wet,Transplanted,25.24,57.68,75.52,293.13,6.3,7.42
NSIC Rc 402,Clay Loam,Wet,Transplanted,24.5,60.42,82.89,226.32,6.99,6.87
NSIC Rc 402,Sandy Loam,Dry,Transplanted,26.04,55.62,80.55,164.8,4.92,4.73
NSIC Rc 222,Sandy Loam,Dry,Direct Seeding,26.54,52.14,82.62,352.55,4.74,4.31
NSIC Rc 456H,Clay Loam,Dry,Transplanted,27.06,39.97,80.73,214.39,5.04,6.31
NSIC Rc 222,Sandy Loam,Dry,Direct Seeding,28.09,52.2,82.5,295.83,5.49,4.76
NSIC Rc 456H,Clay Loam,Dry,Transplanted,26.4,30.91,77.65,400.0,5.68,7.18
NSIC Rc 456H,Clay Loam,Wet,Transplanted,22.47,68.62,82.5,350.24,5.39,6.52
NSIC Rc 402,Clay Loam,Wet,Transplanted,24.46,79.19,83.98,400.0,5.55,6.68
NSIC Rc 222,Clay Loam,Wet,Direct Seeding,31.0,109.7,84.77,347.54,4.68,5.36
NSIC Rc 402,Clay Loam,Dry,Transplanted,27.09,45.93,87.55,219.8,6.67,6.37
NSIC Rc 402,Clay Loam,Dry,Direct Seeding,30.71,53.64,81.35,179.42,5.1,4.44
NSIC Rc 402,Clay Loam,Wet,Transplanted,28.57,137.09,81.46,215.75,5.19,6.32
NSIC Rc 222,Sandy Loam,Dry,Transplanted,26.03,76.53,75.17,221.4,3.73,3.91
NSIC Rc 456H,Clay Loam,Wet,Transplanted,26.16,72.45,78.64,388.06,4.72,7.41
NSIC Rc 402,Clay Loam,Wet,Direct Seeding,25.42,63.96,79.82,204.44,5.18,5.45
NSIC Rc 402,Clay Loam,Wet,Transplanted,22.0,60.27,84.18,151.04,5.38,5.19
NSIC Rc 402,Clay Loam,Wet,Direct Seeding,25.54,111.49,78.36,265.85,6.1,7.66
NSIC Rc 402,Clay Loam,Dry,Direct Seeding,28.16,70.72,83.29,249.1,4.55,5.37
NSIC Rc 402,Clay Loam,Wet,Direct Seeding,24.18,100.48,80.49,182.55,5.91,6.71
NSIC Rc 402,Clay Loam,Dry,Transplanted,26.41,49.91,79.88,210.94,6.03,6.48
NSIC Rc 456H,Clay Loam,Dry,Transplanted,27.37,37.81,81.37,400.0,6.35,7.92
NSIC Rc 402,Clay Loam,Wet,Direct Seeding,23.5,150.0,79.13,292.67,6.32,6.28
NSIC Rc 456H,Clay Loam,Dry,Transplanted,24.51,137.81,79.0,216.93,5.06,5.93
NSIC Rc 456H,Clay Loam,Wet,Transplanted,23.26,71.13,74.53,182.13,6.25,6.78
NSIC Rc 402,Clay Loam,Wet,Transplanted,23.69,116.88,79.63,400.0,6.83,7.66
NSIC Rc 456H,Clay Loam,Wet,Transplanted,22.67,139.56,78.82,400.0,6.85,7.58
NSIC Rc 222,Sandy Loam,Dry,Transplanted,23.52,44.52,78.69,338.71,6.72,5.34
NSIC Rc 456H,Clay Loam,Wet,Transplanted,28.62,39.1,81.96,225.14,6.04,6.9
NSIC Rc 402,Clay Loam,Wet,Transplanted,23.49,70.33,82.81,179.11,5.18,5.33
NSIC Rc 456H,Clay Loam,Wet,Transplanted,25.78,50.99,81.31,181.45,4.1,5.73
NSIC Rc 456H,Clay Loam,Wet,Transplanted,24.39,34.93,83.98,224.15,5.0,5.98
NSIC Rc 456H,Clay Loam,Dry,Transplanted,28.09,66.81,82.51,204.17,5.5,7.17
NSIC Rc 456H,Sandy Loam,Wet,Transplanted,28.38,81.57,79.47,242.91,5.63,8.04
NSIC Rc 402,Sandy Loam,Wet,Transplanted,27.4,105.02,78.88,238.62,5.04,6.46
NSIC Rc 222,Sandy Loam,Wet,Transplanted,26.17,112.79,81.59,169.63,5.64,6.07
NSIC Rc 402,Clay Loam,Wet,Transplanted,24.99,73.71,82.51,171.67,5.73,6.29
NSIC Rc 222,Clay Loam,Dry,Transplanted,22.88,36.28,85.39,217.68,5.43,4.02
NSIC Rc 402,Clay Loam,Wet,Direct Seeding,29.78,104.24,84.67,236.33,6.14,7.05
NSIC Rc 402,Clay Loam,Dry,Transplanted,23.83,50.51,78.6,400.0,5.26,5.7
NSIC Rc 456H,Clay Loam,Wet,Direct Seeding,26.96,61.54,80.14,271.48,6.64,8.36
NSIC Rc 402,Clay Loam,Wet,Transplanted,27.83,117.64,82.85,267.76,4.75,6.92
NSIC Rc 456H,Sandy Loam,Dry,Transplanted,24.28,50.95,84.24,275.47,5.66,6.36
NSIC Rc 222,Clay Loam,Wet,Transplanted,27.78,82.53,83.79,371.49,5.62,7.13
NSIC Rc 456H,Clay Loam,Dry,Transplanted,27.18,40.31,80.28,400.0,4.53,6.44
NSIC Rc 456H,Clay Loam,Dry,Transplanted,29.3,70.63,76.11,198.62,5.52,6.54
NSIC Rc 402,Clay Loam,Wet,Transplanted,24.47,125.8,77.0,400.0,6.09,6.65
NSIC Rc 402,Clay Loam,Wet,Transplanted,22.67,107.84,81.45,144.04,5.29,5.99
NSIC Rc 456H,Clay Loam,Dry,Transplanted,24.39,52.33,81.7,218.49,4.6,5.62
NSIC Rc 222,Clay Loam,Wet,Transplanted,25.96,89.83,76.65,163.61,4.78,6.34
NSIC Rc 402,Clay Loam,Wet,Direct Seeding,25.63,105.68,80.66,312.56,4.65,6.91
NSIC Rc 402,Sandy Loam,Wet,Transplanted,24.63,67.98,82.71,346.44,5.94,6.13
NSIC Rc 222,Sandy Loam,Wet,Transplanted,22.0,116.72,76.47,151.14,5.48,4.68
NSIC Rc 402,Clay Loam,Dry,Transplanted,26.54,36.41,84.37,363.19,4.5,5.56
NSIC Rc 222,Clay Loam,Wet,Transplanted,29.84,116.24,79.18,277.95,4.25,5.71
NSIC Rc 222,Sandy Loam,Wet,Direct Seeding,26.52,112.75,84.9,330.59,4.89,5.7
NSIC Rc 222,Sandy Loam,Dry,Transplanted,26.84,35.65,78.63,384.11,5.42,4.91
NSIC Rc 456H,Clay Loam,Wet,Transplanted,26.76,77.28,76.91,315.97,5.4,8.05
NSIC Rc 402,Clay Loam,Wet,Direct Seeding,26.37,58.65,78.9,141.76,5.84,5.86
NSIC Rc 456H,Clay Loam,Dry,Transplanted,27.55,78.75,80.17,210.67,6.09,7.65
NSIC Rc 402,Sandy Loam,Wet,Transplanted,26.37,102.7,79.14,148.04,5.97,6.58
NSIC Rc 402,Sandy Loam,Dry,Direct Seeding,24.81,39.81,79.74,117.47,4.6,3.3
NSIC Rc 402,Clay Loam,Dry,Transplanted,23.75,56.13,81.67,159.98,5.4,4.91
NSIC Rc 402,Sandy Loam,Wet,Transplanted,24.95,71.94,79.9,216.72,6.35,6.29
NSIC Rc 222,Clay Loam,Wet,Transplanted,26.19,72.95,80.27,400.0,4.93,5.97
NSIC Rc 402,Sandy Loam,Wet,Transplanted,24.8,47.14,74.52,241.57,5.02,5.07
NSIC Rc 402,Clay Loam,Wet,Transplanted,26.19,143.12,81.87,278.75,5.25,6.42
NSIC Rc 402,Sandy Loam,Dry,Direct Seeding,26.47,47.43,80.19,200.88,5.23,5.1
NSIC Rc 402,Clay Loam,Dry,Transplanted,27.33,37.06,86.14,226.02,5.68,6.16
NSIC Rc 222,Clay Loam,Wet,Direct Seeding,28.32,150.0,77.21,250.38,4.99,5.15
NSIC Rc 222,Clay Loam,Dry,Direct Seeding,25.67,58.9,74.17,221.54,3.99,4.54
NSIC Rc 456H,Sandy Loam,Dry,Transplanted,22.62,36.2,82.66,300.57,6.7,5.8
NSIC Rc 402,Sandy Loam,Dry,Transplanted,24.74,87.77,81.71,193.24,5.95,6.38
NSIC Rc 222,Sandy Loam,Wet,Transplanted,25.6,36.19,76.97,144.37,5.5,4.17
NSIC Rc 456H,Sandy Loam,Wet,Direct Seeding,22.0,88.08,75.15,134.22,5.81,5.82
NSIC Rc 222,Clay Loam,Wet,Direct Seeding,28.56,58.85,85.88,336.13,5.17,5.6
NSIC Rc 402,Clay Loam,Dry,Transplanted,25.81,31.85,85.45,99.58,5.03,4.48
NSIC Rc 456H,Clay Loam,Wet,Transplanted,26.34,93.53,71.79,224.6,4.56,7.14
NSIC Rc 402,Clay Loam,Dry,Transplanted,28.5,39.32,78.9,162.05,6.73,5.91
NSIC Rc 222,Clay Loam,Wet,Direct Seeding,24.11,66.64,86.32,304.76,5.41,4.88
NSIC Rc 222,Clay Loam,Wet,Transplanted,26.76,90.79,78.83,244.27,4.27,6.19
NSIC Rc 402,Clay Loam,Wet,Transplanted,25.26,146.49,78.78,246.53,4.87,6.13
NSIC Rc 222,Clay Loam,Dry,Direct Seeding,25.1,67.75,79.51,254.29,5.61,5.95
NSIC Rc 402,Clay Loam,Wet,Transplanted,23.8,50.51,76.58,251.15,5.79,5.68
NSIC Rc 222,Clay Loam,Dry,Transplanted,29.16,42.31,74.53,144.24,4.88,4.0
NSIC Rc 402,Sandy Loam,Wet,Transplanted,24.67,73.2,84.18,204.94,4.84,4.9
NSIC Rc 456H,Clay Loam,Wet,Transplanted,27.04,64.75,74.05,176.62,5.47,7.34
NSIC Rc 456H,Sandy Loam,Wet,Transplanted,22.0,75.82,81.37,187.65,4.52,4.64
NSIC Rc 402,Clay Loam,Wet,Direct Seeding,28.1,74.72,83.6,252.48,5.26,6.6
NSIC Rc 402,Clay Loam,Wet,Transplanted,27.81,43.9,75.42,336.97,5.27,6.13
NSIC Rc 402,Clay Loam,Wet,Transplanted,25.71,97.14,77.27,332.43,6.66,8.82
NSIC Rc 402,Clay Loam,Wet,Transplanted,25.0,96.36,84.75,268.45,5.28,7.44
NSIC Rc 402,Clay Loam,Wet,Transplanted,26.38,76.71,82.37,209.25,5.77,6.92
NSIC Rc 222,Clay Loam,Dry,Transplanted,30.54,36.39,78.34,246.41,6.52,4.96
NSIC Rc 456H,Clay Loam,Dry,Direct Seeding,22.0,72.9,84.71,316.33,5.13,6.12
NSIC Rc 402,Clay Loam,Wet,Direct Seeding,27.22,95.75,84.72,187.26,5.16,6.94
NSIC Rc 222,Clay Loam,Dry,Transplanted,23.49,40.66,81.44,242.64,5.02,4.28
NSIC Rc 402,Clay Loam,Dry,Transplanted,25.46,61.27,77.35,200.26,4.42,5.45
NSIC Rc 402,Clay Loam,Wet,Transplanted,24.95,150.0,79.05,186.27,5.41,5.49
NSIC Rc 456H,Clay Loam,Dry,Direct Seeding,24.56,47.72,81.5,237.35,6.69,6.97
NSIC Rc 402,Sandy Loam,Dry,Transplanted,25.48,36.77,79.84,209.64,6.18,5.57
NSIC Rc 456H,Clay Loam,Wet,Direct Seeding,23.0,106.99,83.79,270.69,6.7,7.92
NSIC Rc 222,Clay Loam,Wet,Transplanted,27.76,66.91,75.15,210.75,4.96,5.78
NSIC Rc 402,Sandy Loam,Dry,Direct Seeding,22.0,87.69,75.27,229.52,4.8,4.62
NSIC Rc 402,Clay Loam,Wet,Direct Seeding,26.69,73.6,81.13,144.18,7.17,7.11
NSIC Rc 222,Clay Loam,Wet,Direct Seeding,24.78,41.35,78.78,321.81,5.55,5.31
NSIC Rc 402,Clay Loam,Wet,Transplanted,22.92,82.41,78.31,324.09,4.46,5.73
NSIC Rc 456H,Clay Loam,Wet,Transplanted,25.95,55.84,74.31,176.52,7.66,8.04
NSIC Rc 222,Clay Loam,Dry,Transplanted,22.07,46.26,80.57,181.98,5.34,3.64
NSIC Rc 402,Sandy Loam,Dry,Direct Seeding,25.59,37.44,80.32,257.33,3.53,3.63
NSIC Rc 402,Clay Loam,Dry,Transplanted,22.37,63.15,82.79,202.84,6.61,5.94
NSIC Rc 222,Clay Loam,Wet,Direct Seeding,26.51,150.0,80.74,267.51,3.78,4.2
NSIC Rc 402,Clay Loam,Wet,Direct Seeding,23.47,117.6,80.04,396.03,5.79,7.58
NSIC Rc 456H,Clay Loam,Wet,Transplanted,24.51,96.7,84.62,179.49,6.46,8.18
NSIC Rc 456H,Clay Loam,Wet,Direct Seeding,26.15,90.08,75.91,331.27,6.35,8.79
NSIC Rc 456H,Clay Loam,Wet,Transplanted,23.8,98.14,82.38,168.98,6.96,7.93
NSIC Rc 402,Clay Loam,Dry,Transplanted,25.37,37.28,74.65,187.34,6.3,5.84
NSIC Rc 222,Clay Loam,Dry,Transplanted,22.17,31.22,77.57,258.1,6.7,4.4
NSIC Rc 402,Clay Loam,Wet,Transplanted,26.89,41.54,76.26,299.3,5.53,6.57
NSIC Rc 402,Clay Loam,Dry,Direct Seeding,29.38,80.94,83.24,391.32,5.3,6.83
NSIC Rc 456H,Sandy Loam,Wet,Transplanted,31.0,133.12,80.27,400.0,5.63,6.18
NSIC Rc 222,Clay Loam,Wet,Transplanted,25.7,95.69,80.45,217.71,6.36,7.19
NSIC Rc 402,Clay Loam,Dry,Transplanted,27.23,46.02,76.63,241.71,5.14,5.7
NSIC Rc 222,Clay Loam,Wet,Direct Seeding,22.0,114.25,79.45,272.63,5.99,6.07
NSIC Rc 402,Clay Loam,Dry,Transplanted,28.81,90.86,77.83,237.88,4.99,6.81
NSIC Rc 402,Clay Loam,Dry,Direct Seeding,27.21,30.92,81.84,216.89,5.0,4.77
NSIC Rc 402,Clay Loam,Wet,Transplanted,24.44,66.55,77.03,198.24,6.42,6.44
NSIC Rc 402,Clay Loam,Dry,Transplanted,28.22,64.61,85.15,300.82,5.9,6.72
NSIC Rc 402,Sandy Loam,Wet,Transplanted,24.94,51.76,74.64,392.51,4.08,4.69
NSIC Rc 402,Clay Loam,Wet,Transplanted,24.49,60.78,77.68,138.68,4.99,4.54
NSIC Rc 456H,Clay Loam,Wet,Direct Seeding,26.55,55.53,86.37,223.16,4.07,5.82
NSIC Rc 456H,Sandy Loam,Wet,Transplanted,23.16,83.98,78.98,139.72,5.61,6.09
NSIC Rc 456H,Sandy Loam,Dry,Direct Seeding,27.75,41.08,75.9,294.19,5.68,5.94
NSIC Rc 456H,Sandy Loam,Wet,Transplanted,23.18,45.19,81.27,185.82,5.54,5.4
NSIC Rc 402,Clay Loam,Dry,Transplanted,23.19,110.45,78.84,371.36,6.44,6.93
NSIC Rc 402,Clay Loam,Dry,Direct Seeding,23.5,29.66,77.57,229.28,5.88,4.79
NSIC Rc 402,Clay Loam,Wet,Direct Seeding,27.17,121.24,76.66,295.63,7.32,8.07
NSIC Rc 402,Clay Loam,Dry,Transplanted,24.14,68.55,90.0,178.13,5.97,5.77
NSIC Rc 456H,Clay Loam,Wet,Transplanted,22.53,150.0,79.62,254.29,6.26,6.73
NSIC Rc 222,Clay Loam,Wet,Transplanted,24.17,84.28,73.76,253.26,5.59,6.46
NSIC Rc 456H,Sandy Loam,Wet,Transplanted,25.43,67.06,85.73,278.96,5.68,7.18
NSIC Rc 402,Clay Loam,Wet,Direct Seeding,22.9,60.43,82.64,193.54,5.14,4.52
NSIC Rc 402,Sandy Loam,Wet,Direct Seeding,22.97,111.94,77.82,358.89,5.43,6.03
NSIC Rc 402,Clay Loam,Dry,Transplanted,30.14,33.42,77.23,273.0,5.46,4.8
NSIC Rc 456H,Clay Loam,Wet,Direct Seeding,23.61,84.92,82.86,385.12,5.81,7.69
NSIC Rc 402,Clay Loam,Wet,Transplanted,24.79,94.73,79.64,145.19,6.04,6.73
NSIC Rc 402,Clay Loam,Dry,Transplanted,24.69,51.0,73.76,255.07,5.8,5.44
NSIC Rc 222,Clay Loam,Dry,Transplanted,24.57,36.85,86.76,226.2,5.04,4.17
NSIC Rc 402,Clay Loam,Dry,Transplanted,26.87,39.16,78.98,400.0,5.08,5.78
NSIC Rc 222,Sandy Loam,Wet,Transplanted,27.59,52.52,85.73,303.36,5.56,5.64
NSIC Rc 402,Clay Loam,Dry,Transplanted,24.83,94.38,84.97,239.24,4.94,6.84
NSIC Rc 402,Clay Loam,Dry,Transplanted,22.78,104.95,77.0,296.5,5.29,6.17
NSIC Rc 402,Clay Loam,Dry,Transplanted,28.3,30.9,84.12,207.04,5.22,5.07
NSIC Rc 222,Clay Loam,Dry,Direct Seeding,25.29,34.08,78.22,283.02,7.1,5.85
NSIC Rc 222,Clay Loam,Wet,Transplanted,29.31,60.78,73.97,400.0,4.51,5.13
NSIC Rc 402,Clay Loam,Wet,Transplanted,22.0,76.18,79.01,197.55,5.04,5.17
NSIC Rc 222,Clay Loam,Wet,Direct Seeding,25.93,90.57,81.89,253.54,5.01,6.19
NSIC Rc 222,Clay Loam,Wet,Direct Seeding,29.72,105.1,78.88,183.39,5.08,5.22
NSIC Rc 222,Clay Loam,Dry,Direct Seeding,24.72,49.88,79.43,172.79,6.1,5.08
