variety,soil_type,season,seeding_method,fertilizer_kg_ha,temperature_avg,rainfall_mm,humidity_avg,historical_yield_tons_ha,yield_tons_ha
IR64,Silty Clay,Dry,Transplanted,191.04742298588965,22.30868132542461,14.203170348256213,66.92057530384345,3.234415040454439,4.22
NSIC 218,Sandy Loam,Wet,Transplanted,94.05146200376544,23.656631674764128,281.06243283546854,78.71649465372134,4.539017110302591,4.97
Dinorado,Clay,Dry,Transplanted,112.35553674273935,25.951248847745674,53.475148549400565,75.3284643965889,5.186312156500946,5.36
NSIC 218,Silty Clay,Wet,Direct Seeded,168.04352157185622,25.163339091885522,245.53649172219207,60.64058739763542,3.764825821001466,5.59
NSIC 218,Silty Clay,Dry,Transplanted,131.90368899811256,22.970541309833777,122.83773127596574,63.88599536977409,4.1812361052347775,5.34
NSIC Rc 160,Sandy Loam,Wet,Direct Seeded,132.05422196366715,26.326601076907167,169.1594687886447,84.33128825482538,3.1851551101805864,4.7
Dinorado,Clay Loam,Wet,Transplanted,58.00102445077753,25.381157716595627,299.11139737696595,74.51075865442682,3.7366399421106142,4.37
Dinorado,Clay,Wet,Direct Seeded,109.78994940776838,23.226192204574385,366.89500769850866,64.38045644469044,3.5103694233114746,3.9
Dinorado,Clay,Dry,Direct Seeded,90.61005986325986,24.96117130611909,73.93319992406754,73.957276885072,4.466576643914571,4.44
NSIC 218,Clay Loam,Wet,Transplanted,199.9002684246673,30.864360553553905,321.44061044001404,67.59447249247211,5.454096855025333,5.81
IR64,Clay Loam,Wet,Direct Seeded,96.25326059484654,25.020488654893402,245.37375251173805,66.70774383337032,4.939910355957059,4.5
Dinorado,Clay Loam,Dry,Transplanted,182.67448021907953,29.139554232420515,30.99178511861684,88.73175829335312,3.0764937547785554,4.42
NSIC 218,Sandy Loam,Dry,Transplanted,151.4350602560716,28.120470796577557,71.39747340836378,70.86073580573223,4.2330357799203,5.44
NSIC Rc 160,Sandy Loam,Wet,Transplanted,101.13746137881355,26.271811624083718,181.93151615578236,61.39293314017017,2.699235144845205,3.69
IR64,Clay,Wet,Transplanted,131.53015675611854,24.39025636803669,354.084546726061,89.10980017911908,3.2407464605279066,3.87
NSIC Rc 160,Sandy Loam,Wet,Direct Seeded,176.08038199237905,25.690146993459454,385.4370905578012,83.84518724316473,3.016653028181171,4.42
IR64,Silty Clay,Wet,Transplanted,182.5052447046368,27.92107213471043,247.0682476990662,67.63239919692475,3.506636612918389,5.02
NSIC 218,Clay,Dry,Direct Seeded,74.05908125092178,25.50753214749355,37.724609564711955,72.26675504116174,4.536441907132641,4.7
NSIC Rc 222,Sandy Loam,Wet,Direct Seeded,100.93597118122544,24.148964335742317,332.16054729601535,85.86868723785386,3.9981799507504805,5.18
IR64,Clay Loam,Wet,Direct Seeded,100.28347703203575,23.16462748891632,252.69085997268894,70.72240557969823,5.298727779487653,4.28
NSIC Rc 160,Silty Clay,Dry,Transplanted,56.306719411391704,30.79766937909565,65.0468041009548,77.02212126019796,3.1382465195455262,4.16
NSIC 218,Clay Loam,Wet,Direct Seeded,139.7356639777845,26.403129757519057,275.56673471304987,76.04570608993838,3.5926274387618204,5.78
IR64,Clay,Wet,Transplanted,178.2230079488282,28.252083217429302,359.1190951541024,72.03883645886398,3.4895577303774084,4.53
NSIC Rc 222,Clay Loam,Wet,Direct Seeded,107.23615817382768,26.90410361136805,170.8560855527884,79.18505705441149,3.2078908778797897,5.57
NSIC Rc 222,Sandy Loam,Dry,Transplanted,161.00539174762656,30.725665183579636,78.29668618469807,74.19872211905658,5.479512307378734,5.52
Dinorado,Sandy Loam,Dry,Transplanted,144.15506204011098,27.469348524482108,58.93813575154398,60.636914750219184,3.6616766363291635,4.89
Dinorado,Clay,Wet,Transplanted,106.34731032395013,26.80781417949113,282.58383719667626,84.43149322943813,5.321526941498796,5.62
NSIC Rc 160,Clay Loam,Wet,Transplanted,71.15896992384457,31.246009904217125,203.6550686678056,63.39467348261158,3.6714204215589685,4.6
IR64,Clay,Dry,Direct Seeded,156.39857791639508,29.196895960453546,141.17565306074053,73.92269792674091,3.1122750362219826,4.31
IR64,Clay Loam,Wet,Direct Seeded,178.18477534118608,23.115499073468573,234.9514863739406,77.39702372782492,2.8576189920481334,4.34
Dinorado,Silty Clay,Wet,Transplanted,152.8781738602238,23.77704461196814,311.1072061605686,81.16518162579872,5.066689579526516,4.8
IR64,Sandy Loam,Dry,Direct Seeded,52.68177260522271,29.87122862939442,88.75424165789347,72.32389605863848,2.596292921455235,3.5
IR64,Clay,Dry,Transplanted,82.43493415864869,30.358513211799544,128.00497435256554,82.06645461091594,5.393183765017844,4.42
NSIC Rc 222,Silty Clay,Dry,Transplanted,60.42199773252979,27.451908290902963,116.50199658778124,63.94050254155711,3.7545736353566452,5.61
Dinorado,Silty Clay,Wet,Direct Seeded,135.55791493643403,27.544552278666394,156.8071030842121,79.60336644812337,3.2421230532530716,5.03
NSIC 218,Clay,Wet,Transplanted,163.47165182606187,28.319329628514446,298.4562747432907,84.79016782757108,4.352338396646088,5.92
Dinorado,Clay,Wet,Transplanted,66.58687806029891,26.391157742826394,220.8605598634374,86.68331918512504,2.898738975508559,4.8
NSIC 218,Silty Clay,Wet,Transplanted,175.7506730890078,28.80199123483904,317.3710902020181,77.38699487861668,2.7164367206990674,5.17
NSIC Rc 222,Clay Loam,Dry,Transplanted,133.32634675932246,23.084812575664156,102.56328329748871,69.38685594225112,4.983350055728701,5.53
NSIC Rc 160,Silty Clay,Wet,Transplanted,153.49535182125874,31.612792423673863,185.39533797826357,64.90069535140879,3.77401232387598,4.35
IR64,Clay,Wet,Direct Seeded,195.71027729129693,29.501548237949216,333.95290095404465,70.36676258632335,4.0547647363135955,4.46
NSIC Rc 222,Silty Clay,Dry,Direct Seeded,62.5521482371546,28.311742040090067,79.56442476236151,76.1992311946332,3.0300880266251946,4.62
IR64,Clay Loam,Dry,Direct Seeded,185.1836034466684,25.163220570094808,10.30432972942225,65.88990671974682,2.6842727335808267,4.12
NSIC Rc 160,Sandy Loam,Wet,Transplanted,68.91540439811139,23.60955487456729,311.4099299407445,88.57544717079278,3.60332839795554,4.42
NSIC Rc 160,Sandy Loam,Dry,Transplanted,108.94382099550234,26.093429638289447,95.88546407729173,86.91406286618728,4.018438757140268,4.67
NSIC Rc 222,Silty Clay,Dry,Transplanted,177.71580444966713,28.615767405740584,59.83404342034968,60.988715845962936,4.796291865634084,5.92
NSIC Rc 160,Clay Loam,Wet,Transplanted,185.93813551068024,28.33709743423111,392.81045822008775,76.85885394691167,4.00315600070639,4.48
NSIC 218,Sandy Loam,Wet,Transplanted,125.9557510317718,25.826411550655713,377.808840814537,83.67926370739839,4.847521053057709,5.63
NSIC Rc 160,Silty Clay,Wet,Transplanted,139.11569574131377,28.132863938331298,220.82571579992558,67.3617587980202,2.8462983390229417,4.71
IR64,Silty Clay,Wet,Direct Seeded,156.2221001897836,30.137482955675473,156.82914318135926,75.71688697178232,2.691888316131855,4.12
IR64,Clay Loam,Dry,Transplanted,174.9138002679071,22.26284772337607,26.48670335218463,72.17975647228137,2.976582892430355,3.98
IR64,Clay,Dry,Direct Seeded,68.22667543064992,26.50621047930276,72.24767690569087,65.89638792654229,4.816036380666185,4.18
IR64,Silty Clay,Wet,Transplanted,171.51039623438413,29.585552284667912,313.84214027793945,78.44212151627468,4.777990692516104,4.58
NSIC 218,Clay,Wet,Direct Seeded,122.19142257674251,27.46144470463377,300.72184725116813,89.81076526220492,2.9241034135319244,5.35
Dinorado,Clay,Dry,Transplanted,117.59351376622534,28.514760879290698,112.97746511966267,70.95861780839834,2.5929659747520395,4.94
NSIC Rc 222,Sandy Loam,Wet,Direct Seeded,113.58496279954974,27.16676392605342,156.85719219161152,76.57137024793401,4.555845808636495,5.45
IR64,Clay,Wet,Direct Seeded,126.38173778690638,31.91874544682311,180.66938230064818,69.83564044864502,5.065845349728932,3.99
NSIC Rc 160,Clay Loam,Wet,Transplanted,191.75758300919054,22.546215364890383,296.1754261339964,86.3084585040749,4.762323086530547,5.08
IR64,Sandy Loam,Wet,Transplanted,132.23056591882272,26.910448217723772,377.956816010873,85.9380810127108,3.1083969418452346,4.33
NSIC Rc 160,Sandy Loam,Dry,Direct Seeded,192.9766307394709,22.914165491145177,144.63489125781857,65.36320163843911,4.251303691676007,4.25
NSIC Rc 160,Sandy Loam,Wet,Transplanted,77.04351959234609,23.597855621135704,376.6250691283517,86.99846622714182,4.772097161876624,4.39
IR64,Silty Clay,Dry,Transplanted,158.62039682489495,25.83038350418262,62.37468475709148,64.54526133168201,3.2674861136411186,4.53
NSIC 218,Silty Clay,Wet,Transplanted,171.83593079131208,23.555400915004874,187.8712636530187,62.86319878876003,4.083162404108359,6.24
NSIC Rc 160,Clay,Wet,Direct Seeded,151.8693247002293,31.63687165956651,246.1434866013124,79.58803847104596,3.4433812119213107,4.17
NSIC Rc 160,Sandy Loam,Dry,Transplanted,141.03834203398105,31.467897767251593,85.98126181869674,71.57712317609685,3.1767262519810635,4.49
IR64,Sandy Loam,Wet,Direct Seeded,134.72191716292735,25.36109646220604,160.80071608804352,75.92221780385613,5.4087679803125575,4.23
NSIC Rc 160,Clay Loam,Dry,Direct Seeded,179.1395723868044,28.397477120376795,129.1742136709019,79.5771234581239,5.237745881160778,5.2
NSIC Rc 160,Clay,Wet,Transplanted,173.246989574675,27.33753320593786,267.31796159073224,61.585117133789545,3.837003192854461,5.12
IR64,Clay Loam,Wet,Direct Seeded,68.34330817708992,30.155869805157685,338.2708649183014,68.7885951327298,2.910334183191929,4.07
IR64,Clay,Wet,Transplanted,177.28814855463173,28.274456098169424,347.4931778414028,73.82718935306602,4.683721909961946,4.97
NSIC Rc 222,Clay,Wet,Transplanted,112.11029291606637,22.002524544905622,274.74736664914326,67.99762229417796,3.2671033903846607,5.33
NSIC 218,Silty Clay,Wet,Direct Seeded,88.05452449937161,29.631743856097387,173.96741867705458,61.46914152856563,3.0055534175142835,4.72
NSIC 218,Silty Clay,Dry,Direct Seeded,180.4652852020889,29.46848121296118,56.75991879300207,62.6002971969316,3.6445870532145537,5.12
NSIC Rc 160,Clay Loam,Dry,Direct Seeded,114.80371994506125,27.09722705566481,29.916014295914152,84.052436062612,4.089549427500217,3.88
NSIC 218,Clay,Wet,Direct Seeded,171.25470352652252,31.029189732330536,245.3409937953916,87.34160277638779,2.7923209894612437,4.93
NSIC Rc 160,Sandy Loam,Wet,Direct Seeded,89.51054179337667,31.084462056904016,383.0254899935911,64.56699907291346,4.215239419145579,3.95
NSIC Rc 222,Silty Clay,Dry,Transplanted,50.58939821333267,27.239116767043974,49.463456372576466,67.47785871874457,2.546045124287865,5.22
IR64,Sandy Loam,Dry,Direct Seeded,124.31887893544166,28.079882311965378,135.8771961731743,79.56748214193209,5.1756071817792595,4.45
IR64,Clay Loam,Wet,Transplanted,65.03423849643264,31.965220719246723,207.40313912992866,88.62815328277341,5.262225067836599,4.13
IR64,Silty Clay,Wet,Transplanted,163.15639332873644,24.988202348114175,229.93861247818162,68.98769127399814,4.699212320535555,4.38
NSIC 218,Silty Clay,Dry,Direct Seeded,91.41127041041156,25.246172423114775,32.31503518465728,85.65640878708004,3.8996482257225327,5.0
NSIC Rc 222,Clay,Wet,Direct Seeded,116.54684699052181,23.827739026634962,336.70679386576774,75.1807393335113,3.2646888116899335,5.29
NSIC 218,Clay Loam,Dry,Direct Seeded,63.05503476373313,30.95866939157868,56.09094854094949,88.69675917242341,4.732336272134189,4.6
NSIC 218,Clay,Wet,Direct Seeded,92.9988872670879,29.444883899492662,333.3951972214845,64.08775987284574,5.2953916058561905,5.03
NSIC Rc 222,Silty Clay,Dry,Direct Seeded,167.22353648878578,23.05642848870242,75.04964347004768,89.2101719462396,2.975601114692319,5.72
NSIC Rc 222,Clay Loam,Dry,Transplanted,72.73818678534792,31.817673511979656,128.5958512887288,73.22935883488525,3.897465967893094,5.62
NSIC Rc 222,Silty Clay,Wet,Transplanted,147.0739341690436,29.30961708161116,378.0505720062331,88.58815171278785,3.4457849081077843,5.18
NSIC Rc 222,Clay Loam,Dry,Transplanted,187.61387792067518,30.505221096049745,141.27985971141646,73.76070651154558,3.5702253671377298,5.87
IR64,Silty Clay,Wet,Direct Seeded,151.97551396365805,22.481507891732008,247.02967268009385,75.90246402361734,3.7172733439687975,4.56
Dinorado,Sandy Loam,Wet,Direct Seeded,171.653253393834,27.049609189421677,278.6496809685728,84.14325029331962,5.355389033114015,5.13
Dinorado,Sandy Loam,Wet,Transplanted,66.34574439558737,28.985982867270394,266.8481153051194,81.67885502218182,3.2759115036042807,4.44
NSIC Rc 222,Clay,Wet,Direct Seeded,87.60977390030817,27.42946584571841,381.9380427556133,78.58809961251856,3.9780275172805197,5.58
Dinorado,Sandy Loam,Dry,Direct Seeded,184.18082783608867,28.666474656992776,69.61344334865568,72.50940070768668,5.354462414985371,5.25
Dinorado,Silty Clay,Wet,Direct Seeded,157.2658420427134,30.178740635904724,342.3326472061587,83.77315102198817,3.9281706706549517,4.8
NSIC Rc 222,Silty Clay,Wet,Transplanted,145.93307395659667,25.743370629601962,357.86044495846204,88.44684999867961,5.09079856576436,5.85
Dinorado,Sandy Loam,Wet,Direct Seeded,149.56501041825499,30.486686756187098,183.27456720735273,60.294326908290806,2.676294322975843,4.71
NSIC 218,Clay,Wet,Transplanted,112.13008314569652,23.629161047652907,347.96167321704,77.63535289357984,5.359091255389708,5.72
NSIC Rc 160,Sandy Loam,Dry,Direct Seeded,56.68349474264798,24.708860550263747,140.47356676949218,85.97942786935045,3.062593441078153,3.91
NSIC Rc 160,Clay Loam,Wet,Direct Seeded,167.66623131060936,22.43345619927326,258.24469151437427,79.59337612036671,5.439805104193852,4.51
NSIC Rc 222,Clay Loam,Dry,Transplanted,151.80698543230307,25.64426811335251,32.604273280085636,84.0248777350001,3.0267305957756454,5.93
IR64,Clay Loam,Dry,Direct Seeded,120.92066961690871,25.799095448241204,31.959320865491854,86.85183311546956,3.8330978433849223,4.63
NSIC Rc 222,Sandy Loam,Dry,Direct Seeded,184.96394230523862,30.05270597207251,142.8951147488717,82.52853047559174,3.4258434747176336,6.18
IR64,Sandy Loam,Wet,Direct Seeded,100.42394974776482,28.531306702896558,155.8346707076618,81.51052204094299,3.799694263285132,4.11
NSIC Rc 160,Sandy Loam,Wet,Transplanted,94.14826163468538,26.367225581556667,165.02208818582116,88.94237674091755,3.2515742197765762,4.42
NSIC Rc 222,Clay Loam,Wet,Direct Seeded,180.9194487619164,28.521139786237484,319.47698493371115,85.91053973674718,5.395952237282925,5.72
NSIC 218,Clay,Wet,Direct Seeded,169.5481482138478,22.527833505156913,243.00311028649247,84.46133608748322,3.417174952219275,5.25
Dinorado,Silty Clay,Dry,Direct Seeded,127.24697159725172,23.80271536018376,81.35521869396636,62.59210081415628,4.459824736192669,4.3
IR64,Sandy Loam,Dry,Direct Seeded,69.6102109186775,28.26947855241755,36.02709694955355,67.17089649418253,2.9123424687963655,3.6
Dinorado,Clay,Wet,Direct Seeded,82.26072071975787,28.413668192253024,367.0288933058701,76.70268072975269,4.973162454549652,4.66
Dinorado,Silty Clay,Wet,Transplanted,148.434198561321,29.741346587074272,333.5682834689666,81.2868031492444,4.12752383052854,4.91
NSIC Rc 222,Silty Clay,Wet,Transplanted,107.75618567606175,26.02999759053602,155.42000291674043,69.0964467990143,5.438338373593948,5.61
Dinorado,Silty Clay,Wet,Direct Seeded,175.47097874989566,29.22554096616156,321.7220779590005,62.7998433936247,3.7702066505003056,5.13
NSIC 218,Clay,Wet,Direct Seeded,192.49325139983063,28.839803325601892,198.08811818308905,69.33297560445743,3.086343624929981,5.29
Dinorado,Clay,Wet,Transplanted,170.84553879123774,31.633933783698488,255.64564217597803,83.13087541741558,3.5380569983229506,4.57
NSIC Rc 222,Clay Loam,Wet,Direct Seeded,106.63181344933358,24.15130226424679,306.18380053074065,86.32203088024119,4.710896818280483,5.18
NSIC 218,Clay,Dry,Direct Seeded,168.30296438471362,27.516795637526393,78.31865188057866,87.38710945033029,4.477319562987628,5.37
NSIC Rc 160,Clay,Dry,Direct Seeded,102.71625102060253,28.01764442110469,119.64956175306722,71.36600037432443,4.8350422228531755,4.23
Dinorado,Clay,Dry,Direct Seeded,75.06501316484508,31.986478849342205,125.76885120129332,71.1761572458059,2.720410876612627,3.8
NSIC Rc 222,Silty Clay,Dry,Direct Seeded,55.00898072987861,24.011841421666517,130.9556959308939,72.20122412915373,4.241106326034359,4.63
NSIC Rc 160,Sandy Loam,Wet,Direct Seeded,107.857506914153,27.23218019967292,368.1794603239232,71.27428408264343,5.296506031108914,4.45
NSIC Rc 160,Clay Loam,Wet,Direct Seeded,185.53389555459228,25.46185307713639,264.0244720979848,79.98589822521629,2.8237057584447323,4.58
IR64,Sandy Loam,Wet,Direct Seeded,85.84798816335147,27.258929685789997,352.1226135477836,70.74969786395978,2.7830057767389365,4.44
NSIC 218,Sandy Loam,Wet,Transplanted,80.97697473946761,24.32128602103106,345.7414157001582,60.61031809842738,4.649813093558542,5.28
Dinorado,Clay,Wet,Transplanted,195.47311778615605,22.476123784274883,253.63462821281456,73.17073802063615,3.4455473675326056,4.78
NSIC Rc 222,Clay Loam,Dry,Direct Seeded,53.750616927588815,27.72565453897689,89.73992643223859,66.72456198535764,4.475737631082721,5.09
IR64,Sandy Loam,Wet,Direct Seeded,167.86732255906315,25.35854315860832,275.2450408582257,60.864214133538596,4.1361535391510795,4.44
NSIC 218,Sandy Loam,Dry,Direct Seeded,98.20549336113055,23.819414017484338,131.37244201150324,74.12528854602145,5.458199975019717,5.38
IR64,Clay Loam,Wet,Direct Seeded,55.6231935304489,25.239355660780337,325.1212525124533,66.17863677594879,5.167169250864622,3.96
NSIC 218,Clay,Dry,Transplanted,187.67038103143756,22.492802014477448,81.40422923245565,73.58225444519202,4.534218344685135,5.52
NSIC 218,Sandy Loam,Wet,Transplanted,70.94634953143753,31.504422340901034,157.78710866173492,68.3324995983086,3.2850238783094516,5.45
Dinorado,Silty Clay,Dry,Transplanted,132.7668925588543,27.811479149732605,94.98838633475083,78.11126610841299,3.2857244864514086,4.74
NSIC 218,Sandy Loam,Wet,Transplanted,91.10813111443217,30.147686813470248,372.7028534498115,89.72632160621879,5.1467314017068375,4.71
IR64,Silty Clay,Wet,Direct Seeded,59.77892032770366,26.231181975477305,342.45403985942335,76.41695762134995,4.256023195826179,4.22
NSIC 218,Clay,Wet,Direct Seeded,57.48837284950686,31.033146675661857,212.35397035058259,79.4068775067831,4.867845346156307,5.15
Dinorado,Sandy Loam,Wet,Direct Seeded,67.33350482545082,26.833182215522534,395.2949882972439,87.57827273253604,3.8495926196104904,3.86
Dinorado,Clay Loam,Dry,Transplanted,60.70505208340701,27.739453222006695,116.22077231803034,71.22001253175274,2.80922090995458,4.63
IR64,Clay Loam,Wet,Direct Seeded,164.08371732798844,26.91793980062657,194.84758814740468,64.99645349356749,3.498059374718878,4.42
NSIC Rc 160,Sandy Loam,Dry,Direct Seeded,122.83493034251437,29.332782958676518,69.56094097947118,68.4839184879166,2.9834475828650895,4.15
NSIC Rc 160,Clay,Wet,Transplanted,101.43381370234695,27.666560776020624,378.5216684261004,72.08384822143648,4.845498449276507,4.96
NSIC 218,Clay,Dry,Transplanted,112.75533651980108,24.715989235803978,20.30140819942847,79.35053043767515,4.6015359689712705,5.22
NSIC Rc 222,Clay Loam,Wet,Transplanted,189.3420103358935,23.455395313226465,231.11836458077778,60.13764088289163,2.765238767164122,6.1
NSIC 218,Sandy Loam,Wet,Transplanted,186.61277191072207,28.06124388882978,340.78667754103395,85.60149644300952,4.364156196285631,5.39
IR64,Clay,Dry,Transplanted,157.35147201838652,26.89179961547036,59.02328996007766,62.282819191494916,5.122406520984386,4.4
IR64,Clay Loam,Wet,Direct Seeded,182.70235661325316,22.95975696696113,264.09414831198626,87.0196544675565,4.5920928861999,4.98
IR64,Silty Clay,Wet,Direct Seeded,97.94720413814372,25.956174657932685,334.11684686250055,88.48303563614697,4.033335738953264,4.2
IR64,Sandy Loam,Dry,Transplanted,107.16639890124242,27.147764220004536,97.35219035143444,89.70308382336401,3.4355898548166617,4.53
IR64,Silty Clay,Wet,Direct Seeded,142.05682727813422,30.2689323382559,188.94576198484157,84.28530553220634,5.161290248757687,4.83
Dinorado,Silty Clay,Dry,Direct Seeded,143.54389209458964,22.761010558333624,36.92653174952676,64.25566577820457,3.7684146464230595,4.23
NSIC Rc 160,Clay,Wet,Direct Seeded,122.25497570185114,25.48495348246003,217.3766145966207,81.18501129675559,5.066180740701356,4.86
IR64,Clay,Dry,Direct Seeded,110.098677265693,30.226561227103854,30.773950889949607,66.0996387182453,4.848999514654591,4.2
NSIC Rc 222,Clay,Dry,Transplanted,197.92704674130428,28.484239317715787,51.03127624280127,86.91383506741212,4.948680895842579,5.77
NSIC Rc 222,Sandy Loam,Dry,Direct Seeded,173.16854391765867,24.89958321803787,14.49560471889499,69.49817776966034,5.4693925604849385,6.11
NSIC Rc 222,Silty Clay,Dry,Direct Seeded,115.24702968320678,30.453351220226423,114.07920573216876,69.80387931225124,4.746275547618893,5.83
NSIC Rc 222,Sandy Loam,Wet,Direct Seeded,159.0938715859353,26.932935805626926,174.9644561180064,87.529598877446,2.6021228071559452,5.41
Dinorado,Clay,Wet,Transplanted,90.43425398786891,26.983518913104604,366.2859953594508,60.396932123511135,3.1163018049422346,4.61
NSIC Rc 222,Silty Clay,Dry,Direct Seeded,65.02539893559948,31.765873392003844,46.22018430636743,65.81898454450709,2.6055854509754934,4.68
IR64,Sandy Loam,Wet,Transplanted,102.8646538329111,31.471165032363785,224.07324694237482,72.65796799690365,3.069740709825072,4.47
NSIC 218,Sandy Loam,Wet,Transplanted,110.44592001850913,25.58532683369844,323.6190573541659,81.02164701930579,2.68431853205834,4.78
NSIC Rc 222,Clay Loam,Wet,Transplanted,52.48056868410062,23.405791286630823,355.05529943538204,79.42698498134206,4.004851123558758,6.1
Dinorado,Sandy Loam,Dry,Transplanted,172.2188002453844,25.25666732278094,27.393375529123933,80.08235625501447,2.5846186393992334,4.61
Dinorado,Clay,Wet,Direct Seeded,103.87901035837723,22.30483260311388,375.3545590948365,86.40066085231993,3.917737298845778,4.32
NSIC Rc 222,Sandy Loam,Wet,Transplanted,137.06272486702204,22.207678867103912,176.57427882792945,63.630912368797695,5.1965227213600365,6.2
NSIC 218,Silty Clay,Dry,Transplanted,61.09447809064339,25.95522136251419,107.87811823488093,75.66485088656312,4.745728037724428,5.31
NSIC Rc 222,Sandy Loam,Wet,Transplanted,76.2495243125876,31.41019822697234,373.25373337815313,81.76433067307465,5.331867770955268,5.32
Dinorado,Clay Loam,Dry,Transplanted,183.454058799134,30.713573412322077,128.0099217560603,79.08355328772494,3.1799403212695614,4.75
NSIC Rc 160,Silty Clay,Dry,Transplanted,141.30312918242012,27.11442833917623,12.782583420648983,73.44942359817803,4.093257449215882,4.36
IR64,Silty Clay,Dry,Direct Seeded,192.54260752557283,27.65226381170831,42.70396790377148,60.51343757616492,3.4557383594975164,4.48
Dinorado,Clay Loam,Wet,Transplanted,199.81250515869755,22.059334967460565,199.31319443267986,61.81356796943654,3.981459387076102,5.07
NSIC Rc 222,Clay,Wet,Direct Seeded,105.77901729996415,24.155011558337655,334.2255028977404,63.5682398056151,4.171227488752866,5.19
IR64,Silty Clay,Dry,Direct Seeded,94.82045961249119,22.247741269343837,142.33252548174167,70.29683258506091,2.6085583914275956,3.64
NSIC Rc 222,Clay,Dry,Transplanted,178.75340827386452,29.545395326953876,63.935579030588535,63.52960358001441,3.1997684056449494,5.84
NSIC Rc 222,Silty Clay,Dry,Direct Seeded,199.79171405561814,23.456457960264977,141.40288887347037,72.78246939187825,4.6143183377319925,5.68
NSIC Rc 160,Silty Clay,Dry,Direct Seeded,144.44618513486859,30.69047102476817,48.389755371894836,65.35925971756738,4.818784073620899,4.22
IR64,Clay,Dry,Direct Seeded,169.27110837672836,28.43324313675788,40.529468980070476,83.37498592578618,4.2083541024625095,4.57
IR64,Silty Clay,Dry,Transplanted,167.26187882229118,24.294186765157132,39.97517764191942,86.14462850136647,3.31248708384603,4.38
NSIC Rc 160,Clay,Wet,Transplanted,103.30095623293204,23.577203170832497,332.2122548411528,71.68942523904528,3.71525235016822,3.93
Dinorado,Clay Loam,Dry,Transplanted,136.1405570385631,28.27624700923053,21.932012459491357,75.33995295946916,2.7881104356441537,4.6
NSIC Rc 222,Clay,Dry,Transplanted,174.95854118963206,31.008369802823236,135.50052039127758,88.60488724682824,5.359538850377775,6.14
NSIC 218,Clay Loam,Dry,Transplanted,153.21708143915833,29.183602189143816,147.17690316860615,76.0652326604586,5.106032413630865,6.05
NSIC Rc 222,Silty Clay,Wet,Transplanted,53.17457209730574,25.485466516033775,152.12578543523856,89.85219647530275,2.69680704072239,5.18
NSIC Rc 222,Clay,Wet,Transplanted,100.50585033463003,27.87383595268647,205.15597707756356,64.26392981076164,2.9994719969749912,5.59
Dinorado,Silty Clay,Wet,Direct Seeded,71.6713544891908,25.107616953724214,272.9771286662168,85.86679261790096,4.243283323566261,4.32
NSIC Rc 222,Clay,Wet,Direct Seeded,84.94583181170586,31.991495667786587,255.00867666582053,74.91609008018897,3.1972902223876476,4.91
NSIC Rc 160,Clay Loam,Dry,Transplanted,185.82342162369886,29.488391884618512,143.6312330180293,60.681423337490045,5.303202094042385,5.13
NSIC Rc 160,Clay Loam,Wet,Direct Seeded,55.533993336615225,28.143816397567537,379.6433699711524,89.16668824318046,4.766771742613224,4.22
IR64,Clay,Dry,Transplanted,82.97010679428857,26.232591427658292,129.28393957581835,88.95143699230074,3.3198745387332482,4.55
NSIC 218,Clay Loam,Dry,Transplanted,96.43540283573472,28.181522902595574,128.5643070711365,71.49812520548662,2.5183042335714285,5.19
NSIC Rc 222,Silty Clay,Dry,Transplanted,142.53261079495923,25.41616062467335,102.55196540365827,88.62426213257714,4.898342173608924,5.62
NSIC Rc 222,Silty Clay,Dry,Direct Seeded,130.11525351287983,22.288648394580306,125.6699196730859,64.23028926715637,3.772269128803197,5.51
Dinorado,Sandy Loam,Dry,Transplanted,82.74042242800792,25.950885223566328,39.167931008026684,80.40330423362047,4.427133135573332,4.67
NSIC Rc 160,Clay Loam,Dry,Transplanted,74.63616008347317,31.30480819579867,64.307768254198,65.75786960663504,3.3609244762638926,3.99
NSIC 218,Silty Clay,Wet,Transplanted,85.51970518941782,28.263010947738657,239.93521737563077,67.39941709004484,2.9286197780745127,4.95
IR64,Clay,Wet,Transplanted,125.37944400524833,22.839557030709017,384.2459287089906,83.38012311607817,4.525934775357237,4.1
NSIC Rc 160,Clay Loam,Wet,Direct Seeded,90.67666785668052,30.84993613395026,264.85732959813276,71.32074253695885,3.8509737644399773,3.79
IR64,Silty Clay,Wet,Transplanted,192.14037524115832,24.688748493415147,391.0882241600415,60.213825084858634,3.205509103209943,4.49
Dinorado,Clay Loam,Wet,Direct Seeded,119.57978321432714,24.437694930827274,334.3387025062153,72.42715272586784,2.9128839986986095,4.23
Dinorado,Clay,Dry,Direct Seeded,58.81940248169556,24.970909687803207,99.71708106126471,66.84207961898879,4.2414387833249005,4.23
NSIC Rc 222,Silty Clay,Wet,Transplanted,159.389960875495,27.772022361259573,357.333647908039,80.49989740674874,4.676649820622723,5.56
NSIC 218,Sandy Loam,Wet,Transplanted,99.32679323134843,27.446880934339767,176.21922208725024,65.83346090170501,3.351660886369346,5.72
IR64,Sandy Loam,Wet,Direct Seeded,148.02333980873715,26.914137546228815,296.53535831059196,85.26760585309427,4.705427606041372,4.49
NSIC Rc 160,Clay Loam,Dry,Direct Seeded,91.9391555784848,29.17536863512627,132.4679865586235,68.01279036324493,3.0493665961983156,4.13
Dinorado,Clay,Dry,Direct Seeded,135.61156125999798,25.16537731334959,102.46572473162972,71.7908477484904,3.5152470732853276,4.41
NSIC Rc 222,Silty Clay,Dry,Direct Seeded,165.82287572111971,29.820645215724312,127.46307416678883,68.94110582391293,4.734646860399867,5.38
NSIC Rc 222,Clay,Wet,Transplanted,189.2013112661831,23.75321678378599,185.67508995733772,79.31770043428097,4.480430558941238,5.98
IR64,Silty Clay,Wet,Direct Seeded,89.16907166496156,29.826207890770092,224.40525051274352,63.0349062367919,3.3115708807117374,3.96
Dinorado,Clay Loam,Wet,Direct Seeded,100.22854264984717,28.63810105250283,305.891351541817,74.34298118094732,2.866405004640799,4.45
NSIC 218,Silty Clay,Wet,Direct Seeded,119.63996304289095,28.832083095475866,331.5564261734727,70.03364445645174,2.6274202748417257,4.85
Dinorado,Clay,Wet,Direct Seeded,189.07622566039834,26.8155339712726,159.7959455028127,86.52413889864944,5.013745539757857,5.11
IR64,Clay,Dry,Transplanted,185.20802852159858,28.670015326808645,76.35293221890164,62.20236280723177,2.72542584870358,4.07
IR64,Clay Loam,Wet,Transplanted,63.481742015095705,22.797970465594574,282.7359327680912,84.89085194798564,2.8445354566191634,3.88
Dinorado,Clay,Dry,Transplanted,69.78947386307163,30.515511170493674,110.42252327870621,65.03041429589727,3.213131890826001,4.16
IR64,Silty Clay,Wet,Direct Seeded,124.32637659959573,22.55547233487646,291.32849657247164,62.657329797898655,3.8370091127195436,4.35
Dinorado,Clay Loam,Dry,Direct Seeded,65.99289092081352,23.487415098714976,147.19731289251214,66.06968574369024,4.8693612407094875,4.53
NSIC Rc 160,Silty Clay,Dry,Transplanted,101.83713100230463,27.76789708497236,31.488397998166082,63.07958946035431,3.242440977823318,4.41
Dinorado,Clay,Dry,Transplanted,72.25780673262165,29.394114554566915,139.76889692422458,75.62951844606377,4.1305247450792555,4.59
Dinorado,Clay Loam,Dry,Direct Seeded,145.4060532697829,22.762515643462535,83.13095269786639,89.64644858747344,2.7711175661501293,4.37
IR64,Silty Clay,Wet,Transplanted,192.42431476087427,31.207648141223196,169.7069992775503,61.02982055772777,3.893533015409574,4.43
IR64,Clay,Wet,Direct Seeded,199.51006554415721,31.736076488006987,275.17200855019087,73.83385047958384,3.0329169801319247,3.91
NSIC Rc 222,Clay,Wet,Direct Seeded,106.28616987453722,28.05950173007711,328.4605700124566,71.58210987323585,3.133574676671695,5.32
NSIC Rc 222,Sandy Loam,Dry,Direct Seeded,139.85189556719183,26.812434553768366,100.05052430220812,70.18819242739201,3.6004853023267884,5.78
NSIC Rc 160,Clay,Wet,Direct Seeded,178.44014802861219,29.413949722797497,163.30682121888273,69.95590831300083,4.784043096102572,4.25
NSIC Rc 222,Silty Clay,Wet,Direct Seeded,67.6193109194576,25.283573523272054,340.06694408099054,86.85038269879387,4.731959289700704,5.21
Dinorado,Clay Loam,Wet,Direct Seeded,153.43466165779475,26.932644341051066,294.1066262260342,60.569284506252124,3.7449189294559604,5.34
IR64,Sandy Loam,Wet,Transplanted,111.32654925876024,31.161510268144013,358.30680206794773,83.24749162140415,2.8560134625772258,3.99
NSIC Rc 222,Clay,Dry,Transplanted,80.92192404202461,31.556554252415335,132.9016609674718,67.58799536417825,3.342074860071839,5.67
NSIC Rc 222,Clay,Dry,Transplanted,110.41304281211629,31.270691160511852,67.35158415732437,71.49886532452724,4.016067329590415,5.24
NSIC Rc 160,Clay,Wet,Direct Seeded,61.39404304473753,24.6244806696384,204.51564321351748,72.60449738545734,5.10823533608537,4.25
NSIC Rc 160,Silty Clay,Wet,Transplanted,154.31107228839585,24.324690402167633,358.3184210532796,69.1419526222123,5.404763844439991,4.92
Dinorado,Sandy Loam,Wet,Direct Seeded,87.91140031226797,24.97664505929314,173.64024381686698,62.80676585506193,4.412412805071741,4.8
IR64,Silty Clay,Dry,Direct Seeded,96.7108467567317,26.4131111238846,68.61696048460709,63.42992546488304,3.552059471492204,4.06
NSIC Rc 160,Sandy Loam,Dry,Direct Seeded,68.16219473621942,25.141674127919636,83.80545708859405,68.94393372247933,4.580360361083136,3.8
NSIC Rc 222,Clay Loam,Dry,Direct Seeded,179.69886708348375,25.74212795739058,12.674291829559081,84.65427158661751,3.5086904074617955,5.86
IR64,Silty Clay,Wet,Transplanted,124.01664189241079,28.206369521207595,250.95742411116782,64.03882958362236,4.376420360249819,5.26
IR64,Silty Clay,Dry,Transplanted,135.82203166796006,29.625256770939757,79.5332653320691,82.27919499437792,3.23129971508703,3.87
NSIC Rc 222,Clay Loam,Dry,Transplanted,135.4149024642282,29.35558198267917,50.752217099192244,68.66609188287863,3.300966103694134,5.9
NSIC Rc 160,Sandy Loam,Dry,Direct Seeded,111.57396718120125,30.14423567079152,139.9135855348494,86.50394805336279,2.7256767671233693,3.91
NSIC Rc 222,Clay,Dry,Transplanted,78.87948731572092,22.321844032154022,22.282941825424384,72.84985426201922,3.7604234566395247,5.02
IR64,Clay Loam,Dry,Transplanted,161.76991227475997,22.47733789678756,74.30486468277225,65.15169939892127,4.354523560287003,4.46
NSIC 218,Clay,Wet,Transplanted,69.05843980365115,29.893829606886293,199.87119788116212,89.5753335033153,4.866384831431864,5.13
NSIC 218,Clay,Wet,Direct Seeded,65.58106854182158,27.33078822324632,369.0052080727186,65.29903557689735,4.931045634513081,5.08
Dinorado,Clay Loam,Wet,Transplanted,156.5217556394755,27.781406737621204,326.22995407544346,77.02859463696808,5.4773333485214915,4.83
NSIC Rc 222,Sandy Loam,Wet,Direct Seeded,81.32555306779757,22.52586860214377,156.34044429018203,77.07859434288403,2.763267177510886,5.16
NSIC Rc 222,Clay,Dry,Transplanted,96.01591270292485,24.553138011712708,142.6455438528305,71.18440353533339,3.9794103053374865,6.19
Dinorado,Clay Loam,Wet,Direct Seeded,121.28412005026104,28.383543048854776,152.38083890348904,88.54465777647393,4.0641237262072405,4.62
Dinorado,Silty Clay,Wet,Transplanted,117.40269750943193,30.591818901106762,222.81231362041743,85.31623687235195,4.913600279133677,4.91
Dinorado,Silty Clay,Wet,Transplanted,156.2868687597499,31.169833971814025,185.82077857014136,84.89458682514726,3.299075546766541,4.81
IR64,Silty Clay,Dry,Transplanted,143.51476901650415,27.004194958350816,136.14493504458687,89.22455806288434,2.708116959818401,4.78
NSIC Rc 222,Clay Loam,Wet,Direct Seeded,146.65942434227986,27.454742327381975,307.5761193900489,73.7132801458895,3.4412764308052592,5.75
IR64,Silty Clay,Dry,Transplanted,157.1081495983186,30.33049631068991,108.18878193243702,62.91557326860088,5.451783487192783,4.91
Dinorado,Clay,Dry,Transplanted,93.8919091135198,27.376246007473547,92.51054727945046,82.96367776349382,5.198323593473759,4.84
NSIC Rc 222,Silty Clay,Dry,Direct Seeded,98.34999677007104,27.168585255373173,49.30233119859762,71.42437738355801,3.685740882839955,5.52
IR64,Silty Clay,Wet,Direct Seeded,115.69966218433312,31.05084037760954,315.9492334706399,65.71035455410555,5.128815996235182,3.31
IR64,Clay,Dry,Direct Seeded,96.11932595502891,29.899327210558802,61.37399578534367,74.4974202966076,2.5982634523499764,3.89
Dinorado,Silty Clay,Wet,Direct Seeded,197.74068034562953,31.090725263612946,385.48772591534185,87.7715682050149,3.4426122323926016,4.2
NSIC Rc 222,Clay,Wet,Transplanted,172.10778896321443,24.182470547811537,388.0099811364602,65.14071057043886,4.680435543962633,5.68
Dinorado,Silty Clay,Wet,Transplanted,74.69820323840443,27.243754866553566,314.72417635283637,85.46096445689226,3.164356753050517,4.78
NSIC Rc 222,Clay,Dry,Direct Seeded,50.83912338228043,30.42472128593358,22.618881065577813,72.54614824845352,3.09517285446192,4.41
NSIC 218,Silty Clay,Dry,Transplanted,56.41749023709018,23.11147827467109,120.05516168615327,64.10405942109426,5.08542263789312,5.46
NSIC Rc 160,Clay,Wet,Direct Seeded,86.60951765643878,29.946621542939617,151.41877821317718,85.45146911965969,4.347861883230232,4.19
NSIC Rc 160,Clay Loam,Dry,Transplanted,67.14369287552849,23.829733834148694,55.34176750653364,89.08861023574286,5.467068154936108,4.7
NSIC Rc 160,Clay,Dry,Direct Seeded,130.0007172338858,30.08118754985321,103.48946586422903,68.73812147505035,2.9040090288374456,3.86
Dinorado,Silty Clay,Dry,Transplanted,178.6992834091038,28.12000937556868,60.06326880780588,69.10608629526206,3.56838522169944,4.52
NSIC 218,Silty Clay,Wet,Direct Seeded,160.5125331369841,23.93235991484867,239.74947914240357,71.716379491198,3.4336401154110536,5.31
NSIC Rc 222,Sandy Loam,Dry,Direct Seeded,82.34135946232857,26.733541793328012,75.00626179547677,84.42391093382422,5.140396713156729,5.72
IR64,Clay,Dry,Transplanted,109.89488840386788,28.819051664607716,87.7003461326953,60.31251590218499,3.2658895601290316,4.39
NSIC Rc 222,Clay Loam,Wet,Transplanted,126.18413142969165,28.338529008835422,278.28537831181654,66.71869655212603,3.56038299302251,5.49
IR64,Clay,Dry,Transplanted,171.5308774255003,26.27247196231704,122.2593371746845,81.17699433318978,2.9285016270262823,4.18
NSIC Rc 222,Clay,Wet,Direct Seeded,175.8682404659247,30.993665289209268,274.7949391271165,72.16918351456579,4.826202947947561,5.65
NSIC 218,Clay Loam,Dry,Transplanted,186.45774678616638,27.192634144878443,39.561892855695255,69.90886868904383,3.213109851876559,5.73
IR64,Clay,Dry,Direct Seeded,126.38678757543127,27.058672985286883,65.82715415617989,86.16848666706052,2.7049608166966586,4.22
Dinorado,Clay Loam,Dry,Transplanted,154.14121196537945,22.62250589941454,28.211420064854458,87.52001760438718,3.80532619807269,4.99
NSIC Rc 222,Clay Loam,Dry,Transplanted,66.77005568509057,31.221203897976373,20.6064706889763,88.43958657498587,3.6743743718846043,5.01
NSIC Rc 222,Clay,Dry,Direct Seeded,134.79334399309732,23.77116568678373,94.65440986363086,68.1765159796289,3.0328276129161265,4.83
IR64,Clay,Dry,Direct Seeded,87.30377142067027,27.283446934365543,36.47274621024637,87.3753782861732,2.9007926796880463,4.19
Dinorado,Silty Clay,Wet,Transplanted,114.75753275399167,30.0356760140031,300.83515737555666,82.10896664181867,5.189671640149783,4.92
Dinorado,Silty Clay,Dry,Direct Seeded,145.1075762460079,24.154532769556432,18.371907869653832,64.62644245465742,2.7035334596536917,4.35
NSIC 218,Sandy Loam,Dry,Direct Seeded,88.54789067806716,27.27373289970841,135.59371036889678,78.3081008492463,2.79793287008896,5.26
Dinorado,Sandy Loam,Dry,Transplanted,57.82775866951416,24.406849092233408,84.80401876995542,60.790044579209734,3.235141843415218,4.63
Dinorado,Clay,Wet,Direct Seeded,51.535078461313624,29.596949977999117,390.1378707011901,81.25134467312596,5.358517568969507,4.27
Dinorado,Clay Loam,Wet,Transplanted,53.323930331678234,27.643411678731507,371.29817298878845,82.00702567952816,2.7561527485595656,4.61
NSIC Rc 160,Sandy Loam,Wet,Transplanted,51.252460627065446,30.559758603951437,177.22700836262206,83.68015525784992,4.9480444802286465,4.49
NSIC 218,Clay,Dry,Direct Seeded,66.55325848368132,30.94558002877383,28.84794903641785,65.17575162367305,5.1761564599564815,4.68
NSIC Rc 222,Sandy Loam,Dry,Transplanted,85.92330718551949,28.48733482445398,17.47965784265696,78.84749822842593,3.6336032243526564,5.29
IR64,Clay Loam,Wet,Direct Seeded,83.18322712734488,29.253912461589444,216.4950978483483,65.36570054482964,3.3816831994955274,4.27
NSIC Rc 222,Clay,Wet,Transplanted,198.01948912698452,27.492200998868636,358.2773543549091,88.39950250167527,4.532133184772224,5.92
NSIC 218,Clay Loam,Wet,Direct Seeded,95.90091578134148,25.84428733067383,356.0767272048017,80.25032078042503,4.607903801830669,5.38
IR64,Clay,Dry,Direct Seeded,69.11311750390986,28.481179230208348,26.780407477911858,62.85977544012167,4.839931488472466,4.03
NSIC 218,Sandy Loam,Wet,Direct Seeded,131.8343816251637,31.08288623487329,218.84268103041774,65.61096690017469,4.991700343986777,5.46
Dinorado,Silty Clay,Dry,Direct Seeded,178.69361830962626,26.16680380431438,75.98721364488597,79.90380294389243,3.3051863680370204,5.15
IR64,Sandy Loam,Dry,Direct Seeded,151.70905651815127,25.144100263737954,103.58513572364569,74.30011488478826,4.560884805659947,4.49
Dinorado,Sandy Loam,Dry,Transplanted,94.41231337031755,25.88436938552574,99.77921049804638,82.08892998632635,2.9047171728540264,4.59
NSIC Rc 222,Silty Clay,Wet,Transplanted,134.24242396871824,26.353976302115996,332.6470076715299,68.42366396776977,4.032193994632461,5.79
NSIC Rc 222,Silty Clay,Dry,Direct Seeded,157.22839613006136,22.735610289777163,30.21923207702979,79.73752610541231,4.338660749537784,5.35
IR64,Clay,Wet,Transplanted,159.21567385516136,26.984418404349945,318.00934467946433,65.30880504091317,2.985195810029644,4.6
IR64,Clay,Wet,Direct Seeded,149.98076829465333,26.943142480500597,268.3809912424904,76.311307900831,2.7295196191586224,4.68
NSIC 218,Clay Loam,Wet,Direct Seeded,180.6215637163427,27.88443827640523,200.36373816975734,88.7339877464996,3.084238858828579,5.47
NSIC 218,Clay Loam,Wet,Transplanted,180.51581875161565,25.628200304713314,372.1607952235215,78.8466669687296,3.7617662435571013,5.37
Dinorado,Sandy Loam,Dry,Transplanted,136.8404839110505,28.131075959555897,98.68845325727924,61.49980852514749,5.163522933446124,5.4
IR64,Silty Clay,Dry,Direct Seeded,114.47845536668184,30.782163102742032,66.68118739046392,89.6628641320988,4.095743273604182,3.84
NSIC Rc 222,Clay Loam,Dry,Direct Seeded,146.23554433476497,31.554709904951643,75.0641298019251,64.70598988946597,4.745478675201972,5.54
NSIC 218,Sandy Loam,Dry,Direct Seeded,172.73180020556947,27.836122161410497,122.2002568743444,81.54207308091316,3.0224335848743396,5.23
NSIC 218,Silty Clay,Wet,Direct Seeded,50.84781572617771,22.42590953970313,319.4627960767087,75.97590117192588,2.8179345941656764,4.07
NSIC Rc 222,Clay,Wet,Direct Seeded,198.79955135222767,31.692359972671092,192.24823121959366,68.83082063412911,3.2188520728967194,5.71
NSIC 218,Sandy Loam,Wet,Direct Seeded,77.43406584937989,29.058620608962563,326.2005862102152,65.31931456283127,3.4416412383710773,5.13
Dinorado,Clay,Wet,Transplanted,120.53734784899643,25.35963648553652,335.358429894245,65.33107092830147,4.144306056466599,4.75
IR64,Clay Loam,Dry,Direct Seeded,180.80446022643,23.471577009637233,56.54991217514937,85.75199043624481,5.143729961093323,4.06
NSIC Rc 222,Clay Loam,Wet,Direct Seeded,83.7560598566299,23.43418612236275,371.7200712802602,86.1873754249027,3.7782778503320964,5.09
IR64,Silty Clay,Dry,Transplanted,121.51928358505748,23.677444061396027,30.57986660286953,73.95436564874136,4.05639456353491,3.98
NSIC 218,Sandy Loam,Wet,Direct Seeded,69.88732702717688,22.4557252161382,205.70981381048372,63.10864388774922,2.513840607954762,4.07
NSIC 218,Clay,Wet,Direct Seeded,109.26144880822889,31.021541886529114,397.1885263533517,86.52495311540369,2.59993618867386,4.55
NSIC Rc 222,Silty Clay,Wet,Transplanted,76.57031821895038,27.407682328273363,188.3483556317303,74.61049458525267,2.751307599782643,5.77
Dinorado,Clay Loam,Wet,Direct Seeded,104.54416231567356,28.999594127138373,300.1722229648958,73.1628726860074,4.5969822564370855,4.93
NSIC Rc 160,Clay Loam,Dry,Transplanted,106.01963251890831,30.281085092683075,132.28343869928767,72.22071073312861,3.9585741063157522,4.85
NSIC Rc 222,Sandy Loam,Dry,Direct Seeded,198.9756184397499,29.915410063332004,39.69828062128732,70.95042521577616,3.0788835955955745,5.63
NSIC Rc 160,Clay,Dry,Transplanted,199.22195439556583,30.826056237288416,51.16418187764998,75.78016210825783,4.2777983160694575,4.85
NSIC Rc 160,Sandy Loam,Dry,Transplanted,67.21794179909186,31.67254622524952,108.92260824636713,78.13623679835112,4.133836455457108,3.75
Dinorado,Clay,Wet,Transplanted,158.89531689925207,26.390706147419394,314.29412631836965,73.99296610718868,2.7663979054299874,5.25
NSIC Rc 160,Clay,Wet,Direct Seeded,57.761821950365174,31.503354666683904,254.73822381646514,86.89944490365133,4.421238318151438,4.3
NSIC Rc 160,Sandy Loam,Dry,Direct Seeded,54.52880230057829,29.232899483428163,105.69704438806502,69.52983685588492,4.801464617891531,4.02
Dinorado,Silty Clay,Dry,Transplanted,65.80008413674464,22.706681903080785,122.05600297973602,77.34935570360344,3.3596632231272907,4.51
NSIC Rc 160,Sandy Loam,Wet,Transplanted,194.8228485511901,28.817831212123455,268.7594271925966,68.99861760581956,4.562466585982923,5.09
NSIC Rc 160,Sandy Loam,Wet,Direct Seeded,191.1295321842046,28.867166596048484,372.7275241805344,82.60050071377603,3.0991585510263517,4.66
NSIC Rc 160,Clay Loam,Dry,Direct Seeded,79.08917304210206,31.05860563792527,35.741329802711746,63.06363297984707,4.770186441135234,3.93
NSIC Rc 222,Clay Loam,Dry,Direct Seeded,74.25085033305673,25.72932132470092,59.319185063988456,65.66096990385998,5.235322507368161,5.3
NSIC Rc 222,Sandy Loam,Dry,Direct Seeded,86.08026297739205,27.84911500271818,27.62365345387655,84.03604229780852,3.8256013714049413,5.13
NSIC Rc 222,Sandy Loam,Wet,Direct Seeded,127.33204911127132,22.121875510117427,311.3185574163655,65.49592785658616,3.2338662346348537,5.36
Dinorado,Clay Loam,Dry,Transplanted,135.45569480531148,25.32075242181336,85.74548060360459,78.7723903858422,3.6975301065930997,4.35
NSIC 218,Clay,Dry,Direct Seeded,83.2390145659171,22.62243726158781,50.959882955418166,89.1073035571259,3.2502324179671507,3.88
NSIC Rc 160,Sandy Loam,Dry,Transplanted,163.4934182134918,27.21872972764897,106.45098974119878,75.68671841297898,2.5037181272991265,4.81
NSIC Rc 160,Silty Clay,Dry,Direct Seeded,96.43297541039762,30.17447650506953,10.04821151783575,65.62189339020208,4.4513698354133355,4.06
Dinorado,Silty Clay,Dry,Transplanted,188.31969882941155,24.06442692129069,18.355619784341094,69.62073137077913,2.627579925886591,4.65
NSIC Rc 160,Silty Clay,Wet,Transplanted,148.50840596850958,27.274410455577787,274.2502395586716,84.70374229362714,3.131172220651693,4.35
NSIC Rc 222,Sandy Loam,Dry,Direct Seeded,115.45267914554175,24.04008636510767,70.55844207270806,70.54982739359922,4.667348668389463,4.99
NSIC 218,Clay,Wet,Transplanted,168.4868002554268,23.206884678462405,182.08739060838116,81.70534077089441,4.497175041747351,5.52
IR64,Clay,Dry,Transplanted,172.6871939069997,27.109967919343426,144.1457818365796,83.3205018865203,2.719986736138497,4.74
NSIC Rc 160,Clay Loam,Dry,Transplanted,93.57224084134154,22.791486209497275,134.7191942302856,75.03548541735492,4.480164223237232,4.22
NSIC Rc 222,Sandy Loam,Dry,Transplanted,100.95718157541265,27.873546311379894,149.16126392867764,83.49640153099168,5.291724668727348,6.2
IR64,Clay,Wet,Direct Seeded,190.39327305929052,22.313374606767262,151.83440630578366,69.50709013284643,2.7235074070545493,3.94
NSIC 218,Sandy Loam,Wet,Transplanted,74.71115575449079,23.067149718683755,181.24215453795836,75.48478940149218,3.747064683029909,5.02
IR64,Clay Loam,Wet,Direct Seeded,56.32256254444013,27.499974854873578,389.04614186912636,80.59674791916422,4.688301670342424,4.17
NSIC Rc 222,Clay Loam,Dry,Transplanted,118.10829839143237,27.91407412898914,68.35623148096627,65.0421944191314,4.50316900953374,5.71
IR64,Clay Loam,Dry,Direct Seeded,170.18148503654436,22.289869300937582,16.519588078325214,68.20865902146569,3.179531627408495,3.84
Dinorado,Silty Clay,Wet,Direct Seeded,165.7502159466119,27.733767880015584,341.02169574783267,79.56109810180956,2.989201832490119,4.5
IR64,Sandy Loam,Wet,Direct Seeded,187.92959433692488,30.38502525323637,391.7790818775619,79.6608035948866,4.852741012122796,4.08
NSIC Rc 160,Clay Loam,Dry,Transplanted,129.980099655356,29.22316177293954,52.83385988276674,74.79907939358937,5.36873396571639,4.74
NSIC Rc 160,Sandy Loam,Wet,Direct Seeded,65.00970073498,23.311851039207987,158.92717742704298,83.86756070346361,4.8027504026284875,4.27
Dinorado,Silty Clay,Dry,Direct Seeded,138.30334615040243,27.924746475636148,104.6079193043532,74.46164706014926,5.38961344659325,5.04
NSIC Rc 222,Silty Clay,Wet,Transplanted,166.75934215298173,28.722525000742134,320.0551009646598,86.439667962412,4.3149862724111285,5.77
NSIC Rc 160,Clay Loam,Wet,Direct Seeded,63.99921804047396,22.37231201752292,161.0733816008545,82.07710292615836,5.287296582075751,4.14
NSIC 218,Clay Loam,Wet,Transplanted,75.89861016463846,30.553476686836227,345.5141172172058,69.44084589910024,4.571307083634661,5.5
NSIC Rc 160,Clay,Dry,Transplanted,51.84359917335063,31.062673972898303,28.922933367438137,71.85762025453667,5.22665425060326,3.72
NSIC Rc 160,Sandy Loam,Dry,Direct Seeded,139.04788691702157,30.504522733622586,51.996105026400144,80.03060057309537,2.9847669039087723,4.45
NSIC Rc 222,Clay Loam,Wet,Transplanted,183.01015879188566,30.24631467989113,245.23754318379855,86.83357856470474,4.946695647231847,6.15
IR64,Clay,Dry,Transplanted,150.59949740031493,29.449651984608934,17.863263036280216,65.36126198110526,3.0902374028603576,4.13
NSIC Rc 160,Sandy Loam,Dry,Transplanted,197.3060131386473,28.3343203128196,76.49538537463279,75.4399061622594,2.582287305837872,4.82
Dinorado,Clay Loam,Dry,Direct Seeded,59.45504787496424,28.786270049882518,39.24889487731231,63.5635326397313,4.052758402128889,3.75
IR64,Clay,Dry,Transplanted,185.45016277272444,30.06395293334983,22.77472376586033,68.38365465960393,3.4547553416855328,4.68
NSIC 218,Clay,Wet,Transplanted,172.11024310800212,28.624984583613045,173.94134002662372,80.57944077879728,2.6305940853640535,6.04
NSIC Rc 222,Sandy Loam,Dry,Transplanted,97.13622807492574,25.27726956682071,67.57021332754707,62.33203905744485,5.440913136184478,6.02
NSIC 218,Clay,Dry,Direct Seeded,196.02898277558776,25.759611021613537,59.17155661238169,79.87075745666542,4.499398286469979,5.03
IR64,Sandy Loam,Wet,Transplanted,93.19066222571226,30.970574683722923,292.01166044687886,87.0243336283589,5.2054365196467955,4.49
IR64,Sandy Loam,Dry,Direct Seeded,183.39570857423277,22.17122085797162,85.25248317236893,89.08110873055398,5.4972477576158445,4.81
IR64,Sandy Loam,Dry,Transplanted,182.1122865611284,28.98820581244282,114.86541174390948,66.49896603076546,3.675900210013276,5.0
NSIC 218,Silty Clay,Dry,Direct Seeded,163.64864249044587,31.547775524252152,25.75962309971073,82.46693869823628,3.2642110862023457,4.57
IR64,Clay,Wet,Direct Seeded,134.52057107192778,29.062281699579735,220.03004915034703,87.79111346116589,3.0516531780604863,4.51
NSIC 218,Sandy Loam,Wet,Direct Seeded,68.00041244253322,31.93911988231782,314.89348546795463,62.74107932548308,4.045561323374027,5.14
IR64,Clay Loam,Dry,Transplanted,129.79576017447474,28.87544905528331,120.75758262940118,72.42070825467616,4.318242332506473,4.56
Dinorado,Silty Clay,Dry,Transplanted,103.51943834824019,22.343630292168612,13.680597182525215,87.58229300616497,3.9172682080975747,3.97
IR64,Silty Clay,Wet,Transplanted,168.83255497330276,30.270098816469236,314.5436898784476,66.0836249476449,3.6617560445370474,4.63
NSIC 218,Clay,Wet,Direct Seeded,163.71938097452673,24.84629911939319,326.2518685301882,88.01282051363526,3.004817690377385,5.42
NSIC Rc 160,Sandy Loam,Wet,Transplanted,186.59187610589078,26.46057225664441,398.1162696944398,75.81576213263335,3.8255788714318717,4.61
IR64,Clay,Dry,Transplanted,52.22452436475618,25.12091915907082,72.03426634941869,62.99679247612667,2.755729411237195,3.57
NSIC Rc 160,Silty Clay,Dry,Direct Seeded,171.36548252345693,24.685541062096796,92.24024016402348,73.49631950266544,5.0951432766627756,4.88
Dinorado,Sandy Loam,Wet,Transplanted,190.76930796870033,26.314057036697854,246.67442748685136,69.78783586401198,2.6407079562938782,4.88
NSIC Rc 222,Clay Loam,Dry,Transplanted,168.39506736622252,25.78751448440674,143.97981423957165,68.46612481655424,3.641938185194664,6.11
Dinorado,Sandy Loam,Dry,Direct Seeded,69.529168980555,28.333385818425896,90.34922376175096,76.24426726901052,2.8004136071289056,4.6
IR64,Silty Clay,Dry,Direct Seeded,62.19186572613316,30.131512009875106,32.2248870579944,74.5077807225561,4.824941498401235,3.44
NSIC Rc 160,Clay Loam,Dry,Transplanted,53.12678597115512,24.97088653187241,82.45585274814728,74.45901478860276,3.4382109364837805,4.34
NSIC Rc 160,Sandy Loam,Dry,Direct Seeded,144.31178387421065,24.137211528220174,65.40975260679826,62.64425193309346,2.8393168379576643,4.01
NSIC 218,Clay Loam,Dry,Transplanted,144.4508977789831,28.668952708703422,77.10977946403412,84.0695454308141,4.094473896593541,5.47
NSIC Rc 160,Clay Loam,Dry,Transplanted,198.03705713273183,28.703200658307814,37.59358205227221,74.44317946067386,5.24883102168862,5.05
NSIC 218,Silty Clay,Wet,Transplanted,109.70647611561435,31.01131239286172,266.3288686212752,84.62717486105623,5.225934613357611,5.25
NSIC Rc 222,Clay Loam,Wet,Transplanted,99.78594273462451,22.15945686453311,351.1529252563352,84.73783924652851,3.24895312339837,4.89
IR64,Clay,Wet,Transplanted,143.66373907765887,30.5304066211651,294.59250575547134,69.5140597454413,4.658979027880701,4.02
NSIC 218,Silty Clay,Wet,Direct Seeded,173.8413008761391,27.21002172948357,159.31430267194992,60.13038911422837,2.590852578522974,5.78
NSIC Rc 222,Clay,Wet,Direct Seeded,190.5160924284503,28.213020891720987,360.76963006496413,87.33737032374356,2.8955553895102737,5.46
NSIC Rc 160,Clay Loam,Wet,Transplanted,170.4686249268558,22.913714405614147,162.87467048451023,82.8208407925872,3.9984171109413387,4.83
NSIC Rc 160,Clay,Wet,Direct Seeded,114.00109709237071,26.326149328720454,192.70503412294607,63.21755870470413,3.1862693034650564,4.31
NSIC Rc 222,Sandy Loam,Wet,Direct Seeded,145.23713529680964,24.273024072385237,175.5199917435468,81.05181102009304,4.894785561880414,5.51
NSIC Rc 160,Clay Loam,Wet,Transplanted,178.44489900741755,24.542250300825092,169.48178322028005,60.60069806006642,5.293216516157983,5.22
NSIC Rc 222,Sandy Loam,Dry,Direct Seeded,123.59145324676092,27.040951146760275,80.11578592357806,60.832772076620955,2.512999949448347,5.46
NSIC 218,Clay,Dry,Direct Seeded,82.5029965558089,30.124559504031126,31.005567000722756,75.77469718793527,3.1987474888029395,4.62
NSIC 218,Sandy Loam,Wet,Transplanted,75.45851596218094,29.43780930144856,156.42121882617755,62.8811228770904,3.818660038228682,5.31
NSIC Rc 222,Clay Loam,Dry,Transplanted,50.02366168670851,27.909999590859538,114.16603129672178,88.93009567454757,4.189237865057166,5.33
NSIC 218,Sandy Loam,Dry,Transplanted,157.73569924719266,27.39418192753467,93.1468764315837,86.81493679950788,5.247708332776304,6.09
NSIC 218,Clay,Wet,Transplanted,66.66458132689857,26.2730604323449,163.75692849309183,79.49436093743654,5.175650471545881,5.89
NSIC 218,Clay,Wet,Transplanted,86.57586495439106,31.727099735613862,260.6097972947025,61.911269125149396,4.411510298403898,5.36
Dinorado,Clay,Wet,Transplanted,94.68144972841901,27.601925542342332,213.2130674956535,69.74505773421195,3.272164042251654,4.76
IR64,Clay Loam,Dry,Transplanted,134.05697902051526,24.53966398312222,20.993876822849664,71.15168993718132,4.849863429635084,4.42
NSIC Rc 160,Clay,Dry,Direct Seeded,109.69359159436539,24.300907920400395,134.54602551005718,74.42639507486099,3.1079553138616953,4.51
Dinorado,Clay Loam,Wet,Transplanted,151.20109880347428,28.113530307751418,181.6342208547047,65.06708622019357,5.39551697229045,5.71
NSIC 218,Sandy Loam,Dry,Direct Seeded,58.34579889930541,27.228275273109286,96.29314464618936,77.32534928391587,2.517519747201994,5.32
NSIC Rc 222,Clay,Dry,Direct Seeded,68.59087913966592,22.076978029547128,54.2549877178964,73.0731194372767,4.209311511723705,4.78
NSIC 218,Sandy Loam,Dry,Transplanted,124.88172552999,30.300653721957794,16.389935933823445,88.41890890178576,2.7651917407648834,4.72
IR64,Silty Clay,Wet,Direct Seeded,100.54471817702446,29.041223542324346,314.6763856816315,88.08585688875657,3.722798590546064,4.08
NSIC 218,Sandy Loam,Dry,Direct Seeded,94.37200441270396,28.618292896781035,98.51173740802862,76.96421866019918,4.404800620931251,5.25
NSIC Rc 222,Silty Clay,Dry,Direct Seeded,60.05421185562841,22.68780657697659,62.28163658876716,79.33048007971605,4.568795486775749,5.04
IR64,Sandy Loam,Dry,Transplanted,184.3578762122002,25.620558501724915,137.06653468298828,64.13389403321227,4.856708409021806,4.79
NSIC 218,Clay Loam,Dry,Direct Seeded,153.77278791875761,31.353822607327864,14.882896579984436,66.69969716520515,4.27998310829431,5.36
IR64,Sandy Loam,Dry,Direct Seeded,68.24272352294741,30.625892413413638,15.474340947914067,87.02146212605729,3.2539580538579833,3.52
NSIC Rc 160,Clay Loam,Dry,Transplanted,59.756893660571095,24.855429378695334,142.90190016697096,80.97497768687205,5.167759728804615,4.21
NSIC Rc 160,Clay Loam,Dry,Direct Seeded,196.23088001468645,23.570588840991388,145.08235239513087,65.68290591849232,4.933322239041063,4.47
NSIC 218,Clay,Wet,Direct Seeded,152.17588256592575,26.49087957168577,206.52797765856462,77.10630918219668,2.98015695312055,5.53
IR64,Clay Loam,Wet,Direct Seeded,112.61841066406123,25.55830378667661,154.73728883620237,88.04283751468347,4.979533552623547,5.24
NSIC Rc 222,Silty Clay,Dry,Direct Seeded,155.25965611336773,28.82226376705991,13.883911748169403,70.35513318485711,5.417933547731446,5.46
NSIC 218,Clay,Wet,Direct Seeded,163.44976797202386,31.664348100843196,254.60494594183194,65.57461126557256,4.411657350423753,5.23
NSIC Rc 160,Clay,Dry,Transplanted,166.99433035831692,25.630014499825613,110.24465289178586,88.26075830727295,3.345415669341681,5.25
NSIC Rc 160,Sandy Loam,Dry,Direct Seeded,121.68159584795865,22.62224172652242,41.00927932603767,73.83796080876297,4.319781493820242,3.9
NSIC 218,Clay Loam,Dry,Transplanted,114.4824137187272,30.97614008342385,108.19498728005016,72.51725995988299,3.527605207444897,5.29
IR64,Clay Loam,Wet,Direct Seeded,51.654212640335054,22.379497302398708,227.6082479945763,68.02701599378251,4.527839411926919,4.41
NSIC Rc 160,Silty Clay,Dry,Transplanted,188.98356727127572,31.52765897153333,131.62259153211772,86.74755884841433,4.134399878367621,4.43
IR64,Sandy Loam,Dry,Transplanted,140.49618175834146,28.6457942800904,24.116407040718556,85.36850300668725,5.288471836269254,4.45
NSIC Rc 160,Sandy Loam,Wet,Transplanted,80.47309057849522,31.41689208441949,229.65110783662317,72.08971198310262,4.353725629602408,4.18
NSIC Rc 160,Clay,Wet,Direct Seeded,187.94051291321549,23.99659686648978,261.31750704539036,60.918398396912366,3.1419450511815072,4.06
Dinorado,Clay,Dry,Direct Seeded,187.23978526554447,22.406997952538077,43.42729834668588,73.39954291518418,4.6753296200256536,5.04
NSIC Rc 160,Clay,Wet,Direct Seeded,198.3776246549144,26.882099782764918,317.2284818085694,65.42574049740159,3.4026349535826457,4.49
NSIC Rc 222,Silty Clay,Wet,Direct Seeded,181.10848447084683,26.506234145701253,304.1197800094985,64.28202210446644,3.317172858846413,5.55
NSIC 218,Silty Clay,Dry,Direct Seeded,199.6676581730097,25.31492273254883,13.370873565709276,71.79280835686271,3.6753298767235103,5.22
NSIC 218,Clay,Dry,Transplanted,86.70292821849088,31.576564743886976,16.136178362221713,62.972308120338816,2.535990037188027,4.89
IR64,Sandy Loam,Dry,Transplanted,176.33743777988514,30.22583732161432,14.146500150488386,88.72393520794995,5.407421980483841,4.57
NSIC Rc 160,Silty Clay,Wet,Transplanted,173.45424631936467,28.61582021375593,384.31540244721884,61.426175453438454,4.096993334076094,4.4
NSIC Rc 222,Sandy Loam,Wet,Direct Seeded,84.64105388311006,23.628582916378278,279.42916657563035,72.04108882196181,4.820481681618881,5.48
IR64,Sandy Loam,Wet,Direct Seeded,64.76563235014862,29.343234082185248,268.14247743126805,64.88108106095085,3.2735566671336347,4.07
Dinorado,Clay Loam,Dry,Transplanted,196.91307705163996,29.270124546997238,122.09552989969804,80.66433964586268,4.739854394900877,5.26
IR64,Clay,Wet,Direct Seeded,94.40368272809155,26.250681736160075,203.35360880422422,62.36434347643685,4.2015115068344056,4.34
IR64,Clay Loam,Wet,Direct Seeded,180.6337685701709,31.247859097140136,338.8453222120392,76.40416722625903,3.7724325213385073,4.43
NSIC Rc 160,Clay,Dry,Transplanted,50.61907320119058,23.669778822290105,51.76097498030873,83.19304485605812,5.4120076785893865,4.16
Dinorado,Clay,Dry,Transplanted,53.15372108294033,24.673375624116645,79.04960154007847,88.50179505146912,3.9815311424392172,4.84
IR64,Sandy Loam,Dry,Direct Seeded,119.88069630445526,22.632243392506336,120.29819690358228,80.95582688908237,4.47237574566903,3.9
NSIC Rc 222,Clay,Wet,Direct Seeded,85.80720259025954,29.954509581775874,185.1939440535712,62.9847527290375,2.5460265744696393,5.02
NSIC Rc 222,Sandy Loam,Dry,Transplanted,153.47619251539464,28.217593860953972,79.29211277894053,62.65561649142423,3.404365619495945,5.52
NSIC 218,Sandy Loam,Wet,Direct Seeded,134.83464883519315,25.149403056812496,272.783222455121,81.94794145614198,5.166074698480199,5.41
Dinorado,Clay,Wet,Transplanted,61.62286961757371,23.638136635943155,255.33054959686112,66.45988215010406,4.7768771833480566,4.64
Dinorado,Sandy Loam,Dry,Transplanted,74.39424444735756,22.401477700287405,70.08744876744345,73.41717925899746,4.11026210852695,4.0
NSIC 218,Sandy Loam,Dry,Transplanted,108.20739050876213,23.667455686259366,11.620248908524234,89.29863304054076,5.200479121339856,5.24
IR64,Sandy Loam,Dry,Direct Seeded,77.84060959331498,26.532846463376583,89.52553035514586,84.59720395211627,3.958661539622667,4.23
Dinorado,Silty Clay,Dry,Transplanted,168.8333520865893,24.47176969010606,27.464030939192096,85.39780071900601,4.199521192563327,4.48
NSIC Rc 222,Sandy Loam,Dry,Transplanted,112.410535332992,24.589821774319667,117.05075371074368,85.82309714184237,3.646458541592637,5.46
NSIC Rc 222,Silty Clay,Wet,Direct Seeded,64.0147800263749,30.755763666677144,314.5752196011008,78.58636020364673,4.360120110168653,5.29
NSIC Rc 160,Silty Clay,Wet,Transplanted,122.65143534081872,27.151376734611006,379.40536748916475,82.31801771587435,3.4570045927626216,4.15
Dinorado,Sandy Loam,Wet,Direct Seeded,63.625727159212126,29.292519731284145,386.6488978745556,70.76882743902861,3.656476532627072,4.01
IR64,Sandy Loam,Dry,Direct Seeded,69.34059581297258,22.35710949028143,46.08328133410274,89.95338679718552,5.398978789621806,4.12
NSIC 218,Silty Clay,Wet,Direct Seeded,85.9414748042308,25.651633556780286,191.9498167907896,68.38866508963935,2.8339260393987704,5.57
NSIC 218,Silty Clay,Dry,Transplanted,178.92915578712348,26.791693473954417,104.38623751321171,77.70022209910559,2.8157660357381227,5.73
IR64,Sandy Loam,Dry,Transplanted,188.6918798499458,23.864168552101848,100.47129389545512,68.4618503496358,2.629948058365047,4.32
NSIC Rc 160,Sandy Loam,Wet,Direct Seeded,173.93865939981038,23.201915414455385,215.45430456679455,63.362131516802194,3.460133559280803,4.31
NSIC 218,Clay,Wet,Direct Seeded,100.11158261267708,30.703037784998426,352.9088299911766,77.02757444531031,3.694687727403773,5.04
Dinorado,Silty Clay,Dry,Direct Seeded,90.86696616632474,31.394316270997965,96.33458441020281,70.6004601259842,2.7835469322086386,4.38
NSIC Rc 160,Silty Clay,Wet,Transplanted,132.37335361853587,22.788066980454076,279.5699406122982,77.49657802570164,4.147392986100488,4.15
Dinorado,Clay,Dry,Direct Seeded,158.27797407996684,25.49018712542443,47.37328105520697,76.76035429994978,4.2499045871646075,4.94
NSIC Rc 222,Silty Clay,Wet,Direct Seeded,199.00591822402623,31.582856281444737,263.25864208893296,76.26770187430685,4.753080080839984,5.66
NSIC Rc 160,Clay Loam,Wet,Direct Seeded,69.73560678183892,22.831617331324647,327.65636309517646,63.69903366139588,5.427904349847404,3.88
NSIC 218,Silty Clay,Wet,Transplanted,57.39379985357066,28.43641372878726,300.4812381517429,73.20542323051072,4.358056741877199,5.2
NSIC Rc 160,Clay,Wet,Direct Seeded,154.15338334929066,31.722213709670058,392.67851360533365,84.36011818196376,2.8349524200428364,4.1
NSIC Rc 160,Clay Loam,Wet,Transplanted,174.83386752558584,31.782236685813746,295.99366307206674,69.45430486633907,2.7655727297373485,4.42
NSIC Rc 160,Sandy Loam,Dry,Transplanted,176.95231697996348,26.712233309037433,47.39256880457954,73.31494515876196,4.832640590951113,4.93
NSIC Rc 160,Clay,Wet,Direct Seeded,151.76953236157408,23.627491077823805,266.4934565868133,74.81494770960803,4.45100238560778,4.53
Dinorado,Clay,Wet,Direct Seeded,193.10237061787805,24.02084314977439,285.7043405195439,85.88193937775235,2.985743184119685,4.8
NSIC Rc 222,Sandy Loam,Wet,Direct Seeded,126.65071453168804,30.896013951243944,352.1349541742433,79.66799307678056,3.260079918050602,5.1
IR64,Clay,Dry,Transplanted,187.07221975043188,31.11683004329736,130.8267260817862,63.00607604511942,4.750721161877555,4.83
NSIC Rc 160,Silty Clay,Dry,Transplanted,195.17182054872845,28.078796438735548,11.79302656825978,85.95512957415065,4.1984673454169394,4.58
NSIC 218,Sandy Loam,Dry,Transplanted,177.07361855046616,29.661763994699115,35.413168683554105,84.9619792644627,4.255000187507617,5.63
NSIC Rc 160,Clay,Dry,Direct Seeded,96.4637844887931,29.399312514704082,95.42392846987791,82.60937941797526,3.130026013863729,4.23
NSIC 218,Sandy Loam,Dry,Transplanted,79.43234767554429,28.61821597989107,124.38647561644378,73.98174054956513,4.387173944973135,5.51
Dinorado,Sandy Loam,Wet,Direct Seeded,132.21800974727276,30.27276954871939,303.16876419630523,82.7263615045742,4.811885786221765,4.82
NSIC 218,Sandy Loam,Wet,Direct Seeded,117.95221255702828,28.854066230403213,311.76202284667943,74.36226187928271,5.15575667639154,5.44
IR64,Clay Loam,Wet,Direct Seeded,181.66375132890994,27.340023057474994,392.85972000914796,82.09870602981488,4.710151974454147,4.82
NSIC Rc 222,Clay,Dry,Transplanted,65.00475066007306,24.369563625881568,60.16837121420021,86.40330494917609,4.229126953027048,4.79
NSIC 218,Clay Loam,Dry,Transplanted,88.66100919672779,29.43888144118619,101.48208420551201,86.7162475539179,4.519777921740331,5.54
NSIC 218,Clay,Wet,Transplanted,162.76984167780628,26.734378678382747,304.5988711063643,73.63735722562365,3.955334387541633,6.18
NSIC Rc 222,Silty Clay,Dry,Direct Seeded,64.24799674659681,24.947916840075095,88.00189874683309,85.78028038056088,3.180694729352868,4.96
IR64,Silty Clay,Dry,Transplanted,98.11466210325503,30.019462757417756,19.035614627484954,63.043721415231396,5.146620918315806,4.05
NSIC Rc 160,Silty Clay,Dry,Transplanted,108.07330910809748,28.967136003530285,97.04502757029493,63.05458252460343,4.097867899502276,4.78
NSIC 218,Clay,Wet,Direct Seeded,143.38906948440348,31.373395631247,245.07131208363495,76.4480084060244,4.2829549334417045,5.01
NSIC Rc 222,Sandy Loam,Wet,Direct Seeded,73.71989685790469,23.654416400188776,322.83150675319916,79.55533855368807,5.470326741259548,5.18
Dinorado,Sandy Loam,Dry,Transplanted,179.09067355245642,28.491892846364934,123.94648611814908,64.58981327935209,5.455047034817921,5.37
NSIC Rc 222,Clay Loam,Dry,Direct Seeded,117.13133531994114,24.442394680881762,148.9427648419173,74.16540134417978,4.258932954999812,5.4
Dinorado,Clay Loam,Dry,Transplanted,187.55325678208348,31.035829853016416,14.1496101712412,62.830880034477694,2.6018717860523983,4.77
IR64,Silty Clay,Dry,Direct Seeded,120.18048704508973,22.994994142566156,102.40814416174152,78.06298456659931,3.68844261413453,3.8
NSIC Rc 160,Clay Loam,Wet,Direct Seeded,91.25603884111001,28.561618064448773,314.86484924432784,85.65282110258543,5.311879840152668,4.49
NSIC Rc 222,Clay,Dry,Transplanted,71.27432430315123,29.9108572152803,68.0369374407147,82.12916928058571,3.3649197771280277,5.32
NSIC 218,Clay,Wet,Direct Seeded,50.56176420669272,25.549178403647073,153.4619088765955,71.34874657287814,5.497806055588947,5.69
IR64,Clay Loam,Wet,Direct Seeded,129.82362274772532,31.541380793838094,266.8323241964583,89.81381389911365,2.7529525805696573,4.22
NSIC Rc 222,Clay Loam,Wet,Direct Seeded,66.07350453903851,30.507306845860374,335.72590072059984,79.8880492939841,4.204342543015562,5.0
NSIC 218,Clay Loam,Dry,Transplanted,108.75916454467674,24.946182996849032,11.37030441886874,84.45745303327438,4.046348080524083,4.88
NSIC Rc 222,Clay Loam,Wet,Direct Seeded,138.390764185563,22.075410927159986,274.76036443028227,80.09092161875198,3.2660587401031003,5.51
Dinorado,Silty Clay,Wet,Direct Seeded,91.35288453540505,24.96657176118061,344.9052839838473,89.68248873261379,5.345821391935299,4.43
NSIC Rc 222,Silty Clay,Dry,Transplanted,76.28364385491729,24.813104704707424,96.0105321191916,84.6407930165332,4.357513629991931,5.46
NSIC Rc 222,Clay Loam,Dry,Transplanted,166.20824339140125,30.899646075009088,27.13982179778897,75.58269653686321,3.1906848503340286,5.22
NSIC Rc 222,Clay,Dry,Direct Seeded,192.01867584224308,31.671211782547473,62.99935902647913,71.0063868851277,3.6521445935150085,5.61
IR64,Silty Clay,Wet,Direct Seeded,65.0660626792949,22.704399859702605,262.72092410690357,80.46464487446528,4.663688280646188,3.8
NSIC Rc 222,Clay,Dry,Direct Seeded,73.33854865775118,26.71294828533317,46.59139294837632,77.70665426421027,3.3930901380889407,5.22
NSIC 218,Sandy Loam,Wet,Transplanted,194.0018985879078,27.483319985297957,395.83039940930894,78.88051773082636,5.138818606183543,5.77
Dinorado,Clay,Wet,Direct Seeded,55.66763327183694,22.929116613297033,223.2228973009722,70.29035298851271,2.997021693872872,4.2
Dinorado,Clay Loam,Dry,Transplanted,196.64485048257083,25.774977091375227,60.56287631795391,72.86185261711664,3.293515269594546,5.18
NSIC Rc 222,Sandy Loam,Wet,Transplanted,50.69667246274832,25.170824173929507,173.03065203651838,76.7428972467195,2.9346958400983,5.32
IR64,Silty Clay,Wet,Direct Seeded,181.0502983476997,27.36056354327087,257.50295028852435,85.1785020576553,2.8125365162784948,4.31
IR64,Silty Clay,Wet,Direct Seeded,96.09877714816243,28.611908997319382,285.4272562184798,82.8872675328871,3.4009462703917803,3.61
NSIC 218,Sandy Loam,Wet,Transplanted,190.78832872659447,29.034851104965668,237.2734329206154,63.55967611508371,5.497536239006322,6.04
NSIC Rc 222,Clay,Dry,Direct Seeded,97.54179329533781,23.367550236133876,78.97738141013295,67.36662750058176,2.7829882397850043,5.0
Dinorado,Silty Clay,Wet,Direct Seeded,148.1459482301084,30.129477019446213,210.57029002948974,60.799731747990826,3.139006575541865,4.5
IR64,Clay Loam,Dry,Transplanted,62.0048854648905,28.78542029790759,60.289334548532025,60.238817038967746,3.3148503972340064,4.02
NSIC Rc 222,Sandy Loam,Wet,Direct Seeded,86.34947171806084,30.890749167467195,318.01467284637226,66.73126407840725,4.357389053416611,5.41
IR64,Clay Loam,Wet,Transplanted,166.05190197188762,26.493360594354343,244.28127496406302,83.9796284402799,4.736037089223558,5.23
IR64,Sandy Loam,Dry,Direct Seeded,129.30287805182297,30.938897627221916,87.3824618825355,87.14242974523161,4.755801024562137,3.76
Dinorado,Silty Clay,Wet,Transplanted,189.1953592680567,30.657741223560755,307.8421322751592,71.75305097695794,2.5259079458164937,4.63
NSIC Rc 160,Clay,Wet,Transplanted,114.31271125120314,26.384093323592694,344.767862149694,76.89595789820035,4.455551376398396,4.79
NSIC 218,Sandy Loam,Wet,Direct Seeded,180.47185487208847,25.811433152929787,340.2506569400059,81.18157805866142,4.392210638101309,5.86
NSIC 218,Sandy Loam,Wet,Transplanted,117.34331562173563,31.328120149702567,243.82732765892283,88.58810097755179,4.052964045669631,5.09
Dinorado,Clay Loam,Wet,Transplanted,196.8872418052978,29.151647345384376,291.97455723754365,87.38796711892294,3.6376256842112773,5.43
IR64,Silty Clay,Wet,Direct Seeded,193.9751572098315,31.282453464380758,262.41455611068557,61.715769101441396,4.892332592383689,4.2
NSIC Rc 222,Clay Loam,Dry,Direct Seeded,99.37050583341204,29.96974778895813,43.41095663259953,67.44497529627843,3.5316423863000566,5.46
IR64,Silty Clay,Dry,Direct Seeded,182.8885505625205,28.092974392914144,98.95064743997342,61.47433631865531,3.190036816319804,4.34
Dinorado,Clay Loam,Dry,Transplanted,177.1417061323474,23.158527770037644,129.52682057747947,78.49627262967154,3.430285523702839,5.27
NSIC 218,Sandy Loam,Wet,Transplanted,81.60205959913442,24.914806725790985,367.70131317741505,81.31479949417917,3.8189437513694977,4.92
IR64,Clay Loam,Wet,Transplanted,143.64356011749044,31.688424070983913,369.68961994999984,69.24850237069535,3.1421721640082185,3.95
NSIC 218,Clay,Wet,Direct Seeded,60.902347338472225,25.194220987142046,235.93539572200922,85.61555724399643,4.32271373861646,5.1
NSIC Rc 222,Silty Clay,Dry,Transplanted,175.50660808751923,22.932548697853708,41.369386568129734,73.58438251234493,5.152627607535687,5.44
NSIC 218,Silty Clay,Wet,Transplanted,76.18188252552449,29.075533559193197,172.9343619696827,89.95144545291038,4.286380372486225,4.96
NSIC 218,Sandy Loam,Dry,Direct Seeded,60.62220520786468,29.340042545436845,81.10281021978714,60.01199077767975,3.840004922432144,4.96
NSIC Rc 160,Silty Clay,Wet,Transplanted,110.03286433082168,24.854577202871507,191.89562083100486,63.2846912525567,4.890606298674712,5.01
NSIC Rc 160,Clay,Wet,Direct Seeded,136.5383207899465,24.976719793463037,241.75043553272093,69.05379728806021,4.744115868623586,4.73
NSIC Rc 160,Clay Loam,Wet,Direct Seeded,178.23754378396566,26.68892985508784,291.06248869074767,60.765227938611396,3.6011743645920884,4.34
NSIC 218,Sandy Loam,Dry,Direct Seeded,196.1363788282605,22.217889497622554,100.81656983698441,83.47018373214752,4.312460411996085,5.43
Dinorado,Clay,Wet,Transplanted,115.92387688547954,29.893230103611636,314.1967527411073,61.58315363613862,4.689528580953974,4.52
NSIC 218,Silty Clay,Dry,Transplanted,59.06703844779053,25.170887872741254,89.04765836987825,82.46938899881482,3.236389774058323,5.13
Dinorado,Silty Clay,Wet,Transplanted,162.3673368538806,30.537631020019774,232.84276157150006,61.57705376368648,3.5988216372525694,5.21
Dinorado,Clay,Wet,Direct Seeded,134.7759884335906,30.026304216000337,316.87477990599643,67.58181793959137,2.8173282116499117,4.45
NSIC Rc 160,Clay Loam,Dry,Direct Seeded,117.18370172666947,28.61402033118783,61.19092246691163,85.23830446975589,5.4630408349205,4.84
IR64,Clay Loam,Wet,Direct Seeded,96.39033181882846,25.24874867099289,384.434995918439,88.53285882713172,2.7576329512694073,3.74
NSIC Rc 222,Sandy Loam,Wet,Transplanted,125.35977917653035,27.1631656166117,313.0035317922376,72.43579027981536,3.0058183753707324,5.61
NSIC Rc 160,Silty Clay,Wet,Transplanted,100.80194066855464,26.44829257597959,189.6413073610878,89.09816892937654,3.9394958489924194,4.72
NSIC Rc 160,Clay,Wet,Transplanted,163.55178016210402,25.388818862486744,294.9172282444069,78.80642771275627,5.095815500633618,4.54
IR64,Clay Loam,Dry,Transplanted,131.58405447389617,30.481362893031783,99.90795912080476,72.47505367298794,3.5676460688438785,4.18
NSIC Rc 222,Sandy Loam,Dry,Transplanted,181.52716612311679,26.835070745776655,13.954468869410672,84.08404031903751,4.805788442594038,5.94
NSIC 218,Silty Clay,Wet,Direct Seeded,131.53158719741631,30.327230977971464,285.4738791917457,68.85985560420603,4.528102219948709,5.18
NSIC 218,Silty Clay,Wet,Transplanted,85.7393620009895,23.052184741418245,367.6750277246052,67.97388784080655,4.415992231479036,5.1
NSIC Rc 160,Sandy Loam,Dry,Direct Seeded,177.6637823348217,23.410247886003358,61.78687247950062,79.69643030733224,5.03505175290052,4.09
NSIC Rc 222,Sandy Loam,Wet,Direct Seeded,133.5828567395066,31.77320305112977,237.5757638032436,71.71462085904285,2.542510868885877,4.92
NSIC Rc 160,Clay Loam,Dry,Transplanted,81.0261557215342,27.877684626060898,84.56571004974045,64.07754080834938,5.287459115681175,4.89
Dinorado,Clay,Wet,Direct Seeded,143.5261714934333,27.09769673499049,255.73640251416998,62.00892705869727,4.987678541008879,4.57
NSIC Rc 160,Silty Clay,Dry,Transplanted,103.65751474136414,27.231560631441116,12.885842237021055,83.63527728745431,5.3136016589554815,4.75
NSIC Rc 160,Clay,Dry,Transplanted,176.66084184380986,24.1526877403286,81.07083615580197,80.27732195407035,4.880763651570062,4.65
NSIC 218,Silty Clay,Dry,Direct Seeded,117.99496079698143,29.187039495019732,101.59562450718796,72.3539467381981,5.1357742223628176,5.39
NSIC 218,Silty Clay,Dry,Transplanted,158.9662037161125,22.847806237297544,116.2890776798263,86.8868290551317,3.1092341445984375,5.68
NSIC 218,Clay,Wet,Transplanted,64.33043114543557,27.733237131030233,299.66476387162345,72.325702573278,3.4576872006311516,5.14
Dinorado,Sandy Loam,Wet,Direct Seeded,109.40365194535192,27.707687965859016,281.10632793550633,81.3088641439615,3.445663040412193,4.74
NSIC 218,Clay Loam,Dry,Direct Seeded,197.4862154708598,31.14188424133511,25.872371397320254,87.27345825621879,2.8275002376341702,5.06
NSIC Rc 222,Silty Clay,Dry,Direct Seeded,171.26904342157223,27.261828101048604,148.6790824848373,85.2214637612533,4.688737765853772,6.03
IR64,Sandy Loam,Dry,Direct Seeded,73.9911203550393,23.370626959741795,94.86347818691338,75.33314329018737,2.9085126780612187,3.62
NSIC Rc 222,Silty Clay,Dry,Direct Seeded,91.66460742158827,27.727532592481626,60.847130965726194,80.41909177340199,2.657527498237182,5.38
NSIC Rc 222,Clay Loam,Wet,Direct Seeded,99.47237132845416,22.913276443653324,329.7541481012936,72.40997330182107,4.826340610165191,5.14
NSIC 218,Silty Clay,Dry,Transplanted,147.55483407431686,24.037938352999216,44.87299962393993,79.41591516882342,5.2139895091957875,5.23
IR64,Clay Loam,Dry,Transplanted,163.54921392344835,22.31108584187416,90.20556063567804,67.72657315036187,4.792370043895399,4.5
IR64,Clay Loam,Dry,Transplanted,162.42899132118646,27.132935824594984,133.43963060331993,73.0422634130866,4.976056638495929,5.0
IR64,Silty Clay,Dry,Direct Seeded,126.48110844596042,22.845326152935723,82.87915545979106,66.28637212805518,4.2868650334923135,3.61
Dinorado,Silty Clay,Dry,Transplanted,171.6230806757227,26.69394378531329,102.60608778469444,61.14554858038644,5.16323901374426,5.33
NSIC 218,Clay Loam,Dry,Direct Seeded,115.56171241362127,31.32945035324144,60.07750153567842,77.65619551726117,3.9901104470735653,4.62
IR64,Sandy Loam,Dry,Transplanted,68.58208479433429,29.197614130193323,64.34132033245616,85.93288036052392,5.464967855462395,4.45
Dinorado,Clay,Wet,Direct Seeded,134.666276248072,22.77411674225293,160.09724772812396,60.767348238695746,2.8102451283083467,3.96
NSIC Rc 160,Clay Loam,Dry,Transplanted,192.845207690166,24.242098122088432,50.06451480806488,65.88089222187888,4.927542120104151,5.28
NSIC Rc 160,Silty Clay,Dry,Direct Seeded,168.94904770887672,28.736624198934344,108.78922121155357,73.8055517781126,4.424168248033826,4.52
Dinorado,Silty Clay,Dry,Direct Seeded,136.80509715383636,30.947018610241837,60.28625747831911,79.9769045052676,4.241938204663585,4.25
Dinorado,Sandy Loam,Wet,Direct Seeded,147.02084905236455,22.329185867639538,290.87900480173994,65.1368758100966,4.677431592583364,4.52
NSIC 218,Clay,Wet,Direct Seeded,189.5843040553359,30.12451131720594,180.41797325096883,61.700844869118725,5.020874592396546,5.84
NSIC 218,Clay Loam,Wet,Transplanted,114.25141916524407,27.618138803383086,228.80224812993032,75.57146153180668,5.08865220052153,6.03
NSIC Rc 160,Clay Loam,Dry,Transplanted,99.7091208413956,27.460913252963927,36.70029656577349,84.56129139171927,3.026142888831955,4.21
IR64,Clay,Dry,Direct Seeded,196.58623475006735,31.57813182753358,61.71607996327331,61.05704727938314,3.0911077892589076,3.73
NSIC Rc 160,Clay Loam,Dry,Direct Seeded,179.51647002655002,29.47644612596773,129.53580909658587,70.48108351077077,2.548499528540791,4.06
IR64,Clay,Wet,Direct Seeded,98.45653769279036,30.50118868056112,315.4067153830976,79.90544228380006,2.8955273733768183,3.85
IR64,Silty Clay,Dry,Transplanted,119.56708960413842,25.539955695446668,113.35528610076928,63.92226018307401,3.291647478549774,4.61
NSIC 218,Clay,Wet,Direct Seeded,112.26171935116986,27.543640408284098,189.35355014804443,67.0784033067827,4.663107467650849,5.83
NSIC Rc 222,Clay Loam,Wet,Direct Seeded,72.36435180071508,28.154056774277706,227.21045887615722,76.06477931358798,3.92730252700753,5.56
NSIC Rc 222,Clay,Wet,Transplanted,193.67289857198887,25.21583940362465,325.751620708828,88.59695089092654,4.7737106067520525,6.32
Dinorado,Sandy Loam,Wet,Direct Seeded,110.64686468296381,27.702481249473994,312.70131063170845,68.62027854731268,3.959607543459672,5.08
NSIC 218,Silty Clay,Wet,Direct Seeded,181.2993623956862,24.366553794797138,172.7599173024345,74.62582263662131,4.166792358729905,5.87
IR64,Silty Clay,Dry,Transplanted,78.40343415209976,23.433756710682395,56.84971822489894,71.99792589193255,2.8331997597807472,4.07
NSIC Rc 222,Clay,Dry,Direct Seeded,132.18062159558298,25.739702592773327,136.95325507713835,86.9219001609024,4.829674854028097,5.59
IR64,Clay Loam,Wet,Direct Seeded,53.59420776864047,29.39289628746437,294.31712337308096,62.15669592093347,4.774379596598664,4.28
NSIC Rc 222,Sandy Loam,Dry,Transplanted,164.63307257634628,31.161871480738874,20.476568916445373,76.98442774022293,3.4226847750418585,5.55
NSIC Rc 222,Silty Clay,Dry,Direct Seeded,137.13708473694174,26.577140514982325,16.965530797910052,85.38359097569833,3.485734233401206,5.62
NSIC Rc 222,Silty Clay,Wet,Transplanted,143.8384375204629,28.428236882754316,186.81361547965986,89.64352731187775,3.1590443517194062,6.21
NSIC 218,Clay Loam,Wet,Direct Seeded,57.75813238319802,23.030371309751004,213.06784467862317,80.96176492565422,4.941519028108458,5.2
NSIC Rc 160,Clay Loam,Dry,Direct Seeded,81.65574953129232,31.044637585523287,27.845849669933777,71.39806426999573,4.741020405885341,3.93
IR64,Sandy Loam,Dry,Direct Seeded,61.149630853037024,27.686042135699346,26.303665820204433,72.35473057601831,4.327443214552758,3.66
NSIC 218,Clay,Dry,Direct Seeded,93.33714737057176,29.80338247625157,22.296804101727673,70.55046659228292,3.216466309389092,4.66
NSIC 218,Clay Loam,Dry,Direct Seeded,144.11585115232265,29.944412009213938,102.58796567971893,78.1083929942086,3.015559997841233,5.15
NSIC 218,Clay,Wet,Transplanted,134.9278976476063,24.56480526368106,264.80281965894466,82.18217312154752,2.6508065535238394,5.35
NSIC 218,Sandy Loam,Dry,Direct Seeded,141.82247324200853,27.291744531818495,94.11793315175935,84.58402690766792,2.6368344453355586,5.24
NSIC 218,Clay,Wet,Direct Seeded,132.38769070668414,31.604797515609775,177.33670582454727,72.49779329049515,3.061408419424981,5.28
Dinorado,Silty Clay,Wet,Transplanted,90.9543193513789,22.89634544820828,398.4117419796417,81.50125506777118,2.8015975969696663,4.35
IR64,Clay,Dry,Transplanted,86.67612460166379,28.830498980295634,100.66477148144006,87.48667776089329,4.168323018767329,4.27
NSIC 218,Sandy Loam,Dry,Direct Seeded,70.55895253048719,31.62264078035172,106.3712475826842,87.62474383352117,3.574270383383431,4.49
IR64,Sandy Loam,Dry,Transplanted,177.3606312355238,25.00577108054022,115.96316534729517,81.12087008143928,3.8348373465044387,4.71
Dinorado,Sandy Loam,Wet,Direct Seeded,142.47190378118665,30.61447921404348,191.34239026350028,79.10706578437609,4.282201550761569,5.32
Dinorado,Clay,Wet,Transplanted,77.97665187560897,31.336575454082716,345.3281571071511,75.9457822657502,4.477305236060541,4.48
IR64,Silty Clay,Wet,Transplanted,76.58140697318592,29.47086209394825,357.45971125580627,65.49593004546385,4.444605159647734,4.06
NSIC Rc 222,Clay Loam,Wet,Direct Seeded,180.9553402289205,24.31328312306958,398.61599247400034,63.708889578162555,3.2825697604624975,5.54
NSIC Rc 160,Silty Clay,Dry,Transplanted,161.4096295644979,25.34000718826594,39.00476984809745,74.57133020368141,4.928881060888308,4.87
NSIC Rc 222,Clay,Wet,Direct Seeded,148.90986198580572,22.358092944177308,257.1633044630671,64.78332468622378,5.253129009757689,5.81
NSIC Rc 222,Clay,Wet,Transplanted,111.02961613089496,30.314532342453553,368.52363003483504,77.30999777008009,3.447815041669586,5.67
NSIC Rc 222,Clay Loam,Dry,Transplanted,89.29633464177763,30.496111865110798,97.12249185287197,79.37108190903655,2.551196249698204,5.34
NSIC 218,Clay,Wet,Transplanted,196.91761446692357,28.327103099661926,389.38485975421275,75.76846792560121,5.1974625599455155,6.09
Dinorado,Sandy Loam,Wet,Direct Seeded,169.58593625342002,25.525278512638515,193.22353622366677,61.09280137537841,5.270646198860428,5.25
NSIC Rc 222,Sandy Loam,Dry,Direct Seeded,95.26688347044147,22.768110276399206,91.20681230709226,61.73183876406996,2.6528393212391004,5.35
Dinorado,Sandy Loam,Wet,Transplanted,177.13471944177422,29.530576099149094,269.85902226488315,63.40023554044456,2.514869775577637,5.1
IR64,Sandy Loam,Wet,Direct Seeded,163.83979229220222,29.26526193609923,165.00270471402195,64.60937414965017,4.949214348978227,4.83
NSIC Rc 160,Sandy Loam,Wet,Direct Seeded,94.56208248169975,31.12602521738901,305.1810030060504,89.69647841308,3.40439006344932,4.09
IR64,Clay,Wet,Direct Seeded,113.98292813624596,29.305320210053623,295.35153921414155,70.33485050589367,5.243746501887966,4.91
IR64,Clay Loam,Dry,Transplanted,77.893016808654,30.286949422440017,142.11240361248633,68.75920120923858,3.15023071980864,4.36
NSIC 218,Clay Loam,Wet,Direct Seeded,66.65786665671641,29.459546179039997,201.03157116579928,61.56799906992687,5.083463848379761,5.1
NSIC Rc 160,Sandy Loam,Dry,Transplanted,158.41430492595453,28.306871883123165,42.5314813935508,79.0596117205679,2.70593280917511,4.44
IR64,Clay,Wet,Transplanted,90.12677860308,26.269663941910093,349.47568972353156,79.56572355393843,3.281910541941921,4.09
IR64,Silty Clay,Dry,Transplanted,173.00890486193805,31.021173086422777,18.221210812406397,65.26346068735994,5.419386637436923,5.02
NSIC Rc 160,Silty Clay,Dry,Transplanted,199.34130672716392,28.509685719074696,101.48930976003605,87.57724622773839,3.193589962993847,5.06
NSIC Rc 160,Clay,Dry,Transplanted,61.4929720894473,25.98355321965909,113.62419763313966,84.01480639785382,2.8990389522251236,4.69
IR64,Sandy Loam,Wet,Direct Seeded,120.95526876255504,22.834692951819573,159.31718069088498,66.90957950422523,5.071163957418985,4.09
NSIC Rc 160,Clay Loam,Wet,Direct Seeded,170.30938389662046,24.907048559043822,351.55683103188926,74.57549192749612,2.8534023752844373,4.52
IR64,Clay,Wet,Transplanted,168.34263448118503,27.437267348301646,156.66132279096684,73.7517256859655,2.7923683257385106,4.3
IR64,Silty Clay,Dry,Direct Seeded,163.99957374964526,24.756353700161945,49.647440813057095,70.45561333026963,3.4702754025686073,3.79
NSIC 218,Silty Clay,Wet,Direct Seeded,102.34924029528665,24.212353479179022,314.20720303408757,84.52904138476839,4.405985519790878,5.0
NSIC Rc 222,Silty Clay,Wet,Direct Seeded,118.07798835275784,27.27393514087847,169.69237847872532,63.27793456863453,4.632239121336087,6.24
IR64,Sandy Loam,Wet,Direct Seeded,139.24525360122055,23.698203458957344,212.80637982808074,72.45942719483378,5.143716351482187,4.24
Dinorado,Silty Clay,Wet,Direct Seeded,196.09108753598858,30.004100633251035,330.47833732795897,72.84093391647652,4.122734577877319,4.79
NSIC Rc 222,Clay,Dry,Direct Seeded,99.13209064077392,26.84368151342658,89.91878033155366,74.06176813842539,3.680253360282926,5.77
NSIC Rc 222,Clay,Dry,Direct Seeded,188.47158315752867,27.7386277396265,18.335049174781084,85.84049973295886,3.5765012855033955,5.86
NSIC Rc 222,Silty Clay,Wet,Transplanted,90.40353772707411,23.473832675973487,220.1011999063467,66.54500610604504,5.040708185432422,6.32
NSIC 218,Clay,Wet,Transplanted,198.36116982105568,25.245763356293672,277.7934621794337,63.087695205368185,4.671445928447996,5.88
IR64,Silty Clay,Wet,Transplanted,150.53955302413874,26.10089683261153,378.81206738002857,78.53425388463324,5.216287041175418,4.53
NSIC 218,Silty Clay,Dry,Direct Seeded,119.52672205378263,30.08212830516503,144.40627776356047,65.21503424934141,5.392106367194842,5.14
IR64,Clay Loam,Wet,Direct Seeded,142.00856420954074,29.701595230861525,162.40858850914458,62.247962575638596,3.4001525082514226,4.19
NSIC 218,Sandy Loam,Dry,Transplanted,90.87967535603102,24.229774747876814,25.389496261883608,72.7994766171316,4.089022356102518,4.78
NSIC 218,Sandy Loam,Dry,Direct Seeded,91.12607862671999,28.161790816070077,19.459875061279398,66.58939292574422,4.395462422094498,4.57
Dinorado,Clay Loam,Wet,Direct Seeded,67.03318157652407,24.434563577719977,352.7699484339184,70.83649856603951,2.991546840329373,4.58
NSIC 218,Clay Loam,Wet,Transplanted,67.10754465580982,31.882471556902452,166.31799964212237,67.79133240307372,2.6600411017749543,4.91
NSIC Rc 160,Sandy Loam,Wet,Transplanted,102.1507612203367,31.521238781308707,181.69871108416916,62.77909388170247,5.103291742345941,5.17
Dinorado,Silty Clay,Dry,Transplanted,164.42832168445574,27.632647205206204,16.175422329246665,76.81041608772605,4.10657053226612,4.73
NSIC 218,Silty Clay,Dry,Direct Seeded,141.19567513972436,28.98902571894143,69.81806691046938,60.81055254118457,4.212322649080118,5.15
NSIC Rc 222,Sandy Loam,Wet,Direct Seeded,65.38768404965312,30.01430382208645,179.8297759723027,88.99126043983199,4.164743036283864,5.15
NSIC Rc 160,Silty Clay,Dry,Direct Seeded,177.83547874638663,29.20998420044904,23.602364084006602,70.23991565204899,4.7648821144980715,4.33
NSIC Rc 160,Clay Loam,Wet,Transplanted,140.20514404850996,28.99828691082421,398.5255708026815,80.85472531469412,2.93650583404613,4.46
NSIC Rc 160,Silty Clay,Wet,Transplanted,194.12833651771695,31.58554007949528,195.04657983288334,84.3108861764235,4.3421453223145985,4.99
Dinorado,Silty Clay,Dry,Direct Seeded,150.52782011168114,27.964561063072832,114.25075373378053,68.37314386618665,3.9084385347328903,5.04
NSIC 218,Clay,Dry,Transplanted,76.27622955562715,28.363026718190557,135.8423824876968,82.46216127330204,5.190874478523173,5.84
NSIC 218,Clay,Dry,Transplanted,121.06750434617334,30.492687504381813,46.43065052547998,84.97262566274128,4.058862813688976,5.45
NSIC Rc 222,Clay,Dry,Direct Seeded,147.2746396320806,28.69890867858407,98.02823669519584,67.23951701434841,5.328804922222497,5.57
NSIC Rc 222,Silty Clay,Wet,Transplanted,54.23970515749665,29.329326220175226,374.19046156406705,89.77484030688218,3.55975898253972,5.05
NSIC Rc 160,Sandy Loam,Wet,Transplanted,52.236539623221184,24.341686861966423,397.73304073663854,60.62066048526268,5.400684119169972,4.18
NSIC Rc 222,Clay Loam,Wet,Transplanted,69.41045008978519,25.71266924115071,245.9461926030745,66.51001440706624,5.125473844275303,6.77
Dinorado,Silty Clay,Dry,Direct Seeded,87.7496652568206,23.47301345711893,15.927382581654488,83.40062268830978,4.2527898692060635,4.41
NSIC 218,Sandy Loam,Wet,Direct Seeded,114.43236852810134,27.057654423348055,307.7621358821714,65.82393075167259,3.5611297999570737,5.25
NSIC Rc 160,Silty Clay,Dry,Transplanted,123.11607106396826,26.557274006802462,64.11902603699136,80.94779589918619,3.62777007235768,4.68
NSIC Rc 222,Clay Loam,Dry,Direct Seeded,70.70414134068452,31.971628142794568,51.01189587988197,85.66591214948711,4.818256259374875,4.95
Dinorado,Silty Clay,Dry,Direct Seeded,151.00873686737464,28.112086528155423,42.00667350165023,88.7764281790278,4.241894053507133,4.79
Dinorado,Clay Loam,Wet,Direct Seeded,139.42070925448024,29.864448231944234,344.7728134409032,74.22742546200809,3.7047627564079626,4.73
NSIC Rc 222,Silty Clay,Dry,Transplanted,94.16961482617404,25.340146707576544,100.26128854801787,89.13327368946352,4.408164884236493,5.67
NSIC 218,Clay Loam,Dry,Direct Seeded,52.0489825152938,30.315453313427966,28.231912490195082,72.34866890045036,4.699700193702833,4.6
NSIC Rc 222,Silty Clay,Dry,Transplanted,61.647187302993615,28.150849664876834,130.49947326157837,66.54384119023157,2.568701537675398,5.35
NSIC Rc 160,Clay Loam,Dry,Transplanted,108.75421632662591,28.969923315984385,103.07702689162285,75.41765559254176,2.76958840335253,4.21
NSIC Rc 222,Clay,Dry,Direct Seeded,73.09615267485259,24.944307779494544,109.50292501632812,79.49469732934477,2.7834563212212373,4.78
Dinorado,Silty Clay,Dry,Transplanted,106.52294092219563,27.486383916955774,140.94820321207354,73.73889948149831,3.195801415790004,4.68
NSIC Rc 222,Silty Clay,Dry,Direct Seeded,144.22739067655328,28.340369734136086,141.93220201035206,77.00917331900375,3.7809713176819417,5.36
NSIC 218,Sandy Loam,Dry,Direct Seeded,132.08561418189254,27.89094675816581,87.23132533469301,72.49227563181566,4.910949697877664,5.11
IR64,Sandy Loam,Dry,Transplanted,84.67638247060913,31.151937114245666,79.35317442003726,75.74285862063749,3.553297104998672,3.66
NSIC Rc 222,Clay Loam,Dry,Transplanted,101.57337368881286,30.982726644925535,56.95342515176741,88.57787015839685,2.5524333651418143,5.41
NSIC 218,Silty Clay,Dry,Direct Seeded,142.1046797672976,31.709840578768706,110.18002542834556,74.99493457608996,3.9500855588551866,5.46
NSIC 218,Clay Loam,Dry,Direct Seeded,179.1282542065173,28.674280060069893,85.34924417717382,67.5953889842778,5.489885786273866,5.3
Dinorado,Clay,Wet,Direct Seeded,162.98201581083157,31.719141301256847,248.16127045905205,82.76239864537712,3.5470629869647574,4.98
NSIC 218,Sandy Loam,Wet,Direct Seeded,133.01000402501222,30.324780000319087,190.45353512445183,70.12753373344648,5.383763556301945,5.23
NSIC 218,Clay Loam,Dry,Transplanted,104.34394974747293,24.708321403399594,140.60251116361744,84.48621512464172,2.8040353934092677,5.41
NSIC 218,Clay Loam,Dry,Transplanted,104.75769163127082,26.27435669551297,43.40763281976475,61.70525966951656,3.019298973715914,5.26
NSIC 218,Sandy Loam,Dry,Transplanted,181.9125965396594,24.383924421890097,53.4353760750687,69.96533931326074,4.672366210437125,5.75
NSIC Rc 160,Silty Clay,Wet,Direct Seeded,55.88653640608196,22.04197160830565,258.4406859481403,62.830797247819184,4.003637346912119,3.59
NSIC Rc 160,Clay Loam,Wet,Transplanted,198.19739666303914,23.880487531469086,342.9719112507362,62.559534727374945,4.795365410397658,4.33
Dinorado,Sandy Loam,Wet,Transplanted,149.65631162773434,22.040605862868755,345.19069068710075,79.75168677517311,5.09067503508667,4.53
NSIC Rc 222,Silty Clay,Dry,Transplanted,152.17065486085858,29.1983846135049,54.25266263879562,71.56004404060822,3.253254628183104,5.72
NSIC 218,Clay,Dry,Transplanted,55.69967559571133,26.255342977211996,122.839783637939,86.14436825955337,4.548487511319226,5.83
NSIC Rc 222,Sandy Loam,Dry,Direct Seeded,140.82939123369084,25.125747270778582,23.865646457901327,75.49215413620587,4.322803709901269,5.21
NSIC Rc 222,Clay Loam,Dry,Transplanted,122.71670901356705,29.61720891095188,73.79087693845716,68.86029663516848,5.084605087576393,5.76
Dinorado,Clay,Wet,Transplanted,65.86683603411005,30.32486774619645,207.63469804272833,81.62666663886584,3.790311701829648,4.42
NSIC 218,Silty Clay,Dry,Transplanted,91.68830161540386,31.7529953864988,69.86130317622663,78.72050374757099,2.65561129213198,4.8
NSIC 218,Silty Clay,Wet,Transplanted,183.5471684320477,28.420135846752412,193.74140997268663,83.9878386248761,4.222558381817536,5.45
IR64,Sandy Loam,Wet,Direct Seeded,132.49826237989294,26.615289585400518,380.14017552508744,79.30764829025655,5.376634957355373,4.77
NSIC Rc 222,Sandy Loam,Dry,Direct Seeded,112.0124862760863,25.05264301607436,20.239546941926204,65.0104025129676,2.54389353851567,5.07
NSIC Rc 222,Sandy Loam,Wet,Transplanted,60.90232337612164,24.223182092142263,160.99975763957764,80.10930113001197,3.2207739652673637,5.6
NSIC Rc 160,Silty Clay,Wet,Direct Seeded,157.11822911034585,24.129259504826013,333.6846189412717,71.74647592847431,3.4482033698923598,4.18
IR64,Clay,Wet,Direct Seeded,155.4276235094049,26.091893747197986,161.6053463616885,73.89429090772704,4.797516663672926,4.71
NSIC Rc 160,Silty Clay,Wet,Direct Seeded,142.1065410458845,31.917863552879297,359.475012715247,87.64693727212034,3.4698307674044857,4.24
NSIC Rc 160,Clay Loam,Dry,Direct Seeded,126.53939693309738,22.00853697437403,67.5115797962086,70.79892138893241,3.2172515895889418,3.95
NSIC Rc 160,Silty Clay,Dry,Transplanted,115.0676603311059,23.97205897231001,81.87291765975739,78.35877428972516,4.445674043401123,4.47
Dinorado,Clay Loam,Wet,Direct Seeded,138.99066394819886,23.88392982403574,376.35370333402545,70.90445200236718,2.639215866882999,4.05
Dinorado,Clay,Dry,Direct Seeded,85.009317759261,29.171194855322923,19.114656950687852,62.841824560733755,3.0117905798762408,3.98
NSIC Rc 160,Sandy Loam,Wet,Transplanted,191.18885962664714,25.52484727598062,224.35478105727475,73.60576026144902,3.7240906860083314,4.67
IR64,Sandy Loam,Dry,Transplanted,138.31917937703443,26.572608045918205,81.38069798225344,77.91184513378956,3.5667998870200934,4.29
NSIC Rc 222,Silty Clay,Dry,Transplanted,96.67886665315649,23.48624130469905,144.29330665567616,72.22509876112797,3.5414974575500895,5.81
IR64,Sandy Loam,Dry,Transplanted,117.45197763277359,26.049970388769477,147.04800524261452,71.71998554034553,2.8256650393589853,4.81
NSIC 218,Clay,Dry,Direct Seeded,170.85271833153385,23.03199811905836,84.43516900257357,84.61135541683191,3.58252005834939,4.83
Dinorado,Sandy Loam,Dry,Transplanted,74.24240910954461,27.33043287888583,82.11357056441426,60.89055516868411,4.893978315974208,4.91
NSIC Rc 222,Silty Clay,Wet,Direct Seeded,93.92534336903907,22.97938365382856,168.4839108791744,68.8675619022036,3.7415326053921856,5.25
NSIC Rc 222,Clay,Dry,Direct Seeded,151.9262034104833,29.90508381173156,49.9711432982948,84.35271796131634,4.258513554447055,5.83
NSIC 218,Clay Loam,Wet,Transplanted,97.32338097233358,27.666017175404896,270.17113408685714,87.61590445833491,2.9907382279519528,5.37
NSIC 218,Silty Clay,Wet,Transplanted,168.8752522792199,29.23967873773517,224.6157591863692,72.36898757522485,2.7091340904057284,5.54
NSIC Rc 160,Clay Loam,Dry,Direct Seeded,69.56802307660412,26.18516386652684,149.59616603969422,86.6638272958823,5.139868125794682,4.28
Dinorado,Clay,Wet,Direct Seeded,164.40292556819128,25.814912932422274,254.28403570259476,65.96790366375097,3.4941177884378765,4.47
Dinorado,Silty Clay,Dry,Transplanted,60.25275722758494,22.982088890488637,48.392083943531645,66.64281203580518,3.5510116992043983,4.41
IR64,Silty Clay,Wet,Transplanted,51.888891900124214,27.238556070428224,316.2463633721701,85.3857412975441,5.133063548436575,4.48
NSIC Rc 160,Clay,Wet,Transplanted,184.7335278248243,27.145021648570918,202.45650898717923,87.09773224021855,4.623314046726232,5.29
NSIC Rc 160,Sandy Loam,Dry,Direct Seeded,137.2008825398448,26.681020444496053,73.40618206159388,66.68417303888002,4.768788132962839,4.39
NSIC Rc 160,Silty Clay,Dry,Direct Seeded,102.77403456302173,29.405183646824494,10.410768092374713,61.77972569905833,4.546010452502988,4.06
NSIC Rc 160,Silty Clay,Dry,Transplanted,84.88919554457756,30.325044000323544,58.89252072727916,62.70972411165863,2.817376734374609,4.19
Dinorado,Clay Loam,Dry,Direct Seeded,142.53286748912242,29.50789674948508,20.001642085235346,67.84142506129089,5.3739874631686835,4.96
Dinorado,Sandy Loam,Wet,Transplanted,126.35032753051073,23.43865742806844,239.2378923785216,82.84347231440384,5.227408861383783,4.68
NSIC Rc 160,Clay Loam,Dry,Direct Seeded,198.73966632949777,28.220595092821082,114.13546785391851,75.29975483388849,3.208660380494363,4.46
IR64,Clay Loam,Wet,Direct Seeded,197.48239799806186,22.803231056895335,345.64062257316846,73.66766526728308,4.911982573431524,4.06
NSIC Rc 222,Sandy Loam,Wet,Transplanted,145.25368492124144,28.946222874404764,310.9404874882054,77.52419793498002,3.72818929449196,5.77
NSIC Rc 222,Sandy Loam,Wet,Transplanted,116.43057591588358,25.81839096561127,231.56887278780965,86.70669340386559,4.551300903593448,6.16
IR64,Clay,Wet,Transplanted,123.67114537019931,23.324989562662864,316.07540006498215,62.71291138696973,2.9968089994397022,4.01
NSIC Rc 160,Sandy Loam,Wet,Direct Seeded,152.3718599355293,30.620508569761277,341.32823072299163,80.84172382909745,4.115662751969262,4.04
Dinorado,Silty Clay,Wet,Direct Seeded,65.2361816353072,28.140083390389375,298.1213952381969,87.80372536966215,2.879848898679718,4.19
NSIC Rc 222,Sandy Loam,Dry,Transplanted,99.25281107160772,25.547249679475275,88.54202342419052,66.400501252752,4.108501496074348,6.2
NSIC 218,Clay,Wet,Direct Seeded,61.29083615054058,22.307271796504995,209.87420812525212,85.13316947885504,3.2307818681716385,5.09
NSIC 218,Clay,Wet,Transplanted,61.00411392753794,27.373102590036105,150.06132262799827,80.94074132278507,3.857399586306444,5.53
IR64,Clay,Wet,Direct Seeded,79.37588628413506,31.232258784862324,350.71227674707035,60.43405608219434,4.503908101523292,3.89
NSIC Rc 160,Sandy Loam,Dry,Transplanted,122.78798818898403,27.963798327023657,90.1040628202719,66.94835041086384,5.131223744981856,4.71
NSIC Rc 222,Sandy Loam,Dry,Direct Seeded,167.7161481744184,31.71650604619493,50.11158002595842,78.17534282687643,2.995867009255834,4.97
NSIC Rc 160,Clay Loam,Wet,Direct Seeded,122.82438367488088,23.364511182704586,355.6583888290411,75.07201018473634,5.179807346253095,4.0
NSIC Rc 222,Clay Loam,Dry,Direct Seeded,100.32149158413046,27.683051045948368,124.0854806354163,75.83808757580599,3.6701129437818705,5.4
IR64,Silty Clay,Wet,Direct Seeded,62.352948550513716,29.981250480064297,324.40112534859054,66.95791273820468,5.031389705817643,3.75
IR64,Clay Loam,Dry,Transplanted,132.54432847746943,27.255407311257162,10.457929546375023,80.2501041212588,4.037643755253289,4.28
NSIC 218,Silty Clay,Wet,Direct Seeded,90.69028797247651,22.910663559874727,169.14523284190344,67.9925511281033,5.08662571528882,5.19
NSIC Rc 160,Clay,Dry,Transplanted,142.24012668757211,27.828860015472177,56.70416508298689,71.68304899435361,4.488472202560599,4.65
NSIC 218,Clay Loam,Dry,Transplanted,196.57816086986276,28.117379058424717,102.32964866424149,71.06747747640229,4.026148421850305,5.66
NSIC Rc 160,Sandy Loam,Dry,Transplanted,66.69714822163252,29.287092484753526,137.10915523836894,80.16075066359696,3.4376158990009866,4.34
NSIC 218,Clay Loam,Wet,Transplanted,81.81880980829098,29.61211515165474,296.3055718770115,62.70758285049652,5.406727262855966,5.38
Dinorado,Silty Clay,Wet,Direct Seeded,120.9641807149062,29.707726882106073,355.2551678179018,66.16625703120556,4.902692972999253,4.63
Dinorado,Clay Loam,Wet,Transplanted,195.29207230188942,28.63444393638966,247.4170800270414,66.01491212055204,3.643561555516784,5.02
Dinorado,Clay,Dry,Direct Seeded,165.77146644049935,24.15811186418658,42.84623396953263,63.25274022347131,3.000170779177138,4.62
Dinorado,Sandy Loam,Dry,Direct Seeded,184.73437897442452,26.042357558394794,85.75400724183852,66.22784936509377,4.838606255779881,4.89
NSIC Rc 222,Silty Clay,Wet,Direct Seeded,100.05722727136893,29.76129972614399,199.50018355506353,78.21180803770062,5.46983286343276,6.18
Dinorado,Sandy Loam,Dry,Direct Seeded,198.8057710667892,31.534269834008132,85.31879887466495,81.96504512622565,3.3369248613774163,4.51
IR64,Sandy Loam,Wet,Transplanted,65.4249224096236,22.78946964836622,296.90682431036765,79.80910340907369,5.247589217004988,4.14
IR64,Silty Clay,Wet,Direct Seeded,57.945935906915125,27.35536677797195,356.5766568252195,74.25564413942647,2.8761121167637604,3.94
NSIC Rc 222,Sandy Loam,Wet,Transplanted,178.3403940581042,25.125222713243065,162.21748967676638,61.57303713288191,5.356618762755563,6.45
Dinorado,Sandy Loam,Wet,Direct Seeded,189.08973053104793,24.253938943168297,299.23780429018393,88.77021032060325,4.73601673732919,5.14
Dinorado,Clay Loam,Dry,Direct Seeded,63.587803631915264,27.05810683519715,132.38441166611796,65.04229382512476,3.5397886877911104,4.97
Dinorado,Sandy Loam,Dry,Transplanted,67.01411401187622,28.060893405565366,17.07236453837793,80.05264111217012,3.4138954668887016,4.54
NSIC 218,Sandy Loam,Dry,Direct Seeded,54.976123663366074,22.09772231419481,69.42657854989902,87.38671846446333,4.430306061818054,4.65
NSIC Rc 160,Sandy Loam,Wet,Direct Seeded,65.67613439640861,29.80206572201191,310.7934488348355,80.93331287942965,4.2805214207761,3.87
NSIC 218,Sandy Loam,Dry,Direct Seeded,81.41297252004213,30.198821312594475,35.54519447087041,66.54148920566851,5.256810104481059,4.94
NSIC Rc 160,Silty Clay,Wet,Direct Seeded,195.51149283650014,31.65510824567933,300.5917598370699,69.4738889629207,4.798729402627643,4.89
Dinorado,Clay,Wet,Direct Seeded,150.17903333595206,23.80643733224695,312.5084210592621,60.90617601033286,4.121094617721781,4.26
Dinorado,Clay Loam,Wet,Transplanted,166.7829538277813,27.94552562360948,307.8438269010386,78.3827472252634,5.282697525518964,5.07
NSIC 218,Sandy Loam,Wet,Direct Seeded,166.42091055372833,26.266253734763943,182.60097124508727,78.389789426447,4.278191893999656,5.62
NSIC 218,Sandy Loam,Wet,Direct Seeded,130.2610624668822,25.348278515553506,208.73419423722885,81.76501744129138,5.049054506982031,5.37
NSIC Rc 160,Silty Clay,Wet,Transplanted,169.62334665695258,27.656334514375047,304.74850132225254,60.32988867826864,5.022827956293569,4.86
IR64,Clay,Dry,Direct Seeded,139.37112985849546,29.823830932235502,13.014564041803727,84.535238664734,5.2575845768486085,4.67
NSIC Rc 160,Sandy Loam,Dry,Transplanted,97.18191464050363,22.2305278344521,30.584331672867595,82.16132872200924,2.7028060938373137,3.75
NSIC 218,Silty Clay,Dry,Direct Seeded,134.1665163152601,31.694001125661867,146.70589419874787,64.22659828572266,4.251459003840333,5.28
NSIC 218,Clay Loam,Dry,Direct Seeded,130.02628792017703,30.098815857057108,40.07879133283751,70.42879827806937,3.9051777735131474,4.62
NSIC Rc 222,Clay Loam,Wet,Transplanted,173.5179580638981,29.511537036455785,154.4232902841927,79.1557467871265,3.9716271503940175,5.73
NSIC 218,Sandy Loam,Wet,Direct Seeded,197.25908260724884,29.603873821805035,308.6861296808111,74.87390624820983,3.8797318108606085,5.64
NSIC Rc 222,Sandy Loam,Dry,Direct Seeded,111.65638481313958,25.890607096186525,140.904308267012,63.45282791703787,5.012400068267023,6.16
IR64,Clay,Dry,Transplanted,164.50860176620395,29.516205508448138,38.735607968331834,62.620361254097695,3.4552986922508167,4.38
NSIC Rc 160,Clay,Dry,Transplanted,64.96445060572003,25.867702086029578,140.38133183382783,83.44368897324274,3.888253244889335,4.31
NSIC Rc 160,Sandy Loam,Dry,Direct Seeded,166.5247054172433,30.98706829574793,101.64693092804401,64.6790135405343,3.1020476287032572,4.3
NSIC Rc 222,Silty Clay,Dry,Transplanted,105.71253679898481,23.772223833064697,25.850600850269746,65.16278021791331,3.255149847774204,4.63
NSIC Rc 160,Clay,Dry,Direct Seeded,55.908524433452996,24.923474242151514,91.46812171772089,84.92769376070272,4.4812602500316245,4.12
NSIC 218,Sandy Loam,Dry,Transplanted,104.48692678432658,27.513375426990763,54.59196525563901,78.3641890368965,2.850807814751986,4.9
Dinorado,Clay,Dry,Direct Seeded,141.5964126382467,25.192110358872725,63.64144183692983,78.14146824461918,3.063465432984032,4.68
NSIC Rc 222,Sandy Loam,Wet,Transplanted,67.88752515221998,26.242372452952736,316.346655946258,74.3803731409002,4.084103678713943,4.98
NSIC Rc 160,Clay Loam,Wet,Transplanted,188.6051738645382,26.924226893985946,209.79368996541461,77.06985043206873,2.6313190838890406,4.77
NSIC Rc 222,Sandy Loam,Wet,Transplanted,61.65086199092579,30.563533488135086,299.5332074382849,78.05309071115434,2.8807809982611747,5.12
NSIC Rc 222,Clay Loam,Wet,Transplanted,189.50100797497493,27.231922536086927,283.5225151809411,89.03478704530741,5.090058816900246,6.15
Dinorado,Clay,Dry,Transplanted,156.07062769035298,25.624598486145604,71.62393409689622,66.68919922402738,5.038440297384987,4.99
NSIC 218,Sandy Loam,Wet,Transplanted,99.45682631213054,24.47736164035116,215.17288703827845,66.43687259101377,3.5433283151409465,5.57
NSIC Rc 222,Clay,Dry,Transplanted,108.61255215636399,26.08675978792197,69.17898315424684,61.71655463115947,3.543973945933553,5.59
NSIC Rc 160,Clay Loam,Wet,Transplanted,161.12140470991164,27.1573610441437,265.74350296868863,79.74596396427967,5.309546347792011,4.87
IR64,Sandy Loam,Dry,Transplanted,140.22066513218113,29.461148572032364,102.97524466762404,76.47126542466785,2.57752341721607,4.45
NSIC Rc 222,Clay,Dry,Direct Seeded,150.7464382182418,23.210487761723385,117.57152960270683,63.337176115399195,4.240886539255813,5.6
NSIC Rc 222,Clay Loam,Wet,Transplanted,108.374692477022,24.21609188239151,377.4061323530454,70.93616805354561,4.292171737122182,5.57
Dinorado,Clay,Wet,Direct Seeded,123.17202227113985,25.79654015868673,256.65069511497074,65.35989615993611,4.863661201544984,4.66
NSIC 218,Silty Clay,Dry,Transplanted,198.48012260568402,25.603984051195145,56.084876488156986,69.94445221202585,5.355251547467802,5.25
IR64,Clay Loam,Dry,Direct Seeded,82.08843057495766,25.917480876052117,139.41095463599657,88.5379250818383,3.567482761130032,3.92
NSIC Rc 160,Clay Loam,Dry,Direct Seeded,112.67842797831972,29.935212646403244,141.38528396264272,80.49956516641586,3.813500420368004,4.01
IR64,Clay Loam,Wet,Transplanted,93.7734781360951,25.241544029621732,307.4610442198754,60.22707302385426,4.513895441560532,4.23
NSIC Rc 160,Sandy Loam,Wet,Transplanted,164.76672656597748,27.018981804026645,158.83770526017355,67.57524221352371,5.40181486703253,4.93
NSIC 218,Sandy Loam,Dry,Direct Seeded,164.6018938498581,28.239070328578965,15.696661201160076,60.31084641233337,5.172377061210122,5.45
NSIC Rc 160,Sandy Loam,Wet,Direct Seeded,93.86681914960938,24.32178550183605,169.4500283305247,81.44605496306042,4.5011590098101335,4.54
Dinorado,Silty Clay,Dry,Transplanted,62.20854749494744,29.18695387147539,12.08723044362259,74.08265406166436,5.070170715013067,4.8
Dinorado,Silty Clay,Wet,Transplanted,51.71490150083061,27.47111319738281,170.3270183258296,89.82056075443168,2.7556132926743087,4.8
Dinorado,Clay Loam,Wet,Transplanted,114.11757998637283,26.467811630313783,344.56019090661135,82.00749783067974,3.631380828555558,4.54
Dinorado,Silty Clay,Wet,Direct Seeded,111.55063915036564,30.097840267383138,237.56422370086318,75.53738828123646,2.5392774870965416,4.4
IR64,Clay,Wet,Transplanted,198.25848179597943,24.43495259185182,206.90292209145335,84.14116284624406,3.032416714782851,5.1
NSIC 218,Clay Loam,Wet,Transplanted,120.47031135465194,30.83175970614323,336.8311421129307,81.14410953702227,4.391477713607205,4.86
NSIC Rc 160,Clay Loam,Dry,Transplanted,88.4627554363131,27.61048735366704,69.50928622114853,67.31328532907962,5.1566848712010005,4.94
NSIC Rc 160,Clay,Dry,Transplanted,183.6844161547201,28.091748793796583,92.69033513827219,75.9077482448255,4.398340929975387,4.62
Dinorado,Clay Loam,Wet,Transplanted,123.66019244803677,30.75058964168943,192.4900156390436,76.67996174502213,4.4924143210257,5.02
Dinorado,Silty Clay,Dry,Direct Seeded,139.87634528158668,30.17582687849336,48.90666464328863,73.5369509582341,2.8114648157686055,4.41
NSIC Rc 222,Sandy Loam,Dry,Direct Seeded,64.3503065642319,28.015620688219002,46.317925152008414,65.37577868566086,4.49458147274014,5.33
NSIC 218,Clay,Wet,Transplanted,107.4374610994661,29.531877038481742,211.62313126757016,66.70107154973661,3.863040152107573,6.0
IR64,Silty Clay,Dry,Transplanted,191.633551171068,26.33319490232897,104.9667361592867,68.43142202867885,4.45432069474547,4.81
NSIC Rc 160,Clay,Wet,Direct Seeded,138.42580762631383,27.473777534997463,257.7328608175052,60.30765448134491,3.478519328589482,4.08
NSIC Rc 222,Clay,Dry,Transplanted,101.67527827136925,22.62070136708511,94.23859985177977,87.50831676508528,4.24445782498951,5.53
NSIC Rc 222,Clay Loam,Dry,Direct Seeded,143.85007709473896,22.898579180000468,33.40056249903535,80.58287974750436,3.772207890492968,5.24
NSIC Rc 160,Clay Loam,Dry,Transplanted,186.56166343671742,30.29425404186332,133.83013485712223,80.68851947353413,4.175911166305182,4.92
IR64,Silty Clay,Dry,Direct Seeded,91.0985900708885,22.596716556824965,105.19664982254979,77.16991841427364,2.9412685549894,3.96
NSIC Rc 222,Clay,Dry,Direct Seeded,125.76750777060116,23.693991256326072,60.76067488366117,80.67932424483178,3.687474560851855,5.27
NSIC Rc 222,Clay Loam,Dry,Transplanted,193.8035980867633,29.958326589504416,105.707456598761,89.4558764962091,3.622835971770562,6.01
NSIC 218,Clay Loam,Dry,Direct Seeded,75.8594214947679,22.011459506282563,25.77143214749423,71.55481012903479,4.709183561958425,4.79
IR64,Clay,Wet,Transplanted,157.94958883950673,24.824043288458643,232.8595172536533,81.3757676062969,4.619228541904197,5.2
NSIC Rc 222,Silty Clay,Wet,Direct Seeded,142.17215123044735,27.84038657826622,296.3480527591611,70.78587013132585,5.226576054193999,5.78
IR64,Silty Clay,Wet,Transplanted,151.95126967109522,27.954499314692967,234.4601547687119,85.62866396240477,4.396166776849593,4.64
NSIC Rc 160,Clay,Wet,Transplanted,102.68294460013544,29.771529082294734,248.23790896472298,85.74085820670105,3.44364138938042,4.59
Dinorado,Silty Clay,Dry,Transplanted,97.08190602256474,27.059262544921705,75.55585744036784,87.06799276270455,4.849673989705995,4.71
NSIC Rc 222,Clay Loam,Dry,Direct Seeded,152.63145058825557,27.094018695309703,33.657817338338305,60.16389972725635,3.9909929306008793,5.77
NSIC 218,Clay,Dry,Transplanted,82.3314927656818,29.253105755407006,15.800374457981128,68.94574334988285,3.0804796318872354,4.86
NSIC Rc 160,Clay Loam,Wet,Transplanted,112.94821172885077,26.986244632662835,365.7216520623715,64.01773053604788,4.74223440498138,4.6
IR64,Sandy Loam,Wet,Transplanted,78.2261969079377,28.084910865636168,371.1328599070006,73.61958593670471,2.897594187157687,4.57
NSIC Rc 160,Sandy Loam,Wet,Direct Seeded,51.24572616849946,30.97774068255051,356.92779770335187,74.86348928037893,3.0344599937383876,3.88
NSIC Rc 222,Silty Clay,Dry,Transplanted,195.50860400571042,26.01451007612372,57.36567784036197,67.67712128488967,4.776267785305442,6.38
IR64,Sandy Loam,Wet,Direct Seeded,114.75544679846286,25.85125070919222,366.2077331761582,81.70339476135211,4.810434082213864,4.34
Dinorado,Clay Loam,Dry,Direct Seeded,195.40244216297378,22.035489918647713,31.102967687309654,68.09309151566907,4.872343806412646,4.51
NSIC Rc 160,Sandy Loam,Wet,Direct Seeded,71.04852796517392,28.134262615212318,292.43216733477925,85.61674125850075,3.379975373251347,4.12
NSIC Rc 222,Clay Loam,Dry,Transplanted,138.1050169186229,22.29771907407132,98.69251397353547,65.32978104425361,5.099762372114556,5.88
NSIC 218,Silty Clay,Wet,Transplanted,80.14610491868594,27.041484897283162,311.558303687846,71.0170588429585,4.668004407886219,5.52
IR64,Silty Clay,Dry,Direct Seeded,168.5111190444912,30.042337890322266,104.36950516247944,78.66713275272915,5.001902228654021,4.5
NSIC Rc 160,Clay Loam,Wet,Transplanted,167.55544831414628,27.49921070519663,289.2932916387351,78.16005211389759,4.62581645424067,4.85
NSIC Rc 160,Sandy Loam,Wet,Transplanted,66.89107235589677,24.69636165216676,346.39702101323,62.340873360154305,4.238789376239022,4.24
Dinorado,Silty Clay,Dry,Direct Seeded,186.80966793145836,29.861684214493714,30.81692287172447,85.38775836572844,2.828184314722058,4.36
Dinorado,Clay,Dry,Direct Seeded,79.1944470804837,24.697170040825387,13.445820784479679,77.94194800289326,4.632808635855848,4.49
NSIC 218,Silty Clay,Wet,Transplanted,141.94660123840407,29.330317809458986,287.75012144036106,86.09578646121506,4.571382326374552,5.07
NSIC 218,Sandy Loam,Dry,Direct Seeded,197.84504301315562,28.10258455190231,120.99347862892246,86.02906734683606,3.4374733998605813,5.86
NSIC Rc 222,Clay,Wet,Transplanted,182.35948021495457,23.699962967480012,177.76924113769513,76.37756071125094,4.7074593071392785,5.77
NSIC Rc 222,Sandy Loam,Dry,Direct Seeded,193.48458928417534,31.051338748441857,10.28798290199872,87.32344371934313,4.151363660293983,5.19
NSIC 218,Clay Loam,Wet,Transplanted,101.38981568271791,24.006436829571957,352.39503011421493,85.45223396440367,4.178218715630245,5.28
NSIC 218,Clay,Dry,Transplanted,65.8363463329195,31.895870741406696,58.14783248573042,88.74368833685313,3.6028140363571377,4.92
IR64,Sandy Loam,Wet,Direct Seeded,78.25203099341752,22.07310488654941,340.14629266938414,85.5149519567822,2.8503551240204095,4.03
Dinorado,Clay,Wet,Transplanted,125.07423426149208,24.63483377142903,355.0751488206563,84.63611553003449,3.150785373597967,4.61
NSIC Rc 222,Sandy Loam,Wet,Transplanted,168.98445174099834,23.99860297274199,197.60736584744046,74.08081442030735,4.806494960008175,6.1
Dinorado,Clay,Dry,Direct Seeded,72.52304662758128,22.139934101704625,79.24166172639377,66.36093181133784,3.314324651490682,4.06
Dinorado,Sandy Loam,Wet,Transplanted,148.95972983911355,29.323679001473156,217.90426317874176,87.32126199226458,2.5067591630068344,5.2
NSIC 218,Clay Loam,Dry,Transplanted,98.53664060592678,28.934258020995962,124.6099063953806,81.67647559338226,5.49105226339465,6.21
IR64,Clay,Dry,Transplanted,101.18031085882302,29.923509643549306,127.3982099844597,68.45243592595561,3.1320467015511126,4.11
NSIC Rc 160,Clay,Dry,Direct Seeded,149.28765952368894,24.566985464645654,111.49152168546377,70.22987168266927,4.4661494466111815,4.6
IR64,Clay,Wet,Direct Seeded,120.04991292998304,26.4433516708297,223.9379243158825,80.58235535571662,5.280766013724981,4.63
IR64,Clay,Dry,Direct Seeded,171.8049939538991,28.591135216215473,44.6076671555857,74.33451925061013,4.299138203901811,4.34
Dinorado,Clay Loam,Dry,Direct Seeded,73.38777644942405,26.397685038881434,110.82617080468391,62.444476855391045,4.897091845253373,5.16
IR64,Clay,Dry,Direct Seeded,168.49224046505577,28.973257703179158,44.515487702771836,64.24343837236971,5.429115136446445,4.26
NSIC Rc 222,Silty Clay,Wet,Transplanted,59.63528720861313,28.33973408440442,277.02013404641843,82.36946050536933,5.081090277789357,5.13
Dinorado,Clay Loam,Dry,Transplanted,79.10808203684076,23.146478030221765,40.04514684243823,69.85708585445492,4.173712266035086,4.48
NSIC Rc 222,Silty Clay,Dry,Transplanted,148.4224571754748,29.81043121076968,86.59791359227454,75.22948285206118,3.5911087914462283,5.97
NSIC Rc 160,Clay,Dry,Direct Seeded,178.23884847666068,29.206763590925185,105.03962213676876,82.99864434760578,3.9473933474918788,4.57
Dinorado,Sandy Loam,Dry,Transplanted,87.90194416090236,28.558343876174053,17.427247227635284,82.53526781118157,5.025478504571633,4.79
NSIC Rc 160,Silty Clay,Wet,Direct Seeded,99.07874087433694,23.550936062710022,183.46927104086495,65.01045080661822,5.060063830451921,4.61
Dinorado,Clay,Wet,Transplanted,130.568112243011,24.679964487953637,246.34543831871684,62.95181593197106,5.037564767075091,5.09
NSIC 218,Silty Clay,Dry,Direct Seeded,81.73592097339535,25.931770315876005,18.403164157445183,77.7345687889527,4.2916732082500335,5.13
IR64,Clay,Dry,Transplanted,171.67343923812587,24.799296216564436,119.78389615435057,82.24898621793719,3.930867753272839,4.75
NSIC 218,Clay,Dry,Transplanted,166.04549675086412,24.278102906761315,130.32961513516716,64.47119765986231,3.4340141682869856,5.01
NSIC Rc 160,Clay,Dry,Direct Seeded,71.79375679486725,30.053576701617757,94.62172828786517,71.15865861981824,2.5100825655457877,3.79
IR64,Sandy Loam,Wet,Transplanted,119.57445977249482,28.382322463602023,195.5395402697574,86.10833987902922,4.7934558125828675,4.33
Dinorado,Silty Clay,Wet,Transplanted,166.2241649981932,27.654721315502503,216.1906782581841,88.32669424680964,3.3309948400421643,5.16
IR64,Clay Loam,Wet,Direct Seeded,100.59942966551222,24.259527108532538,326.5969086396068,73.62209282849054,3.489033686156012,3.82
NSIC Rc 222,Clay Loam,Wet,Transplanted,144.96602340765975,31.180765622686415,363.70278907932027,62.38547802092499,5.030443674541132,5.93
IR64,Clay Loam,Dry,Transplanted,57.53196821863591,23.91183039097316,70.03592135896403,67.73089368607133,2.6567534713678618,3.87
NSIC Rc 222,Clay Loam,Dry,Direct Seeded,141.3033140793977,29.94950932824677,128.34430714388603,66.98909760946599,5.2828609943723155,5.9
IR64,Clay,Wet,Direct Seeded,72.89794700009105,31.66672666705293,155.72646664929596,67.16891161623171,2.5040857673155195,3.61
NSIC Rc 222,Silty Clay,Wet,Direct Seeded,174.5874987671677,29.270927292242362,291.4742408387501,74.8164511613775,5.317507344476218,6.18
NSIC Rc 160,Silty Clay,Dry,Direct Seeded,103.31741953707177,31.928587751846297,112.03438458854622,77.49676955074713,3.864275473250249,3.6
NSIC 218,Sandy Loam,Dry,Direct Seeded,92.23307940922936,28.510511169779466,91.1431877803776,63.67528766039806,2.8063678754554586,4.67
Dinorado,Silty Clay,Dry,Transplanted,176.13334650672275,24.17460343603895,54.76599707282687,86.68068019585003,4.5224841017235615,5.28
IR64,Silty Clay,Dry,Direct Seeded,57.52160346077153,24.038194937165112,37.71930863195428,78.59921469843344,5.187569277163665,3.81
NSIC 218,Silty Clay,Dry,Direct Seeded,109.49131990015172,25.245642842554762,68.61422549801219,77.91755190804017,3.8142184505428602,4.55
Dinorado,Sandy Loam,Wet,Transplanted,105.50053108625471,22.07130020221006,159.0149405155668,89.61836995152852,4.574073712091999,5.04
Dinorado,Clay Loam,Wet,Transplanted,92.72005613743264,28.816984700828346,171.31231125288758,78.84431932479376,5.438088160567881,5.34
NSIC Rc 222,Silty Clay,Dry,Transplanted,186.76314980022156,24.686677846278275,50.15516063442961,87.86877447903555,3.2221024711390154,5.91
NSIC Rc 160,Sandy Loam,Dry,Transplanted,162.63925902750833,30.15183232292753,57.496202282824534,68.58770917079376,4.961348370768064,4.64
NSIC Rc 160,Sandy Loam,Wet,Transplanted,59.58847462879082,25.591726505593,326.27100865352725,67.20388471039493,3.3857113280415296,4.54
NSIC 218,Clay,Dry,Direct Seeded,157.20311741524313,26.799564934633125,82.18834774368455,75.4955606047336,3.77901279997048,5.73
NSIC Rc 160,Sandy Loam,Wet,Transplanted,129.0948699693191,31.656889165603694,333.9020266255292,75.25826842909999,3.3452976054917825,4.52
IR64,Clay Loam,Wet,Direct Seeded,185.1301841602369,24.42172123047277,353.4951682931997,66.79450948451691,3.8380352453023674,4.48
NSIC Rc 160,Silty Clay,Wet,Transplanted,96.94184260225377,29.212540974297397,268.5603779425762,80.98966970699843,2.5152670972848474,4.26
NSIC 218,Sandy Loam,Wet,Direct Seeded,136.12429994143744,29.551177893054174,364.95187050404706,60.889014577100795,3.4103165419908144,4.87
NSIC Rc 160,Clay Loam,Dry,Transplanted,125.11329121114791,24.209981575236352,33.67315397322537,80.71891417648358,3.8358821918130874,4.0
IR64,Sandy Loam,Dry,Direct Seeded,123.43413593414085,27.009968366121957,122.86473521033557,73.715336583699,4.396720551118288,4.57
NSIC Rc 222,Sandy Loam,Wet,Direct Seeded,118.41580992758189,25.50201925312968,191.70957291040608,80.67022532535238,4.4120841735277265,5.9
NSIC 218,Sandy Loam,Dry,Direct Seeded,80.84442132984219,29.71906243400089,30.374124640067443,74.31241891924557,4.251356855411478,4.76
NSIC Rc 222,Sandy Loam,Dry,Direct Seeded,163.3564883738589,28.224833190290376,77.33910951893334,89.32001348654084,3.3790954887768905,5.73
NSIC Rc 222,Sandy Loam,Dry,Direct Seeded,117.7004049108933,26.75983054860547,114.43598733126112,70.04054853309353,5.342212947807236,5.75
NSIC Rc 222,Clay Loam,Dry,Direct Seeded,193.77744125039086,29.793632650477182,77.90289907654348,89.47718811007165,3.675909471223298,5.88
Dinorado,Silty Clay,Wet,Direct Seeded,89.12126407891645,24.35155570008417,212.42910340875065,61.94921827436926,3.150681823717173,4.25
Dinorado,Silty Clay,Dry,Direct Seeded,152.41157594405615,29.53621880584359,60.54308890240942,80.5128232427267,4.163538819003962,4.37
NSIC Rc 222,Silty Clay,Wet,Direct Seeded,191.10756194586628,30.653743120928244,183.62553690049282,73.62657620354736,4.74678600964274,5.88
NSIC 218,Silty Clay,Wet,Direct Seeded,149.5187484524139,30.786215968075723,349.38431514546915,84.66412876589101,2.5367007184667987,5.07
IR64,Clay Loam,Dry,Transplanted,180.6909361426092,29.83673593019604,76.48478281518514,83.68848209150994,3.3290320221866425,4.16
IR64,Clay,Wet,Direct Seeded,174.1221439635509,26.080141669982687,207.16877959665473,84.00630548627812,4.97493355780009,5.09
NSIC Rc 160,Clay,Dry,Direct Seeded,104.01765732335058,31.81808022717827,128.81389784237967,62.842157979075594,4.0210632801567945,3.64
NSIC 218,Clay Loam,Dry,Transplanted,140.01859099092448,25.7959364382244,148.66043775975407,84.67097099583884,3.725464913739742,5.56
Dinorado,Clay Loam,Wet,Direct Seeded,73.43920097170334,28.386253991024255,188.87781068957392,66.42120472331283,5.292703838746935,4.49
NSIC Rc 222,Sandy Loam,Dry,Direct Seeded,130.32888240433994,23.61074178069469,98.36006050052097,60.770407915771045,2.768605291368516,4.56
NSIC Rc 160,Sandy Loam,Wet,Transplanted,84.56329577215058,31.80448898636393,305.77767189701405,66.53216159053234,4.346710602333547,4.23
IR64,Sandy Loam,Wet,Transplanted,161.56052224286685,29.039859218646633,169.2705065901686,74.37855314099498,3.526566148731331,4.56
Dinorado,Silty Clay,Dry,Direct Seeded,129.20876328381868,29.533775452463683,121.0821659708181,82.26334079734296,2.7124701948787773,4.1
Dinorado,Sandy Loam,Dry,Transplanted,111.68410439474907,22.657767034111448,12.028416062300414,66.5589744249856,3.1412335258324604,4.11
NSIC Rc 222,Clay,Dry,Direct Seeded,90.31956442504664,29.634178142206718,133.25101733344016,63.39022644270814,4.383799639051853,5.55
IR64,Silty Clay,Wet,Direct Seeded,199.80477227619303,29.747234292206013,161.22506930504312,79.37901765071827,2.5848308015636725,4.29
NSIC 218,Sandy Loam,Dry,Direct Seeded,60.756578132739904,28.717727263622297,143.56696638990854,89.51694109080053,4.276746446168053,5.02
Dinorado,Silty Clay,Wet,Transplanted,56.534102085863005,24.919096137903438,176.67941213811474,78.02610906256854,5.3705512636519135,4.79
NSIC Rc 222,Clay,Wet,Direct Seeded,82.58861007407968,26.896900421608816,150.0602209967919,80.73172092370265,4.885288187110808,5.57
NSIC 218,Sandy Loam,Dry,Direct Seeded,195.66086879417296,23.104343713087165,90.52370784605986,76.8350233123926,3.5367912380015367,5.1
IR64,Clay,Dry,Transplanted,196.88572524799767,26.715870664591527,115.53268068843077,83.47045332685512,2.914622939084825,4.55
Dinorado,Clay,Dry,Direct Seeded,148.2391602158204,24.43823852600405,81.78426401441048,89.27413260628335,3.895193301738936,4.42
NSIC 218,Clay,Wet,Direct Seeded,182.0160000809607,25.49096986494082,324.2475385554481,76.32387688212555,3.6788513085352164,5.13
NSIC 218,Sandy Loam,Dry,Direct Seeded,82.09425962611931,23.626004084036985,50.06852366378256,72.50371535228177,5.415198880071556,4.92
NSIC 218,Clay Loam,Wet,Direct Seeded,195.80631412649353,24.30054367746897,290.5588304286197,85.81029183480379,5.469604163525266,5.55
Dinorado,Sandy Loam,Dry,Direct Seeded,71.4177275209347,22.765686418201163,129.3147160776218,89.0918503127997,3.7317539689713737,3.94
Dinorado,Clay,Dry,Direct Seeded,65.16877822724874,31.19901366436921,93.55713967943186,63.87544922608704,2.9463519505898104,4.2
NSIC Rc 160,Sandy Loam,Wet,Transplanted,66.83173088709094,27.304106879754034,202.46877725943096,77.34512896421634,5.231828648928715,5.07
IR64,Clay,Wet,Direct Seeded,135.9691884908847,25.967419712627397,208.25123699439897,83.77379977637992,4.88062682700098,4.64
NSIC Rc 222,Clay Loam,Dry,Direct Seeded,167.14616010770786,27.350292127687837,91.11363173079698,76.00018215469173,4.033822619967093,5.85
NSIC 218,Silty Clay,Dry,Transplanted,105.00007668119497,28.282932284815526,102.2785085377689,72.27590904578847,3.5960639290454237,5.17
NSIC Rc 160,Clay Loam,Dry,Direct Seeded,196.68439816791897,31.21878793369349,129.84044321603878,79.65689463406261,3.8444974827991825,4.76
NSIC Rc 222,Clay Loam,Dry,Direct Seeded,115.16302071774942,23.786929522863133,112.46685760793501,68.10384283540046,5.205643525915331,6.04
NSIC Rc 160,Silty Clay,Dry,Transplanted,72.56728261598244,24.955524986352177,39.55738719020434,70.47401228815109,3.0539303432906153,4.0
Dinorado,Sandy Loam,Wet,Transplanted,119.8950122279205,31.75789336344115,352.7421496175099,89.76829976644034,4.9203505633704125,4.45
NSIC 218,Silty Clay,Wet,Transplanted,151.855574813366,25.711929866485242,275.4550289650751,79.09396003123486,2.5545718984814663,5.51
NSIC Rc 222,Sandy Loam,Wet,Transplanted,174.8338670756568,22.225616507573278,324.6320892704349,86.18781894933224,5.261715979426255,5.85
NSIC Rc 222,Sandy Loam,Wet,Transplanted,118.81524349348894,23.47643492637159,263.1888628187289,84.2330553911143,4.000891838938617,5.49
NSIC Rc 222,Clay,Dry,Transplanted,139.04102390737512,22.26338701748552,75.35529621702473,79.56817663182072,3.180243479023517,5.49
NSIC Rc 222,Clay,Wet,Transplanted,90.10170682382801,31.899231424207287,209.42950650519808,85.2218724737632,2.508569508451547,5.52
NSIC Rc 222,Silty Clay,Wet,Direct Seeded,146.88747896082708,24.78870848991223,392.6007001707267,68.61475486300714,4.178639406234323,5.24
NSIC Rc 160,Clay Loam,Wet,Direct Seeded,197.89579159255155,31.23542756936226,291.4118908438494,79.11349346436896,3.2334636116795146,5.0
NSIC 218,Silty Clay,Dry,Direct Seeded,57.35803588816908,31.95886275759716,147.24176647806885,77.71810468571942,4.39379300803253,4.47
Dinorado,Sandy Loam,Wet,Transplanted,182.97960060577518,27.99841221143114,182.7454759419781,78.67258802380034,3.3435078443561417,4.97
Dinorado,Clay,Dry,Direct Seeded,134.3423754151284,22.331963150655618,87.63849992678844,65.05895781440326,2.7640720875706806,4.28
Dinorado,Silty Clay,Wet,Transplanted,87.81479893434499,22.81591630386927,251.52251054597667,68.31729119994205,4.0151548895306775,5.15
Dinorado,Silty Clay,Dry,Direct Seeded,193.2334565013887,26.815890551078777,141.3543494859118,68.59974956377617,4.193457208864433,5.02
NSIC Rc 160,Clay,Wet,Direct Seeded,122.50314545883484,26.06172012911486,232.33435298672518,78.0583848771829,3.8577700766186522,4.23
IR64,Clay,Dry,Direct Seeded,99.75353775100784,28.061773057817675,123.87172808382783,89.17640641319358,3.874106662989344,4.34
NSIC 218,Clay,Wet,Direct Seeded,77.22464424062618,26.38847809711364,203.52186714713034,88.62202653546444,4.268950383700046,5.29
NSIC Rc 222,Sandy Loam,Dry,Transplanted,86.66783153849931,31.340768492714844,103.24328185322624,66.8156865896909,4.07906052823046,5.53
IR64,Clay,Dry,Transplanted,174.92735623871638,27.34739715413511,58.91112837236573,69.14535729200318,2.8977026165879742,4.48
Dinorado,Clay Loam,Wet,Direct Seeded,142.16150139757488,28.93726061462442,383.35999731006484,61.08185676837501,3.0912569394550973,4.2
IR64,Silty Clay,Dry,Transplanted,186.98684292324742,30.964852726424965,52.60470865356146,71.96446769578182,2.9253731242871504,4.85
NSIC 218,Clay,Dry,Transplanted,84.79526782366787,23.468718758332074,100.0789491416623,85.04022365041091,4.579886746659238,4.46
NSIC Rc 222,Clay,Wet,Direct Seeded,68.17078607733522,24.297346541185284,370.2299988649381,87.4725521695842,4.085795236500898,5.54
NSIC Rc 222,Sandy Loam,Wet,Transplanted,50.913129646338504,23.07318660474015,199.78677913002912,67.09489438703831,3.7895653705927845,5.63
NSIC 218,Sandy Loam,Dry,Transplanted,126.17930564239907,23.39638399229912,70.55857371849751,67.97383420466518,4.895016985818549,5.16
NSIC 218,Silty Clay,Wet,Transplanted,199.74603955729822,27.125839669342334,238.0369722638792,66.62549449526261,3.4773839792824153,6.4
Dinorado,Clay Loam,Wet,Transplanted,154.24479032279584,25.21179258967464,340.5788479177054,70.50310702723736,4.204319989272883,4.58
NSIC Rc 222,Silty Clay,Wet,Direct Seeded,96.25918879477192,26.23172839526755,202.1265120350539,84.14278195771634,2.7232228044705953,5.76
IR64,Clay,Dry,Direct Seeded,181.52878745392576,31.82489831794062,121.8255071943418,79.4057240965338,4.733212251475336,3.85
NSIC Rc 160,Clay Loam,Dry,Transplanted,167.25833989819395,23.56704347795948,116.46394353562742,83.578227535911,4.58557733444677,4.43
NSIC Rc 160,Clay Loam,Dry,Direct Seeded,52.31227491148089,27.408120707980757,53.698268143392,77.49093319005918,4.907138887890646,3.92
NSIC 218,Clay Loam,Dry,Direct Seeded,172.52907208115337,22.98871155053651,108.38202962864668,67.7319923417744,5.153427874049661,5.28
Dinorado,Clay Loam,Dry,Direct Seeded,95.07901358577439,25.184963132638785,79.23702661360576,66.83982540637632,4.774084801886255,4.6
NSIC Rc 160,Silty Clay,Dry,Transplanted,72.45101968754017,27.27525923674599,55.26089411395959,60.2700211759125,5.033469670381882,4.3
NSIC Rc 222,Sandy Loam,Dry,Transplanted,83.94962596056118,31.466317459653375,67.8153229870496,83.42946410622217,3.536963796885174,4.68
NSIC 218,Sandy Loam,Wet,Direct Seeded,120.28697065627085,25.912282212834832,297.8912156510611,85.41363678494153,3.530012086044819,5.29
IR64,Clay,Dry,Direct Seeded,113.73018906020165,22.649066962146698,135.34926140971666,83.04847798885248,5.332902459699449,4.25
NSIC 218,Sandy Loam,Dry,Transplanted,93.33309490613402,25.88161447960317,60.332476897155665,62.23206173185472,5.243723608978614,5.54
IR64,Sandy Loam,Wet,Direct Seeded,75.8327483310549,23.457411758739777,324.94848553120414,82.86664881509597,4.145492023315668,3.88
NSIC 218,Sandy Loam,Wet,Transplanted,164.3346184463254,24.299896132914455,313.49308142769155,61.373023594508076,3.5996763558179374,5.65
NSIC 218,Sandy Loam,Wet,Direct Seeded,198.51646756023757,28.180906231649903,326.60216006887515,63.16779197119173,5.098004590776402,5.66
NSIC 218,Clay,Dry,Transplanted,166.66873706295357,22.674238662036817,50.23589826472412,73.21426118798001,3.4702333972820987,5.47
IR64,Silty Clay,Wet,Transplanted,94.39054515073119,26.647237562500372,326.67489725719076,74.2844102677452,2.960905248683333,4.02
IR64,Clay Loam,Dry,Transplanted,86.72134421182,28.094615860107645,59.253010899419294,84.48355909856089,4.41847802501644,4.15
NSIC 218,Sandy Loam,Dry,Transplanted,82.64988140989074,26.21858392367497,40.04658106921684,80.38580676122731,2.6278654291989008,5.33
NSIC Rc 160,Silty Clay,Dry,Direct Seeded,70.50426117335545,22.191263506237302,86.24889823548601,64.59960535893649,3.637305718499464,4.13
Dinorado,Sandy Loam,Wet,Transplanted,132.69958245384518,31.855193569028653,391.2014799622321,66.78440349686404,4.9229914470838665,4.69
Dinorado,Sandy Loam,Wet,Direct Seeded,140.81005579300162,25.671157673405354,236.6247223800799,68.5702556477606,3.3856485870785042,4.52
Dinorado,Clay Loam,Dry,Transplanted,155.8253990994706,29.78577186933267,30.64110108515451,63.71017912364575,5.293946437220599,4.71
IR64,Clay Loam,Dry,Transplanted,152.0320056400502,25.25646492187453,124.44213010116829,68.62934659077692,5.367473999849912,5.16
IR64,Clay Loam,Dry,Direct Seeded,93.84999669250737,26.750167569934188,41.581234614387654,81.857944666192,4.947448902295356,4.59
NSIC Rc 160,Sandy Loam,Wet,Direct Seeded,99.54665080952698,25.884636426109964,369.6476060939599,67.24204410321849,5.462929956976188,4.32
Dinorado,Sandy Loam,Dry,Direct Seeded,152.22718031635068,25.425392295096078,93.7277038555504,85.0607894118116,4.092292334534313,5.33
Dinorado,Sandy Loam,Wet,Transplanted,102.41714611754425,22.218513772077788,155.45176562877668,74.08550985375624,4.2075986564169146,4.73
NSIC 218,Clay Loam,Dry,Transplanted,81.89347844289696,25.600209378545035,27.503569848785098,69.68807283733166,5.0085004458114355,5.03
IR64,Clay,Wet,Direct Seeded,106.15042305451092,30.894899903995302,222.0507408308208,72.37254313646619,3.9784157673642713,4.06
Dinorado,Silty Clay,Dry,Transplanted,90.81262363669666,28.90393338593684,146.98344075000568,81.28490221780474,3.7201600204992085,4.74
NSIC Rc 160,Clay,Wet,Direct Seeded,63.24690818278667,23.454228590954397,162.1639454997829,75.50378109737971,4.344260773523617,4.12
NSIC Rc 160,Sandy Loam,Wet,Transplanted,174.520835341498,27.91155004622739,312.80098998896005,60.21835991925174,4.472978532546646,5.14
Dinorado,Sandy Loam,Wet,Transplanted,177.96670837355543,30.922308599488716,175.19759268290488,87.66971539755225,4.752687465088499,4.88
IR64,Clay,Wet,Transplanted,82.96254502503191,29.000340409648555,361.42671591301155,61.97988009005555,4.5046020917802565,3.85
NSIC Rc 160,Sandy Loam,Wet,Direct Seeded,59.715829928780266,23.486843923566965,311.64792094756496,88.15864046443157,4.737165385789986,4.14
NSIC 218,Silty Clay,Wet,Transplanted,160.82411560267693,30.678324967344967,157.20385026340142,60.84458470860164,4.523679012666257,5.5
NSIC Rc 160,Sandy Loam,Dry,Direct Seeded,81.72929387951206,25.015440132888653,73.6405642451106,83.12938004872345,3.9413357155005366,4.66
NSIC Rc 222,Silty Clay,Dry,Direct Seeded,109.01532341552904,26.54076144312342,125.10398770623402,76.04024124549865,2.904803753009411,5.7
NSIC Rc 222,Clay,Dry,Transplanted,59.620287835607485,27.261427596891465,117.61069699099772,75.17178541812318,4.8563296868057755,5.6
IR64,Clay,Dry,Direct Seeded,83.94043771376528,30.50506604378195,109.91702660039503,62.18335507632013,2.592337454163049,4.03
Dinorado,Sandy Loam,Wet,Direct Seeded,168.93534174944537,31.316074951476608,328.6943413586557,67.16235031013748,5.477500275284019,4.94
IR64,Silty Clay,Dry,Transplanted,170.65946703728028,31.29652877790556,125.83108196864536,83.32641951195576,4.98537546981904,4.79
IR64,Sandy Loam,Wet,Direct Seeded,81.06272373315656,22.079541812785408,365.50873681424025,86.73779489767483,4.5127318239439145,3.69
IR64,Clay Loam,Wet,Direct Seeded,100.38707676600343,31.218884855854572,315.28025191553735,75.87356043158938,5.39982031556336,4.24
IR64,Clay Loam,Wet,Transplanted,70.13576286406153,22.543869660015723,157.63105398375805,70.60030189087786,4.337410844368628,3.65
NSIC 218,Clay Loam,Dry,Transplanted,61.12589454273836,24.657736568174354,24.064905212358816,61.79829624192632,2.669298642233044,5.12
NSIC 218,Clay Loam,Wet,Transplanted,198.82575716726143,27.14987854727833,364.47988711510163,80.46535578199021,4.17814652204356,4.93
NSIC Rc 160,Sandy Loam,Dry,Direct Seeded,148.33909268672588,26.799256890043942,104.9896076460747,68.35339832058848,3.3316125569708284,4.33
NSIC Rc 222,Clay Loam,Dry,Direct Seeded,131.31447637974782,28.047097938873918,47.215812938329364,61.650411449764405,3.6084325839533102,5.08
IR64,Silty Clay,Dry,Transplanted,164.82477506079493,26.79446228737006,120.02203296932258,79.97555187295866,3.8787554675500866,4.63
NSIC Rc 160,Clay,Dry,Direct Seeded,176.01157395315863,31.343756796404207,143.96162637870444,74.57159380601276,4.82380223916635,4.52
NSIC Rc 222,Clay,Dry,Transplanted,171.00721520670913,24.40548848214587,136.2085341779774,60.35886449105172,4.008787643112869,5.62
Dinorado,Clay Loam,Wet,Transplanted,52.48091739348149,24.740246940384857,333.1159782335087,63.32772117319041,3.9240408724752363,3.74
NSIC 218,Clay Loam,Wet,Transplanted,78.02118472857477,31.20737935693056,244.61282812099606,80.97605787737832,3.405916413225538,5.14
NSIC Rc 222,Clay Loam,Dry,Direct Seeded,148.23579531767467,22.767395137452564,26.093311146313255,61.91013999197366,4.119616725558108,5.85
Dinorado,Sandy Loam,Wet,Direct Seeded,106.36390217059443,28.0956082190481,232.15756457887568,85.9788919452897,3.245172563305947,4.52
NSIC Rc 222,Clay,Dry,Transplanted,197.37239765916604,28.817359520656108,61.73733889419494,69.33978832259798,3.282981446224684,6.08
NSIC 218,Clay Loam,Wet,Transplanted,149.8107188957381,27.055417234297394,269.95504535186,62.659994113092736,4.771776325433562,6.25
NSIC 218,Silty Clay,Wet,Direct Seeded,193.48233630938097,28.942318788231372,366.7754377344677,82.79272134504197,3.52764179352727,4.83
NSIC Rc 160,Clay Loam,Wet,Transplanted,80.21697224686908,23.72754646011967,213.01483796738938,75.73281703359072,2.6541990188173354,4.11
IR64,Clay,Wet,Direct Seeded,179.59355421725346,30.5263223277154,175.24095281030029,69.19920097137893,3.531031857684942,4.07
NSIC Rc 222,Clay Loam,Wet,Transplanted,98.2028458722838,23.400256894698856,366.15909324026245,72.18295025007804,4.415716623599857,5.22
NSIC Rc 222,Clay,Wet,Transplanted,198.43472123567102,26.0081244431575,156.57246222018074,60.64237186814478,4.941956760031967,6.77
Dinorado,Clay Loam,Wet,Direct Seeded,73.6533008109721,22.75257601308206,377.7492555610161,79.88095612618287,5.385810044177084,4.35
NSIC 218,Silty Clay,Wet,Direct Seeded,127.45097282574899,27.452110788174004,226.43629857535018,70.97321066890333,4.738661264424928,5.81
NSIC Rc 222,Clay Loam,Wet,Direct Seeded,168.9266800755683,28.697458074256392,277.0556754220669,81.42112709184389,3.7865548282505106,5.75
NSIC 218,Silty Clay,Wet,Direct Seeded,114.89637209060538,31.412216350952903,183.07388118805702,78.84513437857642,3.397357837614873,4.76
NSIC Rc 222,Silty Clay,Wet,Direct Seeded,120.212609028147,29.393361958960007,375.5637423441713,79.53762557729215,2.8888899705126683,5.32
NSIC Rc 160,Clay Loam,Wet,Transplanted,197.95336932586116,27.41102916454151,337.45905584610114,83.78678133013297,4.383059303338343,5.26
IR64,Silty Clay,Wet,Transplanted,113.796222545173,31.32617017170334,381.0388966520086,78.93474235128753,4.029649942327019,4.11
NSIC Rc 222,Sandy Loam,Dry,Direct Seeded,140.61081508985956,26.784368380408765,61.005186007663966,72.56177787725677,4.533104549332424,5.82
NSIC 218,Clay Loam,Wet,Direct Seeded,58.1809491012726,27.612056530988696,320.8072627795406,71.69782685203907,3.211399469365209,4.6
NSIC Rc 160,Clay Loam,Wet,Transplanted,176.331512031539,27.960985276700956,196.17344418558153,63.58746320294567,3.470932504329837,5.12
NSIC Rc 222,Silty Clay,Wet,Transplanted,147.22520734693154,26.099797258865667,227.06675074656232,83.38330239468725,3.376286048495917,6.29
Dinorado,Silty Clay,Wet,Direct Seeded,110.60301542942203,30.384826905658244,271.71214377586836,82.83325325263866,4.892955526523232,4.74
IR64,Clay Loam,Wet,Direct Seeded,52.42543099317796,23.851759388450592,301.8145513400517,67.3889510125657,3.01368944459004,3.24
NSIC Rc 222,Sandy Loam,Wet,Transplanted,138.75032308902558,27.54842190371608,381.61485933406846,85.88045738094434,4.325416351073486,6.16
NSIC Rc 160,Silty Clay,Dry,Direct Seeded,51.898674272624326,29.22233256187194,27.121477290334287,77.67009773371885,2.65406504727732,3.41
Dinorado,Silty Clay,Dry,Transplanted,50.18054208635269,31.039761718765774,23.737647468555842,74.36060527183702,4.1485827277051595,4.31
NSIC Rc 160,Clay,Dry,Transplanted,142.4147843224032,30.839183964342784,63.884618895685435,60.52488904876488,2.6917419272591676,4.4
NSIC Rc 160,Sandy Loam,Wet,Direct Seeded,78.35256010018314,27.08740289430142,245.98786644728474,71.4822355759295,3.0276297723639622,4.48
Dinorado,Sandy Loam,Wet,Transplanted,78.78313245771429,28.431614511633416,325.76800547678647,79.22012304706989,2.8390759061606867,3.97
NSIC Rc 160,Clay Loam,Wet,Transplanted,147.99073487491154,25.942377361293012,390.25221222770546,62.6924351306515,3.5401760616502793,4.49
Dinorado,Sandy Loam,Dry,Transplanted,58.05457819090614,26.681777628802003,148.89001706951157,73.78701926662644,3.5311942531231875,4.69
NSIC Rc 222,Clay Loam,Wet,Direct Seeded,97.01083422118344,31.062657925730495,188.09351585386327,89.80307854084788,4.979257842184769,5.94
Dinorado,Clay,Wet,Transplanted,72.41478532130286,31.30703993192474,365.677397194887,81.49615911627203,3.177062354141586,4.26
Dinorado,Sandy Loam,Dry,Direct Seeded,137.02645546948008,30.9541405806702,89.65197114927852,76.40612662504813,2.759160225321931,4.64
IR64,Silty Clay,Dry,Transplanted,149.26477320910936,23.38370861813638,97.04942800459587,75.9909865481723,4.31053537244239,4.57
Dinorado,Clay,Wet,Transplanted,158.17037803985653,30.50084021330636,255.17651759829965,61.31295246774583,4.56235209880002,4.98
Dinorado,Clay Loam,Wet,Transplanted,88.28468253778482,31.483637310214803,333.1054439823342,88.71943312223809,3.3844708480643613,4.37
NSIC Rc 222,Clay,Wet,Transplanted,63.387462745487596,25.612496945736048,223.38458468427092,87.8453298085513,4.308442349084132,6.08
IR64,Clay Loam,Wet,Transplanted,61.80254854128467,27.186462894216692,233.4960545665004,80.4721413202634,4.828169704019932,4.25
NSIC 218,Clay,Dry,Direct Seeded,113.92273226760857,29.79095255812996,75.94264740261553,62.9703494904465,3.542658817228337,5.21
NSIC Rc 222,Clay Loam,Wet,Direct Seeded,191.87666135940725,27.620781375656488,156.78330621701653,66.23501690248315,4.076061519799335,5.89
NSIC Rc 222,Sandy Loam,Wet,Transplanted,82.6593551370537,31.934835217062492,392.8510382917399,65.51728607626755,2.9398998210169602,4.72
NSIC 218,Silty Clay,Dry,Direct Seeded,88.5112402012324,26.557133651568286,102.72627732256319,75.58735455303656,2.570940403210541,5.24
Dinorado,Clay Loam,Wet,Direct Seeded,65.13332031587885,29.139427112073776,353.36314380769613,66.23411623505956,5.444103924432489,4.26
NSIC Rc 160,Clay,Wet,Transplanted,140.83554108408953,29.925911401965443,173.4794894815551,80.87401684632594,3.3991925516091097,4.65
IR64,Clay Loam,Dry,Direct Seeded,151.98093109207622,26.941004157584395,143.93269130426773,76.35689657908168,3.3367061521654646,4.37
NSIC Rc 160,Clay Loam,Dry,Direct Seeded,146.439681224114,30.569838057113756,92.41771350601485,60.52974531127966,5.419735399519263,3.91
NSIC 218,Clay Loam,Wet,Direct Seeded,179.1695364567172,27.461545912071966,399.8771989159436,82.32171711106955,4.6847005712893495,5.61
NSIC Rc 222,Clay,Dry,Direct Seeded,122.96387525391076,26.116507968016315,19.105384360967058,65.66486209961846,4.25589366382145,5.49
NSIC Rc 222,Silty Clay,Dry,Transplanted,70.16855611505966,23.07823673851947,79.0046796835478,84.7465535904203,4.5979701852800705,4.91
IR64,Sandy Loam,Wet,Direct Seeded,93.4107696056619,25.93413576350424,301.2561493007354,70.65136311368937,4.629779700086208,4.05
NSIC Rc 222,Silty Clay,Dry,Transplanted,149.36449601320277,29.339364547332842,148.98517825527318,70.1585903994491,4.790007640878947,5.56
NSIC Rc 222,Clay Loam,Wet,Transplanted,141.96829606123399,31.21286411680107,363.4321594910957,60.354520073346315,2.7015676942597597,5.49
IR64,Clay,Wet,Direct Seeded,129.65046946144437,24.516794038603102,166.66519081946723,89.63186948769052,3.7384942593486636,4.63
IR64,Silty Clay,Wet,Transplanted,152.44466280330306,25.552355173305028,247.3627946229809,78.36013017515592,3.3853909534990496,4.8
NSIC 218,Clay Loam,Wet,Direct Seeded,145.6086275559949,23.53960994104426,317.4127805759025,72.68190498557972,2.7117089155510166,5.22
NSIC Rc 222,Sandy Loam,Dry,Transplanted,182.19873341974275,28.907228942289688,64.23638088319686,62.89864213384017,3.7377969905392865,5.7
NSIC Rc 222,Sandy Loam,Wet,Direct Seeded,137.90245662174448,31.60188430009925,176.6084296749254,80.97444192453051,4.34852045623944,5.68
NSIC 218,Sandy Loam,Wet,Direct Seeded,166.79020380508348,28.409522198481756,272.22570966350014,68.48191409975817,3.0354930399232565,5.32
Dinorado,Clay Loam,Wet,Transplanted,87.30607339497018,28.170765300062264,260.6694686360354,89.64842455126586,3.4150802316635613,4.78
Dinorado,Clay,Wet,Direct Seeded,151.72738768836018,27.534899305004338,204.01005611839494,88.51642077447968,4.417512465751463,5.33
Dinorado,Silty Clay,Dry,Direct Seeded,185.32911775740135,22.884557406855365,93.1433732100261,82.05890036408366,4.23797397267164,5.02
NSIC 218,Sandy Loam,Dry,Direct Seeded,107.85984918497499,29.295038264293837,24.92914688003438,89.13215790848906,5.1063563895196715,5.01
NSIC Rc 222,Clay Loam,Dry,Direct Seeded,166.86562810079698,28.02049543549351,29.765269823119368,63.169015873612885,4.87369290895115,5.43
NSIC 218,Clay Loam,Wet,Transplanted,158.7183951793153,28.61476768856287,225.06745896295055,68.39746081609636,5.396833156858088,5.92
NSIC 218,Silty Clay,Dry,Transplanted,58.928929530773374,30.988110930274217,132.45540344155475,67.59729866373537,4.291579930340132,5.04
Dinorado,Sandy Loam,Dry,Transplanted,137.22624644361085,29.83960787061018,52.048247955225605,62.160379753779075,4.595402099234879,4.84
NSIC Rc 160,Clay Loam,Wet,Direct Seeded,69.52840238012035,29.80915252154526,391.7795886237456,89.16679793914368,5.081518776443209,4.23
NSIC Rc 222,Silty Clay,Dry,Transplanted,195.09787583458868,31.271837688793475,52.76317826964302,61.79922259940682,5.019977334475804,5.41
Dinorado,Clay,Wet,Direct Seeded,171.71112540509841,31.899349514629996,222.162121502484,85.70066711982989,4.656164926078703,4.65
NSIC Rc 160,Clay,Dry,Direct Seeded,66.45857018706802,27.812827319610598,64.20981944032594,83.04484273730517,4.000768628121925,3.84
NSIC Rc 160,Clay,Dry,Direct Seeded,68.26279964715177,23.08881616031166,145.30701420663314,71.27601262414379,3.319620664692186,4.22
IR64,Sandy Loam,Dry,Transplanted,139.17107823689284,26.591299077754364,21.8146694451627,60.56422087889397,5.131647261806218,4.54
NSIC Rc 222,Silty Clay,Dry,Transplanted,101.7333761259775,29.876011464616443,124.62697435718688,60.18287714945608,4.829966326711915,5.6
NSIC Rc 160,Silty Clay,Wet,Transplanted,55.235878860966395,22.277253247618493,203.35653349210276,66.1198152208177,5.013720855875437,4.49
Dinorado,Clay Loam,Wet,Transplanted,131.24622617495797,22.56887438356149,284.0522927670834,74.8162974010138,2.9223679544416123,4.39
IR64,Clay Loam,Dry,Direct Seeded,108.17676495287704,22.671577823828212,57.818102705238104,73.73729934555453,3.444438634567824,3.81
NSIC Rc 222,Clay Loam,Wet,Transplanted,65.1614738557614,29.310357583283107,317.73950851757445,77.55877729694782,3.7746551136989535,5.85
NSIC 218,Silty Clay,Dry,Transplanted,170.2880588383974,27.01166628563172,128.92552363796648,83.15877928982286,5.015055916901682,6.43
Dinorado,Clay Loam,Dry,Transplanted,187.2615147918209,25.688979435205937,148.84579093063593,71.32063844580617,5.178660018143967,5.32
NSIC Rc 160,Silty Clay,Dry,Transplanted,163.48909010211952,23.05617045261736,58.8134374296447,64.81091086527952,3.354678142765859,4.3
NSIC Rc 160,Silty Clay,Dry,Direct Seeded,173.3633465024416,29.322402502058893,28.109891269729733,84.00146750485271,4.559287501797295,4.28
Dinorado,Clay,Dry,Transplanted,82.4735850899176,25.210198105508997,30.212569717609956,69.98072043993632,2.73344261845769,3.83
NSIC Rc 160,Clay Loam,Dry,Transplanted,89.53594263779016,24.65324070064667,116.22372473288604,68.60645693380052,3.7287198159062833,4.61
IR64,Clay,Wet,Transplanted,81.27913104487817,28.52319201553551,331.2732777673912,82.92936115287706,3.960007323255655,4.8
NSIC Rc 222,Sandy Loam,Wet,Direct Seeded,164.7595147048346,27.590108925968416,338.56179612422903,88.02418314249434,4.796898444697348,5.7
IR64,Sandy Loam,Dry,Transplanted,192.18756184017457,25.624106418133017,30.289017327339113,87.4488384603227,5.175916710511361,4.55
NSIC Rc 160,Sandy Loam,Wet,Transplanted,157.52558101008538,28.41487470805588,159.20812287868827,64.12327277571536,3.5118497074733686,4.65
NSIC 218,Silty Clay,Dry,Transplanted,182.2200147319334,24.712215203841183,46.459019594849124,75.09474460407898,4.083216669825704,5.56
NSIC Rc 222,Silty Clay,Wet,Direct Seeded,145.8048642324759,29.948302616043268,248.44010009489082,62.7861085118452,4.442344667102573,5.42
NSIC Rc 222,Silty Clay,Wet,Direct Seeded,108.14898508381987,24.29318950307654,343.48951994577254,88.829278767192,3.486061686840444,5.12
Dinorado,Clay Loam,Wet,Transplanted,113.86424223954577,23.588376953820156,376.2130254500323,66.45683657630518,5.456614639522133,5.0
Dinorado,Clay,Dry,Transplanted,61.298214825110726,29.824394094988747,38.61576811269117,65.92288724297325,5.127323138710073,4.55
NSIC 218,Silty Clay,Wet,Direct Seeded,54.71857928690391,29.07892030697933,300.5500308331958,86.66657019019439,3.3892084865998497,5.15
NSIC Rc 222,Clay,Dry,Direct Seeded,154.3213406283616,23.826389757017985,59.79499896433755,89.03551665365895,4.0238386929971455,5.55
NSIC 218,Clay,Dry,Direct Seeded,115.7643338016771,23.16245752689938,20.411320520956245,80.9289677788577,3.192521839741733,4.47
Dinorado,Clay,Dry,Direct Seeded,132.83226020819444,30.383990884866922,129.94394753701613,63.630151010976746,4.0435117567100045,4.45
Dinorado,Clay Loam,Wet,Direct Seeded,133.64918714336244,29.76598482196688,163.0767133774214,74.57566831622022,4.549997034469855,4.88
NSIC Rc 222,Clay Loam,Wet,Transplanted,91.60637199999522,25.27257373699664,249.16145146378278,84.49815282184811,2.7565632783789633,5.25
IR64,Sandy Loam,Wet,Transplanted,121.3838766244236,28.581974082133666,168.55677896711367,77.17431551124736,5.110351614421815,4.4
NSIC Rc 160,Sandy Loam,Dry,Transplanted,120.61403325015534,23.24160186547811,130.4204836521391,63.97784564185004,4.281237605339751,4.14
Dinorado,Clay,Dry,Transplanted,108.26408318417856,27.07047659047678,67.81060578757658,65.15663248509684,5.4688086957310045,5.18
Dinorado,Sandy Loam,Wet,Direct Seeded,173.10130751016058,22.1873029206042,337.13446567114613,85.92425027504416,2.5767745217485096,4.19
IR64,Clay,Dry,Direct Seeded,117.67460055313938,25.916018809215554,95.69225966328653,75.8108749106245,4.994495053294696,4.68
IR64,Clay Loam,Wet,Direct Seeded,140.5466786758982,22.74842821471405,165.8763673204163,81.17510321300136,4.875889144763643,4.16
NSIC 218,Clay Loam,Wet,Direct Seeded,184.3280180571239,26.751471801568826,196.4327666837943,71.19187578699194,2.898557536120097,5.04
NSIC 218,Clay Loam,Wet,Direct Seeded,179.93504342883838,26.216816468528943,254.23960599119357,75.97456748756525,3.50591690525022,5.55
NSIC Rc 160,Silty Clay,Wet,Transplanted,183.56333056687478,26.443850266380558,265.66209177871804,89.31309421163076,5.154388609132518,5.53
NSIC Rc 160,Clay,Dry,Transplanted,90.5007494697521,22.45331302047994,99.87321992660266,69.89109110904414,4.055362885216763,4.18
NSIC Rc 222,Clay Loam,Wet,Transplanted,55.24737324620943,25.616163412818324,251.62042507875307,80.24365582524823,3.703844462401717,5.2
NSIC 218,Clay,Wet,Transplanted,89.16001998429938,29.564838490999165,265.8491616515,65.17516671585689,5.216489296752526,5.06
Dinorado,Sandy Loam,Wet,Transplanted,91.80610184310629,25.689143733536202,328.30978800505,63.65219655781,2.7800335734311843,4.77
NSIC 218,Sandy Loam,Wet,Direct Seeded,186.4040490087452,29.151719526095807,242.31720573888538,83.50920333777088,3.919368348706769,5.34
Dinorado,Clay Loam,Wet,Direct Seeded,147.3864099256956,25.694787236337334,286.93761478765475,85.32324629961496,4.457122293926057,5.26
IR64,Clay,Wet,Direct Seeded,62.255593940334315,26.232394414901865,225.84231438218308,80.04935086048246,4.325624317045038,4.4
NSIC 218,Clay Loam,Wet,Direct Seeded,70.30678940166517,27.63892112829266,238.40687377262066,64.74587512633425,3.2928293632266743,4.94
IR64,Sandy Loam,Dry,Direct Seeded,73.35141883129631,31.506819368070826,114.89613614843003,67.21763896927615,4.189938713603009,4.13
NSIC Rc 160,Clay Loam,Dry,Transplanted,144.56326222533846,23.088604466466553,82.89661225616716,87.33527124285335,4.625685292857945,4.29
NSIC Rc 160,Clay,Dry,Transplanted,160.31210382605047,22.329137686611737,81.44704636183604,68.66112146399269,4.254656221980095,4.08
NSIC Rc 222,Sandy Loam,Dry,Transplanted,178.9465865848094,28.079571838100453,98.38252882594952,84.56581548591353,4.553386677931967,5.85
NSIC 218,Silty Clay,Wet,Direct Seeded,191.09548262093645,31.490970889284263,303.4497397605202,68.57811866731205,3.268236218166371,5.37
IR64,Sandy Loam,Dry,Direct Seeded,80.25568360796626,31.89723132554715,108.42677539378286,88.18387707970304,4.998546850815348,4.22
Dinorado,Silty Clay,Dry,Direct Seeded,96.46587270860735,26.841642473920018,58.536652784095246,87.43358738511009,3.8490686109549097,4.44
NSIC Rc 160,Clay Loam,Dry,Direct Seeded,86.0484321117246,26.680816210850985,56.25186625763411,61.297895208863636,5.461671532313707,3.97
NSIC Rc 160,Clay Loam,Wet,Transplanted,103.81423511992065,28.449637707451963,272.623662909255,83.11241960602226,2.569855962000813,3.94
Dinorado,Clay,Dry,Direct Seeded,187.19976611356242,27.5563475720497,47.76057657342729,65.08385280703222,3.64094611374293,4.56
IR64,Silty Clay,Dry,Transplanted,136.26688504090424,28.34088057614118,86.83851774378479,66.45814877719144,3.0414251569153326,4.03
IR64,Clay Loam,Wet,Direct Seeded,160.72878459867485,30.739994255378942,330.75907371482026,73.79535636994427,4.166828580982161,4.28
NSIC 218,Silty Clay,Dry,Transplanted,123.5178854190173,29.463061694876092,60.421796537808135,77.2895444924835,3.2296152831208382,5.67
NSIC 218,Clay Loam,Wet,Direct Seeded,54.32868700041868,26.968773916867956,290.1346470129374,69.77399156911476,4.712433839702445,5.42
NSIC Rc 222,Sandy Loam,Dry,Direct Seeded,59.62932289967215,26.618644590001697,85.64385747906846,77.26150096662627,5.145597587012556,5.21
NSIC Rc 160,Clay Loam,Wet,Transplanted,130.68845469018288,28.39601748513116,350.8935213459682,65.1197511402341,3.1326530607463328,4.2
NSIC 218,Clay,Dry,Transplanted,157.81835522300383,26.557062844202974,66.83786721576902,60.67012963143111,2.982032854905395,5.32
IR64,Sandy Loam,Dry,Direct Seeded,82.29957912930973,26.5777935126564,127.14278555737252,77.1367316508529,5.126071557185435,4.46
Dinorado,Clay,Dry,Transplanted,158.28643609884563,22.16305901786505,20.238233564364503,75.52245779886957,3.583815745265517,4.89
IR64,Sandy Loam,Wet,Direct Seeded,171.59986602252687,23.740641374073086,260.8520532486791,80.68961892227775,3.8037509048770897,4.22
NSIC Rc 160,Silty Clay,Dry,Direct Seeded,111.78462175431667,26.88513639995753,90.10948310465444,79.49466185903474,3.1629085073306067,4.66
IR64,Clay,Wet,Transplanted,161.96288492661574,30.22653459050369,272.75840496670037,86.92459140701867,3.7759446041534415,5.01
NSIC Rc 222,Clay Loam,Wet,Direct Seeded,110.60449254926898,24.78727006727124,317.4928372252349,73.78405860484638,3.1939002192339907,5.22
NSIC Rc 160,Silty Clay,Wet,Direct Seeded,151.752594418253,27.22643433131149,205.31098610301223,60.25108424078826,4.497782321902543,4.74
Dinorado,Clay Loam,Wet,Transplanted,164.59955739793145,25.44962084759232,246.4823842328152,78.91958044790562,3.9966292374402617,5.05
NSIC Rc 222,Sandy Loam,Dry,Direct Seeded,198.78899274621662,23.048039895395892,90.58732508220768,80.25397288809656,4.864181337888727,5.77
NSIC Rc 160,Sandy Loam,Dry,Direct Seeded,101.8094993095394,31.582984830713006,63.72042347541798,75.6448496818791,3.4381843482018835,3.74
Dinorado,Clay Loam,Dry,Direct Seeded,111.65611708619173,30.546738702503017,68.94292523884005,80.67914610723648,4.016785046377113,4.62
NSIC Rc 222,Clay Loam,Wet,Direct Seeded,74.8430089115257,22.784924244669064,306.2103110029269,69.70751439708458,3.278569968931403,4.64
NSIC Rc 222,Silty Clay,Dry,Transplanted,80.61095876027103,29.197872624682844,122.01839052361,64.46424909573237,5.303421790739895,5.63
NSIC Rc 160,Clay Loam,Wet,Transplanted,154.00925038975666,25.475799043575,157.2190673164341,79.9366099186922,4.065807003373309,4.9
NSIC 218,Clay,Wet,Transplanted,187.55683852317142,31.948498070617926,259.2428584084854,67.35559287646586,3.0203874889538294,5.58
NSIC Rc 222,Clay,Wet,Direct Seeded,109.19074274918609,25.02398519828978,299.7124840765292,73.68947727852614,3.3182969776300872,5.89
NSIC Rc 222,Clay Loam,Dry,Transplanted,76.97666702533118,24.387384453625998,49.29431943644688,74.74868191834946,2.7487058923721803,4.88
Dinorado,Clay,Dry,Transplanted,92.76492490744911,27.678905483054052,131.99653079966282,74.31598651405166,2.5834479867932,4.47
IR64,Clay Loam,Wet,Transplanted,118.25775572122079,30.351261633432042,391.84388299454946,77.95347431039868,4.077765478212013,3.56
NSIC Rc 160,Silty Clay,Dry,Direct Seeded,93.59754940480525,23.92518871819798,135.48806257885707,60.88361126777576,3.511368767576816,3.82
NSIC Rc 160,Clay,Dry,Transplanted,85.03686246827994,29.09402769719331,101.08670261630743,89.69047484790264,5.391320365780919,4.1
NSIC 218,Clay,Wet,Transplanted,160.39767331356194,22.614065831411217,369.2541404044178,81.48931421815713,3.0139941890844524,4.95
NSIC 218,Clay Loam,Wet,Direct Seeded,51.17673818609348,31.189347431104974,220.18548823566454,72.76163345396289,4.881737958210836,4.99
NSIC Rc 160,Clay,Dry,Direct Seeded,130.88457910047248,22.810749161472987,118.20007991913378,65.73990090870733,3.447914326578708,4.23
NSIC 218,Sandy Loam,Wet,Direct Seeded,169.0650210544631,31.142313763441624,276.8025260072312,62.40531967330069,3.1706121581761155,5.05
Dinorado,Silty Clay,Wet,Direct Seeded,89.93424294762022,26.908072494527026,164.10359316502283,80.16571261878366,5.408910457003922,5.08
NSIC Rc 160,Silty Clay,Dry,Direct Seeded,140.4937265918026,26.4809111279592,95.81265396962837,69.50866844875675,4.907729796237297,4.66
NSIC 218,Clay,Dry,Direct Seeded,150.33501584279267,31.733070795003766,83.53627592452283,66.88435374749604,4.391862674335995,4.86
NSIC Rc 160,Clay,Wet,Transplanted,148.25370446076352,31.90384177698219,210.1886037044518,71.39863161337,4.5913631116712565,4.22
IR64,Sandy Loam,Dry,Transplanted,116.87744512980765,28.50178125961012,145.33488559503215,77.7876926342313,5.47414442455177,4.85
NSIC Rc 222,Sandy Loam,Wet,Direct Seeded,101.98669818136688,23.271192918570485,343.7139670170225,80.15115650052003,4.27962222647466,5.62
NSIC Rc 160,Clay,Wet,Direct Seeded,175.388610954172,27.061700856552026,180.82850306883614,79.3551020806359,2.80570135242088,5.29
NSIC Rc 222,Clay,Dry,Transplanted,163.76689354997964,27.291631009556625,49.571694991844986,85.89796750475921,2.694598380104144,5.94
NSIC 218,Sandy Loam,Wet,Direct Seeded,98.18827601208687,27.1444642813531,214.42263120848915,66.56272293210345,4.499820332421621,5.84
NSIC Rc 222,Clay Loam,Wet,Direct Seeded,65.45287916633092,27.694918385200097,386.010625433952,79.10238489591407,4.472803431775445,5.41
NSIC Rc 160,Sandy Loam,Wet,Transplanted,60.77113181682038,22.187247137943906,355.9639501231145,63.03343128558282,4.744521378934266,4.07
IR64,Clay Loam,Dry,Direct Seeded,64.1413966848404,29.112272814705022,31.5811325300357,76.43804069697534,2.826336190697841,3.69
NSIC 218,Silty Clay,Dry,Direct Seeded,137.43040417880644,29.123943019529882,50.24795083995214,77.51875207469014,5.334706824265515,5.34
NSIC Rc 160,Silty Clay,Dry,Transplanted,57.749326374348456,23.15469775177888,96.04758517312231,66.48711896802521,4.153475241731934,4.26
NSIC 218,Sandy Loam,Wet,Transplanted,100.53903124460575,27.702394424458006,345.456928162228,71.7507938997371,4.448666563063647,5.24
Dinorado,Clay Loam,Wet,Transplanted,162.9799552871344,27.683611824357747,366.1393725755392,84.81578668751408,2.604557150134391,4.72
NSIC Rc 222,Sandy Loam,Dry,Transplanted,94.15222497730672,28.824504201904002,35.92568133416012,64.4522716125889,5.3829226435467215,5.36
Dinorado,Sandy Loam,Dry,Transplanted,164.4962115770195,22.85397692135081,137.23396605168398,73.0351859284752,4.187775546231846,5.01
NSIC Rc 160,Clay Loam,Dry,Direct Seeded,161.8200557310583,28.265033072660962,67.54341609315497,87.98199213634356,4.190089338983886,4.27
IR64,Sandy Loam,Wet,Direct Seeded,86.87406989498245,24.80751950746341,337.40142164558847,75.12326783098803,5.33066594869114,4.15
NSIC 218,Silty Clay,Dry,Direct Seeded,159.3233270139118,27.07002990496172,128.9948029608581,81.75401135499861,5.288050534551003,5.89
NSIC Rc 222,Clay,Wet,Direct Seeded,162.1664957408151,29.73323552704077,180.14655402955873,84.80598118666653,3.160895775451725,5.78
NSIC 218,Clay,Dry,Direct Seeded,109.61808885005402,29.056459363630132,44.89311623403434,66.11323124536477,5.293296465717788,5.41
NSIC Rc 160,Sandy Loam,Wet,Transplanted,81.56307256122773,23.189030176779934,279.14033162130784,66.54651706598797,4.709863868140184,4.26
NSIC 218,Clay Loam,Wet,Direct Seeded,128.19062103378036,27.91184787116073,261.0609802005805,82.75774368295151,2.556702181994252,5.32
NSIC Rc 222,Clay Loam,Dry,Direct Seeded,188.20963820002945,31.691165309407385,53.84356971158466,82.59920214529203,3.219529446215015,5.25
NSIC Rc 160,Silty Clay,Wet,Direct Seeded,145.9425098648093,23.567694373350022,227.787894567595,61.80549961918857,3.738940436414339,3.91
NSIC 218,Clay Loam,Dry,Direct Seeded,75.93837464408918,30.52907087725415,18.291275604149522,69.67494722084894,4.248467366517264,4.92
IR64,Clay Loam,Wet,Direct Seeded,152.41353871002798,29.025480805537768,358.5101024299014,71.95597475725314,4.603989191466066,4.4
NSIC Rc 160,Silty Clay,Wet,Transplanted,114.08045409227519,29.740033129097597,266.03480059355843,84.87121210413461,3.130631181870698,4.61
NSIC Rc 160,Sandy Loam,Dry,Direct Seeded,138.72931960330595,24.819583271426453,46.08747690598035,72.65586766289212,5.010101542821067,4.37
IR64,Clay,Wet,Direct Seeded,160.10960525346619,24.878889293798423,165.0744003393874,87.7778667120973,5.037145971667464,4.23
Dinorado,Silty Clay,Dry,Direct Seeded,127.24210272716672,31.06019455776488,78.64393465486219,89.8982333142192,4.404996457781732,4.46
NSIC Rc 222,Sandy Loam,Dry,Direct Seeded,172.09759618599628,25.598320320925588,142.45916848125393,83.42178497083049,5.263281731547095,6.23
Dinorado,Silty Clay,Dry,Direct Seeded,158.3233368974942,22.630153906928104,64.44641634480975,79.99160068701772,4.938947280691564,4.76
NSIC 218,Sandy Loam,Wet,Direct Seeded,142.2610010027766,28.0059670357945,218.74139593006706,71.75691497961368,3.1648709778806228,5.34
IR64,Silty Clay,Wet,Transplanted,72.61892237485273,23.248176690418425,207.15526450736127,62.011183381561004,4.896030598931081,3.97
Dinorado,Sandy Loam,Wet,Direct Seeded,175.39236663673523,29.96596241407908,371.86972120282087,77.19416269188392,5.3596062362593155,4.53
NSIC Rc 160,Silty Clay,Dry,Transplanted,190.3858377979724,28.417464425010575,99.56414312766842,70.85114716631972,2.9128193410552927,4.8
NSIC 218,Sandy Loam,Dry,Transplanted,70.54476857139423,30.747265052212082,69.87941644563031,70.52694227497031,5.436093654373087,4.76
NSIC 218,Silty Clay,Wet,Direct Seeded,123.23616941501459,29.848372497826354,311.85952515975,80.63127758128307,2.574978390310271,4.83
Dinorado,Clay,Wet,Direct Seeded,88.83331129557567,23.12113648338196,290.0940664705188,73.90918075789907,4.066501734321317,4.34
Dinorado,Clay,Dry,Direct Seeded,163.17849611383468,25.81070676434422,16.550859107511773,82.5628153431435,4.821679416935453,5.07
IR64,Clay Loam,Wet,Transplanted,158.244445400705,29.745602499145875,276.66231041967626,71.94519668056137,4.871314307638763,4.85
NSIC Rc 222,Sandy Loam,Dry,Direct Seeded,71.1327680855598,26.173414732663257,80.49456762553838,64.52590156459688,4.704017707438804,5.67
Dinorado,Silty Clay,Wet,Direct Seeded,181.55409068924558,31.723654847799782,312.5282568853664,73.8404257857074,4.088054118259485,4.7
Dinorado,Sandy Loam,Dry,Direct Seeded,77.14595959670035,29.357404498934493,19.22791053854892,88.5303754297609,4.452892966211186,4.06
NSIC Rc 160,Clay,Wet,Transplanted,169.58885384721611,22.15499916690321,338.7188866942812,84.04573887349675,4.599796556959341,4.32
NSIC 218,Sandy Loam,Wet,Transplanted,118.54705394420073,30.799856915608366,288.5961764578775,66.172477652201,3.983617672641687,5.01
NSIC Rc 222,Silty Clay,Dry,Direct Seeded,99.24084403372268,23.008047848685575,133.71798944365503,71.73901504934828,4.287054925403913,5.51
NSIC Rc 160,Sandy Loam,Dry,Transplanted,73.73588940113203,23.405237241800858,115.42517467312796,87.83376285661613,5.03910416037272,4.16
IR64,Silty Clay,Dry,Direct Seeded,75.14213842199442,29.34492400611051,63.011205975331265,63.710971761797,3.438637063437482,3.73
IR64,Clay,Wet,Transplanted,149.28358320513505,30.649685594304803,384.57135378815263,67.61850725594807,4.069618980905897,4.22
Dinorado,Clay,Dry,Direct Seeded,132.5645581920681,27.36349627899556,99.63061326678057,67.8666793761569,2.5254391630765234,4.96
Dinorado,Clay,Dry,Transplanted,68.31281324768491,24.89049732945779,25.683941743866495,77.1279862698595,4.56230919933038,4.66
IR64,Clay Loam,Wet,Direct Seeded,66.90467906574878,25.513155452531755,394.2085426625962,72.32199959133968,3.0861563938445253,3.52
Dinorado,Clay,Dry,Direct Seeded,60.84658621591872,25.42889329596056,108.35769817477112,62.396120219889,3.9430037611413065,4.42
NSIC Rc 222,Sandy Loam,Dry,Transplanted,161.56510210603162,25.26678103809512,125.18253725880572,78.87544363731257,3.1306156488413777,6.2
Dinorado,Clay Loam,Dry,Transplanted,156.78231278439338,24.4290967182165,125.04439079535283,62.972335935604505,2.5706011437354768,4.91
NSIC 218,Clay,Wet,Transplanted,58.76464862818627,28.088670946292332,398.83557915220575,78.19244795937234,3.94966165509405,4.6
Dinorado,Sandy Loam,Wet,Transplanted,134.04051133954596,31.004053185650672,317.3477775221612,75.21025140678077,3.774500819832121,4.37
NSIC Rc 160,Sandy Loam,Wet,Transplanted,62.70142328640348,25.07082413083341,383.1551166889696,74.81005982175938,3.775448540573142,3.79
NSIC Rc 222,Sandy Loam,Dry,Direct Seeded,185.56186559134125,23.86694297461412,49.79885667669181,62.0248873589769,3.126418479786611,5.78
NSIC Rc 160,Silty Clay,Wet,Direct Seeded,186.06761287701985,30.385776663714246,251.11992382698867,79.17661340650608,5.341613769244537,5.08
NSIC Rc 160,Clay Loam,Dry,Transplanted,154.73494847196952,29.41783330889703,46.924467338755726,72.93960775767992,2.5105214554320834,4.14
NSIC 218,Sandy Loam,Dry,Direct Seeded,188.9283382159175,31.308370315599106,82.99567630637499,72.3331836685706,5.174636349992015,5.25
NSIC Rc 222,Silty Clay,Dry,Direct Seeded,171.7179545620536,23.655197356049097,145.48810267017876,77.8935418925561,4.710705769418446,5.82
NSIC Rc 222,Clay,Wet,Transplanted,174.28078638905743,23.442513141165914,364.89809781184636,78.18744179839642,3.0162161005998147,5.53
NSIC Rc 222,Sandy Loam,Wet,Direct Seeded,135.45617758548997,27.414293943049966,377.29357468492026,60.45099887285966,3.9165759589106637,5.25
NSIC Rc 222,Silty Clay,Dry,Direct Seeded,95.90887973242639,28.144336548350953,138.87321686485194,63.756777036096196,5.466550244524818,5.7
NSIC Rc 222,Sandy Loam,Dry,Transplanted,82.66986726746325,26.801734418595895,60.34938744583745,67.09554662534163,4.431094710952921,5.28
NSIC 218,Clay Loam,Wet,Transplanted,99.08000330583937,27.989666363238754,376.0351180830689,80.33932000037937,2.8821301714560024,5.41
Dinorado,Clay Loam,Wet,Direct Seeded,144.27431451335931,23.803797688750713,357.71157072709536,77.30223381088823,3.8729267165692955,4.05
NSIC Rc 160,Clay,Wet,Transplanted,75.89848037485984,26.79613754164083,251.64979041031262,82.72887397154261,3.904609289718437,4.08
NSIC Rc 222,Sandy Loam,Dry,Direct Seeded,88.79603549559823,28.58092560939668,119.17613086562618,82.21823416631571,4.906789998649325,5.66
Dinorado,Silty Clay,Wet,Transplanted,120.20912941931967,26.327064492487036,189.7268704951836,85.59548607618453,5.248488798478466,4.96
Dinorado,Clay,Wet,Transplanted,84.95751477869234,28.79447335816598,233.48908908611145,71.30444583817241,2.7467246298662036,4.48
NSIC Rc 160,Sandy Loam,Wet,Transplanted,138.29655045740924,26.511912805538394,341.82214232452327,70.35191598549909,3.442111860858497,4.52
NSIC 218,Clay,Dry,Transplanted,188.47640426844947,25.335995808422773,138.98448697280404,84.9304620916039,3.395314380655345,5.85
IR64,Silty Clay,Wet,Direct Seeded,162.21340485546898,25.036050470870922,208.22137783249383,67.12804601601553,5.488144374757055,4.73
IR64,Clay,Dry,Transplanted,149.96399212233695,26.10902058988588,46.529705200464704,73.83517121020822,4.177681350074199,4.96
Dinorado,Clay,Dry,Transplanted,137.40822139756682,22.230896226822008,126.24139094441156,65.82976956066749,5.139494488359953,4.86
NSIC Rc 160,Clay,Dry,Direct Seeded,123.19218638855973,28.68525138446114,47.50538776728472,87.4152222641764,3.7780985483344716,4.48
IR64,Sandy Loam,Wet,Direct Seeded,77.98457894519896,30.451056409802618,269.5680162064931,72.23409039289876,4.6681694512268095,4.11
Dinorado,Silty Clay,Wet,Direct Seeded,184.20656831402982,25.546270944431186,291.349879496168,66.37460694692484,3.3597569269124383,5.37
NSIC 218,Clay Loam,Wet,Direct Seeded,87.28040030192545,22.460331361417186,300.9646406094688,80.76040171706737,5.235358070467701,5.32
IR64,Sandy Loam,Dry,Transplanted,63.69633163672411,31.867755973855576,58.05949762420949,67.33934034631436,3.8654387229596012,3.81
Dinorado,Clay Loam,Wet,Direct Seeded,162.50227688430428,24.63698255451067,383.93138709469963,88.3051080951067,4.911176491948262,4.89
Dinorado,Clay Loam,Dry,Transplanted,76.34233014967495,23.26621121690773,37.834896719105586,71.02851044428235,3.2674506500276945,4.19
NSIC Rc 222,Sandy Loam,Wet,Direct Seeded,105.78439993117641,25.69752507973028,315.37325510357937,79.93922136305511,4.580813025765638,5.46
NSIC 218,Sandy Loam,Wet,Transplanted,54.24273924364696,29.385570406335567,346.57470401932557,70.3573479347224,3.7154752132001074,4.6
NSIC Rc 222,Silty Clay,Wet,Direct Seeded,70.56019138106721,24.939165968905655,295.46958697290836,84.21736748980422,2.594318268923641,4.89
NSIC Rc 160,Silty Clay,Wet,Transplanted,75.98054461398681,27.747032039194877,358.39507971549085,86.90768223068328,3.7390247612771903,4.78
NSIC Rc 222,Clay,Dry,Transplanted,58.161519162526695,26.155599944371424,80.99117187017988,83.63755078244358,4.150064925266261,5.2
NSIC Rc 222,Clay Loam,Dry,Direct Seeded,148.49854349342678,23.177639922766186,128.06352519657378,85.4549705618256,2.955284841739526,5.22
IR64,Silty Clay,Dry,Transplanted,175.5511693704676,25.302870124921103,83.92729924097172,63.05642483812908,3.051739315577845,4.46
Dinorado,Clay,Dry,Transplanted,105.99731095489113,29.24870505714067,27.281601357033654,87.721940310992,3.8945883949694706,4.53
NSIC 218,Silty Clay,Wet,Transplanted,181.18647150773012,28.120038973314458,215.9159032674407,78.7290218662584,3.52818913730022,5.92
NSIC Rc 222,Sandy Loam,Dry,Transplanted,82.00198618401897,23.19778379883561,45.248630511803796,86.07652596498599,3.822221614010088,5.11
NSIC 218,Silty Clay,Dry,Direct Seeded,98.80856353418592,23.633224097143085,88.80066141938745,80.53310292556246,3.8824809679681684,5.07
NSIC Rc 222,Clay Loam,Dry,Transplanted,72.61054895467527,28.407333593074455,91.64624377987842,66.05543005631131,2.9202281311082667,5.67
NSIC Rc 160,Silty Clay,Wet,Transplanted,143.08387931284977,30.13415414320869,202.46941791719732,78.2866530493703,3.043583725810344,4.87
NSIC Rc 222,Clay Loam,Dry,Direct Seeded,112.98043863054602,25.49474495958169,90.76682649628178,62.72838719169423,5.0444961804384825,5.6
IR64,Sandy Loam,Dry,Direct Seeded,141.9925020262848,27.9531075184345,20.780488950870236,80.87169090654476,2.988156067931452,4.19
Dinorado,Clay Loam,Wet,Direct Seeded,164.25123580912754,23.706435887521053,381.58001218949244,72.27003423241717,4.497742999024783,4.32
NSIC Rc 160,Silty Clay,Wet,Transplanted,131.85545240494227,25.11376336905324,323.3702190893446,64.55199519300626,3.7555841403033763,4.29
NSIC Rc 222,Clay,Dry,Transplanted,144.14455323526818,22.202702056730526,115.5174249688656,89.37689447605243,5.404710057908923,5.51
NSIC 218,Sandy Loam,Dry,Direct Seeded,190.28754715914994,29.682759477995226,137.31994785846092,87.03253272632043,2.6983130856647124,5.28
NSIC Rc 160,Silty Clay,Wet,Transplanted,94.85964644132648,26.01009819772967,317.8813942645553,86.8063114020976,4.991166598092286,4.37
NSIC Rc 160,Sandy Loam,Dry,Direct Seeded,103.87459079509297,30.161255736539538,81.472652682186,83.66460919056759,3.9743476933078643,3.69
NSIC Rc 222,Sandy Loam,Wet,Transplanted,157.65550425640055,29.083729960227263,266.82380965711246,80.75943375430553,2.516057112592566,5.57
NSIC Rc 160,Silty Clay,Dry,Direct Seeded,141.695827558308,30.28744265728477,110.6361001480608,79.65238440876735,3.290980656818661,3.77
NSIC 218,Silty Clay,Dry,Transplanted,76.77993568095722,24.856586695828828,137.96216888511717,63.18281513111566,3.7230905576478084,5.57
NSIC Rc 160,Clay,Dry,Direct Seeded,106.42209650157352,23.85108730427845,99.96718569272223,87.01698705955363,3.4425842603467753,3.91
NSIC 218,Sandy Loam,Dry,Transplanted,120.17570196870724,31.719056826516706,104.40560142034715,86.43385188913831,3.5873483920418,5.35
NSIC Rc 222,Sandy Loam,Dry,Direct Seeded,112.9084756952584,29.173277870408697,110.99661787375364,82.4355787957456,5.25001572741154,5.51
Dinorado,Silty Clay,Wet,Transplanted,76.74122124830612,30.340422679266702,244.17431482337764,87.81944877225368,3.582802097176983,4.26
NSIC Rc 160,Clay Loam,Wet,Transplanted,188.66451376763933,22.131333737099336,288.9227986196597,76.59250354193976,3.7564881382081983,4.85
Dinorado,Silty Clay,Dry,Transplanted,164.34781425409636,25.544616202958867,46.47034320356912,73.42927004152666,4.783394660734338,5.06
NSIC 218,Sandy Loam,Dry,Direct Seeded,122.20337481617784,29.428166905773317,91.57490246035584,89.03842206498837,4.881500697245126,5.73
NSIC Rc 160,Silty Clay,Dry,Transplanted,152.0091542460255,22.779828329899832,127.90451603622388,73.92393563392969,2.752268955360084,4.21
IR64,Clay,Wet,Transplanted,184.59240082032827,27.673399295689357,180.1415873554168,79.23973323201473,4.612210103701013,4.9
Dinorado,Clay Loam,Wet,Transplanted,70.42612135423568,26.290727674550034,263.6781402707769,71.19186440575317,3.947715861030327,5.03
NSIC Rc 160,Silty Clay,Wet,Direct Seeded,87.55595760604666,22.176165071411074,263.84192611637025,79.08978678059184,2.901561679712966,4.1
Dinorado,Clay,Wet,Transplanted,131.40518708849675,24.359755771194514,284.5841282360663,81.60296986877063,3.294131691840653,4.74
NSIC Rc 160,Sandy Loam,Wet,Direct Seeded,169.8515557028538,24.847919890667143,308.6714035918006,78.73966575865651,2.635106491919556,5.08
NSIC Rc 222,Silty Clay,Wet,Transplanted,55.43823431622911,23.118599463463223,389.3295914963405,75.43688823648593,3.5807115664355056,4.97
Dinorado,Sandy Loam,Wet,Direct Seeded,197.60272252945407,28.315369097426604,313.0422817729392,69.00332392875698,3.2662193210020725,4.49
IR64,Clay,Wet,Direct Seeded,118.23599043235957,24.42397876251889,370.9312879883529,79.3153702840867,3.646310192140053,3.69
IR64,Sandy Loam,Dry,Transplanted,103.88467109325845,24.776194996193883,51.4627822365051,87.25286685784089,4.241021642592271,4.16
NSIC 218,Clay,Wet,Direct Seeded,93.90866567596578,30.982385982001475,289.0759653672909,60.20737773509002,4.69701865610986,5.42
NSIC Rc 160,Clay,Wet,Direct Seeded,76.15350614763074,26.671230926931393,306.7319706568725,64.01787082289071,4.3160559596785895,4.22
Dinorado,Clay,Wet,Transplanted,168.7360863395042,25.921281469692723,167.4592382773924,63.59319475499567,4.535131906779837,5.67
NSIC 218,Silty Clay,Wet,Direct Seeded,193.3121247119145,29.238710383147172,183.31593072110388,87.69615908678563,5.09691736185638,5.93
Dinorado,Sandy Loam,Dry,Direct Seeded,112.04671322680973,31.09613796882912,135.60386994356043,79.88243066887844,5.121473330384532,4.88
NSIC Rc 160,Sandy Loam,Wet,Direct Seeded,192.86310421301843,22.25036336237444,294.9176087993849,88.55364319410452,5.082158045077522,4.62
IR64,Clay Loam,Dry,Direct Seeded,173.56964231525512,26.482388465553964,96.85347296718848,77.48439819637285,2.9595067464385796,4.49
NSIC Rc 222,Clay Loam,Dry,Transplanted,122.15766912144774,28.107813560779473,69.24447920062786,73.85198691477761,3.253207400780936,5.81
IR64,Clay Loam,Dry,Direct Seeded,151.10392686891993,25.185630981259898,97.24561459604101,83.77028735443088,4.006975914782716,4.21
NSIC 218,Clay Loam,Wet,Direct Seeded,115.24762687556944,29.724077221232417,248.9282174895073,64.82826802425674,3.576217882048081,5.04
NSIC Rc 222,Sandy Loam,Wet,Transplanted,133.80851123188285,31.714770702702737,349.7026299663754,71.44014348951964,2.8950069048398896,5.33
NSIC 218,Clay,Wet,Transplanted,58.706950552775574,31.434273662502832,285.794468718544,73.98822721602671,3.3632507038169543,5.35
NSIC Rc 160,Clay,Dry,Direct Seeded,154.43952129507997,24.65982539379942,66.2603867964707,68.95375183536355,5.426286284996918,4.16
NSIC Rc 222,Silty Clay,Dry,Transplanted,57.92369667262051,24.263382784374862,127.32498425874445,71.13856837225435,3.5407802664896084,4.86
NSIC 218,Clay,Dry,Transplanted,172.56274203794743,31.57490531021221,77.5246012094636,62.34315560773255,3.7567422048878845,5.25
NSIC Rc 160,Sandy Loam,Dry,Transplanted,173.74203941908362,26.586284874314657,136.16987036560715,65.93950768348674,2.519204265571891,4.93
IR64,Sandy Loam,Wet,Transplanted,85.56159313343218,24.082977230846918,370.5727597378345,70.06490160992786,4.658244639370596,4.12
NSIC Rc 160,Sandy Loam,Wet,Transplanted,98.54941715537004,29.069969636304183,393.0829196155728,83.87671299699403,3.7406501966361394,3.86
Dinorado,Silty Clay,Wet,Transplanted,122.19655678374399,24.844203239037917,186.90879628037123,65.47492064528592,2.8094201886854835,4.81
NSIC Rc 160,Clay Loam,Dry,Transplanted,139.49943603987222,24.672469750710523,81.37313131869571,70.39921121952673,5.405670214914016,4.31
NSIC Rc 160,Clay,Dry,Transplanted,93.1030492612995,30.792490430777846,102.45157454923421,61.947608645908055,4.832299637755261,4.52
Dinorado,Sandy Loam,Wet,Transplanted,138.87296069478876,23.624791533769034,248.70693791390664,76.71313034479817,4.678450268298181,4.87
NSIC 218,Sandy Loam,Wet,Direct Seeded,94.66806098439483,22.643929464662364,316.2452563095077,78.33752664422784,5.373617004525008,5.03
NSIC 218,Clay Loam,Dry,Direct Seeded,58.323608160659106,24.691864401716874,149.68421894095908,85.96549390386501,3.7224402535514134,5.1
NSIC Rc 160,Sandy Loam,Wet,Direct Seeded,50.379132474786346,28.069454128382038,226.3721888500874,84.57347995505893,4.655600620877346,4.35
Dinorado,Clay,Wet,Direct Seeded,65.17265868776428,23.230878534032705,216.7580844303738,68.56133864051641,3.118623692156353,4.11
Dinorado,Silty Clay,Dry,Direct Seeded,168.83760502460274,26.71594672276794,30.57521774119576,64.10861067569579,4.59136164235636,5.15
IR64,Sandy Loam,Dry,Transplanted,194.21469685750057,28.273371104253197,113.14208082267679,64.6824954663121,2.5422372765628083,4.74
NSIC 218,Clay,Dry,Transplanted,114.04492989218289,30.487369925931738,29.4421119082307,89.06891829121334,2.8789161413218425,4.49
NSIC Rc 222,Sandy Loam,Wet,Direct Seeded,126.90259301749141,24.298695912022545,353.4346401572092,80.19677442022072,3.7757767558085455,5.24
NSIC 218,Clay Loam,Dry,Direct Seeded,72.02722536101392,30.173463233827896,127.44129120701547,61.27712363409718,2.5362780844180244,4.49
NSIC 218,Sandy Loam,Wet,Transplanted,132.65470290202356,24.349062611312384,395.0946172646857,64.10337765135284,3.885897566351258,4.85
IR64,Sandy Loam,Wet,Direct Seeded,71.69823530104652,28.767665412396404,343.4508328118703,74.57400195302867,4.068375247195012,4.04
NSIC Rc 222,Silty Clay,Dry,Transplanted,141.6821496798245,26.30673571482455,93.50347336268163,66.23486412879359,4.364819792761246,5.83
IR64,Clay Loam,Wet,Direct Seeded,189.98880013712807,23.146812423786702,280.9191557010284,84.10976955000056,2.8011600309808493,4.18
NSIC Rc 222,Clay Loam,Dry,Transplanted,79.35478089545595,29.142634628218488,141.3423384849043,77.19651352708095,3.043035739381637,5.31
NSIC Rc 160,Silty Clay,Dry,Direct Seeded,164.6845577085653,24.177626185490176,131.23392427228157,78.37896623367895,4.339850112151585,4.63
NSIC Rc 222,Sandy Loam,Wet,Transplanted,53.525363422748605,23.766234260245916,260.62780798632866,73.88476644147636,4.474563137387918,5.61
IR64,Clay,Wet,Direct Seeded,106.32458619824314,25.583229285893832,284.91193013259124,67.68188326278947,2.5777006846308286,4.53
NSIC 218,Clay Loam,Dry,Direct Seeded,66.61227617457635,28.532902447594836,20.48208524563528,77.68210839607639,4.121102086345115,4.84
NSIC Rc 222,Clay Loam,Dry,Transplanted,102.87131623935491,24.33996478790628,29.222355835040528,81.50910138482195,4.854945195996498,5.22
NSIC Rc 222,Sandy Loam,Dry,Transplanted,76.03053794583252,23.836615387818856,94.16393000495553,71.12844232890501,2.707302633356182,5.06
Dinorado,Sandy Loam,Dry,Direct Seeded,105.99574851843312,22.099536257133643,82.56404959189048,75.14830891853507,3.7395185957395594,4.42
NSIC 218,Clay Loam,Dry,Direct Seeded,112.62842091612956,26.716430971017235,33.59911828588224,85.19051911416099,3.479533819090306,4.92
NSIC Rc 160,Sandy Loam,Dry,Transplanted,95.08866841713775,26.28645569315183,28.110291958030974,64.4604528546738,5.24099687605605,4.14
IR64,Clay,Wet,Transplanted,148.49329242096937,24.338677436373764,265.70992554693396,76.35673257822302,3.057407179619366,4.19
NSIC Rc 160,Clay Loam,Wet,Transplanted,187.82780768883646,22.536521640096908,275.72201419641704,70.45237985487684,3.4550812394334405,4.43
NSIC 218,Clay,Wet,Direct Seeded,110.08930611579086,26.29255874595837,200.8632626323069,81.08384274651692,5.19533423497391,5.35
NSIC Rc 222,Clay,Wet,Direct Seeded,78.85147347125321,29.88205111071631,375.9354873273319,60.56430729487184,3.4919599181799184,5.07
NSIC Rc 222,Sandy Loam,Dry,Transplanted,90.60841372939751,29.15282131327177,88.95870968182584,80.11419899409566,4.094042321756783,5.51
NSIC 218,Clay,Wet,Direct Seeded,178.10012352445534,30.607948898601702,338.633750380817,63.08693202048562,2.599106011692638,5.21
NSIC Rc 222,Sandy Loam,Wet,Direct Seeded,135.74595849052218,22.095826877131557,320.244355673305,61.94303258980974,5.4547073085251085,5.37
NSIC Rc 222,Silty Clay,Dry,Transplanted,118.25165484604359,31.664193168045983,16.849016716499925,81.73869902875839,4.974840123613569,5.6
NSIC Rc 222,Sandy Loam,Wet,Direct Seeded,72.445508226339,25.414122526274483,387.4812427436183,79.2102645871222,4.4032028342400285,5.07
IR64,Clay,Dry,Transplanted,117.45909624856729,31.903977960919647,132.32294241348148,86.84807792677977,2.682265819269941,3.73
IR64,Silty Clay,Dry,Transplanted,91.773800503608,24.526194606017746,122.99160877236687,75.58964867401936,2.724609884118342,3.96
Dinorado,Sandy Loam,Dry,Direct Seeded,191.47446917800238,26.715363875782447,119.9517960395525,75.90073276581501,4.134920892372069,4.66
NSIC Rc 160,Clay,Dry,Direct Seeded,182.6105164123597,25.539276765753037,12.23960058570375,81.21053506729652,3.3551933086103025,4.76
NSIC 218,Clay Loam,Dry,Transplanted,62.585381274229704,25.557607149943024,16.669732077783312,69.70192729059754,4.36836834250952,5.14
NSIC 218,Clay Loam,Wet,Transplanted,127.49802338918643,30.422820987482158,221.0985829782095,61.10737366265798,4.294577445543317,5.34
NSIC 218,Sandy Loam,Wet,Transplanted,83.75875182720081,29.46418939737339,170.28985272340356,66.90137477157174,5.015954194837893,5.38
Dinorado,Sandy Loam,Wet,Direct Seeded,111.61656342864359,31.92151435230048,356.5346650888329,67.140402356891,3.344131182137927,3.48
IR64,Clay Loam,Dry,Transplanted,181.52719973771846,28.135146827175127,86.97747696110201,70.06976550834581,4.233590573472977,5.11
Dinorado,Clay,Wet,Transplanted,129.12717798328174,26.632566043945026,399.60424091231374,88.30388199121388,4.832089956516283,5.21
NSIC 218,Clay,Wet,Transplanted,100.13229400561397,22.90073862946891,294.6081095050498,84.14528395989444,3.9723189589669787,5.17
NSIC Rc 160,Clay,Wet,Transplanted,81.18325311574955,31.965614195138567,164.70234697817045,88.07868735615577,4.991930994816833,4.44
NSIC Rc 222,Sandy Loam,Wet,Direct Seeded,170.04872891097338,27.515306529322828,345.1170100387353,89.95828770339001,2.893828604721319,5.22
IR64,Silty Clay,Dry,Direct Seeded,143.6777023046521,29.004774696901418,149.2195964451849,73.01337012261133,4.70169329544143,4.2
IR64,Silty Clay,Wet,Transplanted,120.20981906393467,26.067423871913114,168.4372622114604,66.81219950040914,5.328946274562935,4.4
Dinorado,Silty Clay,Dry,Direct Seeded,82.6226530794467,27.47715708179236,57.924268135989244,76.80012483765748,3.495649962980698,4.37
IR64,Silty Clay,Dry,Direct Seeded,100.13695612356969,31.425777318928873,58.212474296748155,86.43403241844356,3.599009327235895,4.04
NSIC 218,Silty Clay,Wet,Direct Seeded,193.97651401077778,23.664194379316026,285.0034965648203,73.97195583043734,2.7506490315725642,5.15
NSIC 218,Sandy Loam,Dry,Transplanted,128.01349064087515,24.923725843302545,28.798915360677668,75.1619790771676,4.4244783387241355,5.41
Dinorado,Sandy Loam,Dry,Direct Seeded,110.10489218648794,23.520597277780322,104.4070125235302,64.0331731778348,4.1573521769046105,4.69
NSIC 218,Silty Clay,Dry,Direct Seeded,128.2133063522486,29.922159038047745,100.5347364591608,72.61366477703282,2.6210372761971032,4.55
NSIC Rc 160,Sandy Loam,Dry,Transplanted,166.8482758849413,22.620452604218297,24.185138293082268,71.60984429425734,4.756636080913935,4.9
Dinorado,Sandy Loam,Dry,Transplanted,101.01634047543033,22.816316498513384,75.43772018956916,70.55065508596348,4.987853487235075,4.9
NSIC Rc 160,Silty Clay,Dry,Direct Seeded,76.80591813989133,24.984941127873686,103.3904872350764,86.61896009772599,5.221358812422262,4.44
NSIC Rc 222,Clay,Dry,Direct Seeded,137.74041775085718,27.141881809210112,79.09225908506978,61.77904299636999,4.137202258511927,5.92
NSIC Rc 160,Sandy Loam,Wet,Transplanted,149.78061552216008,26.062748005595864,219.38311855263177,89.1644154869204,3.857740104705272,5.06
NSIC Rc 222,Clay,Wet,Transplanted,156.90770044378243,22.448163106708073,378.75669514809886,60.24740475819408,5.128411463596232,5.72
NSIC Rc 222,Sandy Loam,Dry,Transplanted,182.29813861491945,31.574915578709515,104.41090146106578,88.36782041849428,3.6960904572044173,6.04
NSIC Rc 160,Sandy Loam,Dry,Transplanted,105.67611810336695,31.52869520358084,124.27785564040857,76.44142508515631,4.466329375703685,4.21
Dinorado,Silty Clay,Wet,Direct Seeded,61.303234434333774,24.7935632324076,262.8328033148713,81.07335733200347,4.346086769202779,4.58
NSIC 218,Sandy Loam,Wet,Transplanted,193.75228754464132,29.315256152685816,374.61583711963834,65.6139854908537,3.6164832994555356,5.78
NSIC 218,Clay Loam,Wet,Direct Seeded,115.25178911562128,27.785754113832237,224.7702713136419,79.62634617049821,2.7606698126981444,4.58
NSIC Rc 222,Clay Loam,Wet,Direct Seeded,143.48862645096972,24.37476695005624,246.8406459553378,86.45873005583198,2.564246616012057,5.56
NSIC Rc 222,Silty Clay,Dry,Direct Seeded,149.94579846924384,24.621715517416156,106.01416063704747,64.18440419500955,3.784713221606162,5.76
Dinorado,Clay,Dry,Transplanted,131.97705630518053,26.911531743104504,96.25599301627334,63.8124483681987,3.9436047244700703,4.54
IR64,Clay,Wet,Transplanted,80.78862946044052,26.1923694149736,386.7797970617701,69.11933727448418,4.968034804569676,4.36
NSIC Rc 160,Clay,Wet,Direct Seeded,163.27145751742123,24.912293282312643,200.32861273290882,64.85177677426195,3.7432349497344135,4.42
NSIC Rc 222,Clay Loam,Wet,Direct Seeded,170.56279614561225,30.075115963051488,294.6252879127863,63.319375442800414,3.3434796242004077,5.65
NSIC 218,Clay,Wet,Direct Seeded,132.94633790261597,26.81462917637385,247.12758214002784,80.34957107955876,3.88628940422546,5.45
Dinorado,Clay,Dry,Direct Seeded,123.28417408772623,28.54848062389128,129.50263597222903,66.41479841737473,3.2139714412720632,4.34
NSIC Rc 160,Silty Clay,Wet,Direct Seeded,67.0907274691978,23.892735001678755,343.54172126718186,80.01044698205959,2.7740818333448694,4.0
Dinorado,Clay,Wet,Transplanted,62.59274922496758,27.335076625164866,182.32409279283934,85.85787681347449,2.8391291010583215,4.56
NSIC Rc 160,Clay Loam,Wet,Transplanted,100.9347268345293,25.179760494466215,259.30374225116714,79.56074374239002,3.4574633796907825,4.52
NSIC Rc 160,Clay Loam,Dry,Transplanted,96.62692332760898,27.264136103948783,136.08239950177034,63.58101209746203,2.538029252675472,4.74
NSIC Rc 222,Clay Loam,Dry,Direct Seeded,193.04846764449067,29.808258334109283,64.4441012046126,77.20732722142336,3.1606098600437145,5.33
Dinorado,Silty Clay,Dry,Direct Seeded,167.54341136651448,29.689132100912616,34.254984281344036,71.80886052634652,4.862569422797062,4.74
Dinorado,Silty Clay,Wet,Transplanted,148.988644288859,25.54220678034276,324.7331567113158,70.30112810167485,3.2038515772909326,4.67
NSIC 218,Sandy Loam,Wet,Transplanted,127.64721335264076,28.94277117079639,251.75405875153996,69.55594405889497,2.832188533118548,5.26
NSIC 218,Clay,Wet,Direct Seeded,75.1051296089977,31.412899503942768,164.63293481884418,87.88296671458937,5.347241679983617,5.68
NSIC Rc 222,Silty Clay,Dry,Transplanted,196.76850082764258,28.256693299249065,124.50045656112708,82.27522370033184,4.367410349054858,6.3
NSIC Rc 222,Clay Loam,Dry,Transplanted,106.2561047360315,23.484101233826372,39.92543502192764,64.01546368740885,2.680077848306998,5.3
IR64,Clay Loam,Wet,Transplanted,66.03884036708672,28.79708629279095,326.27806533383597,74.28016439197391,2.6867318994847085,4.09
NSIC 218,Silty Clay,Wet,Direct Seeded,124.06983435736191,23.049043863493115,275.79958192124576,69.5466922576176,4.336366377097509,5.27
NSIC Rc 160,Silty Clay,Dry,Direct Seeded,181.0997017419625,30.72110408793027,140.053093764872,89.33814937637874,4.120386406194735,4.06
Dinorado,Silty Clay,Wet,Transplanted,183.0936502665994,27.166604958019402,152.82717167002514,89.3408691885951,2.7051243171789547,5.7
NSIC Rc 222,Sandy Loam,Wet,Direct Seeded,51.644887408467085,25.851407363115797,303.16397380709327,69.58603422999104,3.1729464249200063,4.76
Dinorado,Clay Loam,Wet,Transplanted,182.94436171270996,22.570065946496925,379.97025563219665,70.56339348436364,5.287128743456765,5.35
Dinorado,Sandy Loam,Dry,Transplanted,90.72263262497879,25.807837345921097,13.202912331066482,77.98242621409636,4.216032431443052,4.73
IR64,Sandy Loam,Wet,Direct Seeded,55.84585459526346,31.032066679157893,177.75648705292224,74.37921042982501,3.8209761944434906,3.91
NSIC 218,Clay,Wet,Direct Seeded,177.16854055443116,22.209829962863033,297.6678087522922,66.39302616475324,3.250466235761098,5.02
NSIC Rc 222,Clay Loam,Wet,Direct Seeded,179.58001339823124,26.74648157781805,332.1672204406576,79.81236500965835,2.9010941269056127,6.33
Dinorado,Clay Loam,Wet,Transplanted,139.43466197635252,31.311580911106223,167.69341753507635,70.02385931625716,3.7078950523320433,4.95
NSIC Rc 222,Silty Clay,Dry,Transplanted,136.16506359445376,25.94840999765021,138.9779655667025,79.61149494996502,5.267099677993901,6.12
NSIC Rc 160,Silty Clay,Dry,Transplanted,171.9680408932129,26.281756874621504,92.48561896568879,71.51044566983398,2.646134187032625,4.47
IR64,Clay,Dry,Direct Seeded,167.946432906542,27.785600551991198,118.4638963118034,81.00629681568815,5.4729364478286,4.58
NSIC Rc 160,Sandy Loam,Wet,Transplanted,183.51582101640562,26.629373335771835,155.65386454104657,80.03398412668952,3.1234381606060233,4.86
NSIC Rc 222,Silty Clay,Dry,Transplanted,132.91211713950554,23.686016912375525,65.78896218901663,75.26438267763002,3.7263020811970278,5.31
NSIC Rc 222,Silty Clay,Wet,Transplanted,195.14706390992131,22.185555390698603,266.0489666612368,81.14219972132493,2.6351539244971525,5.82
NSIC 218,Clay Loam,Dry,Transplanted,199.42202464000076,28.098116579787018,148.84028086724322,73.82897028696046,4.254346609324093,5.79
Dinorado,Clay Loam,Wet,Direct Seeded,67.48169149979489,31.208065870078123,347.796671808591,63.48414898950369,3.9506657962029745,4.37
Dinorado,Silty Clay,Dry,Direct Seeded,177.4315639331183,23.063641330271658,41.85719985928066,65.46318760012063,4.500121104204339,4.89
NSIC Rc 160,Clay Loam,Dry,Direct Seeded,124.97333866228836,24.109527192527533,47.008112769344464,67.37979402496839,4.128034381874418,4.16
IR64,Clay,Dry,Transplanted,108.13495074497482,25.702294858249736,17.200542165246212,61.896867846770895,3.694533353941207,4.33
Dinorado,Silty Clay,Wet,Transplanted,141.96084648240725,30.087422290211197,190.17985252483209,81.3414366189201,4.713270093435012,5.25
NSIC 218,Clay Loam,Wet,Transplanted,58.39483358930106,24.692603164709777,359.1593180537307,71.02170680494855,2.5750633833608734,4.44
NSIC Rc 160,Clay,Wet,Direct Seeded,125.96916781506198,30.820544042787684,314.14431385589904,62.80569888980992,4.123087062623785,4.59
NSIC Rc 160,Clay Loam,Dry,Direct Seeded,180.633585504,22.549578746500664,141.66627082860134,84.59874362176741,2.841628611487028,4.22
NSIC 218,Clay Loam,Wet,Direct Seeded,82.01922742084531,31.409566212589347,233.0433219471214,80.50962853390725,3.8080249992575,5.14
IR64,Clay Loam,Wet,Direct Seeded,113.95848421541376,27.60747077873765,278.95644962311235,73.56672711383102,4.873375950574049,4.66
NSIC 218,Silty Clay,Wet,Direct Seeded,190.92213315723131,28.587776784877043,391.39374493168464,67.42276005278202,2.9273822387812007,4.56
IR64,Sandy Loam,Wet,Transplanted,114.2845756708546,25.67689522536353,204.1092426580847,64.5523768137854,5.307431046317456,4.62
NSIC 218,Clay Loam,Wet,Direct Seeded,103.75514484985975,29.819942855110604,274.88384943601005,73.75122575265186,5.165514077174214,5.52
NSIC 218,Clay,Wet,Direct Seeded,116.08049721850674,23.66566250084406,306.1216390269052,86.55737229031686,3.7447152126000955,5.03
NSIC Rc 222,Silty Clay,Dry,Direct Seeded,127.91791497763344,22.48911825278487,73.84410250381465,65.6518596981591,2.5179245221778097,5.23
NSIC Rc 160,Silty Clay,Dry,Transplanted,144.79870161972033,25.95516943107557,104.47933806070888,77.05977686974464,4.869234480023458,4.84
NSIC 218,Clay,Wet,Direct Seeded,170.10392013750965,30.536957139810397,184.50365136891656,88.85057985666768,5.1426874102368485,5.92
NSIC 218,Clay Loam,Dry,Direct Seeded,117.81533086464714,29.549268366376946,106.24170184479769,79.1134972429384,3.0242142770662976,5.06
Dinorado,Sandy Loam,Dry,Direct Seeded,172.62214026352103,27.17155970488958,132.43029291957487,73.19894190467605,5.248576626449671,5.54
NSIC Rc 160,Clay Loam,Wet,Transplanted,130.0580992028121,27.721377471653533,160.8805221558274,81.49118918816725,5.2422918318840885,4.72
Dinorado,Clay,Wet,Transplanted,100.77207655519665,23.298928262987555,153.36498823286783,84.7373375705612,3.9138725531025713,4.63
NSIC Rc 160,Silty Clay,Dry,Direct Seeded,148.6926242179121,30.406815086175822,103.0895350904973,77.71548893660527,4.894104432393526,4.3
Dinorado,Sandy Loam,Wet,Direct Seeded,157.6583382115237,29.86959682964197,231.17321415000407,86.15497076978977,3.8348439348159653,4.87
NSIC 218,Silty Clay,Dry,Direct Seeded,133.70734634442312,28.564703938869428,88.6829655225862,75.43775278127212,4.192138797755853,5.23
NSIC 218,Clay,Dry,Direct Seeded,58.492245970208515,26.661910363289383,109.4445933867461,84.90087006618771,3.45951702942929,4.94
NSIC Rc 222,Clay Loam,Dry,Transplanted,75.48243127412374,31.644592682795125,115.1359118604377,88.56057721217086,2.9784080359624734,5.02
Dinorado,Sandy Loam,Wet,Direct Seeded,92.79465813353423,30.79031971876471,168.48682362121633,75.03730401070551,4.739609751442096,4.45
IR64,Silty Clay,Dry,Transplanted,92.39384089272397,28.444304935146185,36.02991247478748,78.15005146755976,2.504178533557407,3.97
NSIC Rc 222,Silty Clay,Wet,Direct Seeded,151.0131200370306,25.71800997717288,350.94248813527867,78.28402628849506,4.238658068946345,5.12
Dinorado,Silty Clay,Wet,Transplanted,52.75229925104489,28.180222786815122,399.3298817904365,83.44304590794872,5.094058079135391,3.98
Dinorado,Clay Loam,Wet,Transplanted,163.35226655742798,27.754409265306656,165.325955433616,84.68897520532269,3.163831860329352,5.12
NSIC Rc 222,Sandy Loam,Wet,Direct Seeded,89.80137122103997,25.942419878349163,258.1815689833599,60.81687948618182,3.498698370394007,4.74
NSIC 218,Clay Loam,Wet,Transplanted,96.50327693241536,25.06673971688076,156.4330307456437,82.00078692271163,4.262457558593388,5.43
Dinorado,Clay Loam,Dry,Direct Seeded,129.18647419158864,26.070107922373225,25.35338545674542,83.51445733890714,3.2406107395934205,4.38
NSIC 218,Clay Loam,Wet,Transplanted,82.38884014084363,27.73911406033398,183.49772268931582,81.0128831837471,5.042460571992349,5.82
NSIC Rc 222,Clay,Wet,Transplanted,182.67069703632913,26.281348447110943,230.73064022766852,81.41086977969289,3.599809501337665,5.96
NSIC 218,Clay,Wet,Direct Seeded,62.80531689898479,24.63574488201384,248.42455326441245,61.24208577552808,4.244841159459659,5.45
NSIC Rc 160,Clay,Wet,Direct Seeded,116.65735434515973,29.60963317760809,384.94573660716003,73.26115985846718,3.178363442797626,4.14
IR64,Sandy Loam,Wet,Transplanted,177.41334041823347,27.31467495957413,248.95920218922396,84.54538949165222,2.6241590109729573,4.26
Dinorado,Clay Loam,Dry,Transplanted,142.37658416318538,22.676751632256,20.478839067978836,88.02021423885311,3.021100798040982,4.35
IR64,Clay Loam,Wet,Direct Seeded,93.84942737639503,25.683165056261256,274.06941476435054,66.88403761715804,2.6385968128264095,4.39
NSIC 218,Clay,Wet,Direct Seeded,113.11403116646912,30.849134572119937,211.3958420684666,77.37584821058385,3.9058116988396576,5.0
Dinorado,Clay Loam,Dry,Direct Seeded,156.0041570513772,29.55236531199952,62.36748923315513,84.12990718651751,4.259912172754149,4.67
NSIC 218,Clay Loam,Wet,Transplanted,195.9891115045849,25.23246783944007,150.03128468914386,82.57222928577556,2.6340256230563583,6.0
NSIC Rc 160,Silty Clay,Dry,Direct Seeded,183.97080775691504,31.38183152044509,79.72003357728433,78.56670350940237,2.7714466646137987,4.02
NSIC Rc 222,Clay Loam,Dry,Direct Seeded,101.36492125735651,22.7660290835821,96.19098576058052,60.56073564786001,3.956575080431053,5.53
Dinorado,Silty Clay,Dry,Transplanted,199.72968189317862,31.61234703892189,144.1248327565454,81.71657520334698,4.897539796602929,4.92
NSIC Rc 160,Clay Loam,Dry,Direct Seeded,50.52569952965874,24.457050924846754,56.31029482898087,83.19727509836444,4.384027536747158,3.23
NSIC Rc 160,Sandy Loam,Wet,Direct Seeded,54.14446337126226,22.090941803024194,374.83361418328377,81.68548519876904,2.8141306603116085,3.74
Dinorado,Clay,Wet,Direct Seeded,173.57607727567907,26.338080365183266,170.4286892590762,82.9742748446987,5.162626821524484,5.34
NSIC 218,Silty Clay,Dry,Direct Seeded,79.9194030249578,25.589704296870085,116.52236729081842,72.92744678036581,5.25235070436924,5.43
NSIC Rc 160,Clay,Dry,Transplanted,59.115390259436126,27.390890052067938,84.3900667432839,89.81256437776173,3.474870483548383,3.98
IR64,Silty Clay,Wet,Direct Seeded,85.57221098547532,29.967728605698454,391.0622102590573,83.12360747617977,4.348053375644087,3.6
NSIC Rc 160,Silty Clay,Dry,Direct Seeded,113.91502309712902,30.424308021504473,40.812590492168354,77.36040015839957,3.9769814505541357,4.33
NSIC 218,Silty Clay,Dry,Direct Seeded,159.58494056501073,26.01229999611692,96.14276007802627,88.02573809239871,5.326071305889466,5.7
NSIC 218,Sandy Loam,Dry,Direct Seeded,143.65032898268083,26.2984574370635,145.4046649605585,87.24595018374055,4.026245598846208,5.44
IR64,Clay Loam,Wet,Direct Seeded,85.64318263406307,23.481777303294738,182.71102602506505,84.43701196002795,5.379897441136192,4.38
NSIC Rc 160,Silty Clay,Dry,Direct Seeded,125.49056721508767,22.475476088811636,27.403161895178137,76.91084756951298,3.0980276515906184,4.22
NSIC 218,Sandy Loam,Wet,Transplanted,188.9321158097853,28.412149902350247,301.2196201876101,75.81303057440141,3.5366102730870397,5.81
Dinorado,Silty Clay,Wet,Transplanted,172.25116654756366,22.64437625552692,399.85264696415925,69.86123795923562,4.844035720288412,4.64
NSIC Rc 222,Clay Loam,Wet,Transplanted,98.47846772476902,29.33830119421456,184.61614901741896,67.52633937311845,4.850832206780103,5.54
NSIC Rc 222,Silty Clay,Dry,Direct Seeded,197.33968420335444,27.390901450222476,81.01916703689206,75.3707855092526,4.696549821870115,6.16
NSIC Rc 222,Sandy Loam,Dry,Direct Seeded,156.29306006526963,23.985829782260833,17.22516958107395,77.33345285135921,5.078834393995912,5.31
NSIC Rc 160,Clay Loam,Wet,Direct Seeded,59.36740335001727,27.395229435126495,255.98577123495608,67.33579294376537,4.607638518831436,4.07
IR64,Sandy Loam,Wet,Transplanted,55.2741069932958,23.82997716602099,345.10591724286917,87.67803730960436,4.408255433416702,4.31
NSIC 218,Clay Loam,Wet,Direct Seeded,75.26119235150449,26.38737207510412,158.04753746249207,76.71821990202956,3.876775039232536,5.46
Dinorado,Clay Loam,Dry,Transplanted,159.17838020752203,29.995603162422288,54.97028184549072,75.79515976146439,3.901263229987981,4.89
Dinorado,Clay,Dry,Direct Seeded,77.56083887636419,26.619192934106373,96.88437486315877,73.06915165098421,3.7184844796127248,4.18
NSIC Rc 160,Clay,Wet,Direct Seeded,126.72301538132503,23.486993182975482,322.44568778501116,61.742138871505816,4.360635399111461,4.65
NSIC Rc 222,Clay,Wet,Transplanted,63.98901802712476,29.23828681822945,170.09333447269987,86.47204003379548,3.7199917876989805,5.79
NSIC Rc 160,Clay Loam,Dry,Transplanted,188.13292367452928,23.867684162700087,127.74797104430564,69.5098267932909,2.942482942259791,4.53
IR64,Silty Clay,Wet,Transplanted,101.59409203753513,29.385498743701095,209.1300355683066,79.27381003404884,2.81958884862594,4.17
IR64,Sandy Loam,Dry,Transplanted,186.2198084840946,26.793522892158332,112.24597904164995,78.22300676910106,5.273416825731333,5.02
NSIC 218,Sandy Loam,Dry,Transplanted,191.73134628658164,26.537417590943015,74.79994895016634,77.5346047615358,2.574216722613649,5.41
NSIC 218,Sandy Loam,Wet,Transplanted,50.919297097052116,30.514350378574747,190.01904062334012,75.77136606034752,2.816401785416957,5.52
IR64,Clay,Wet,Direct Seeded,119.62027807980981,29.086035243406688,376.83410791173407,65.44319500293985,3.83591462393676,3.9
IR64,Clay Loam,Dry,Transplanted,53.69840835603393,22.329107969549394,137.29118599458053,68.41817223143897,3.2887788007131395,3.63
IR64,Clay,Dry,Direct Seeded,186.30391494543588,24.961743146016023,52.38005310332789,75.72564213810901,3.717546701206438,4.72
NSIC Rc 160,Silty Clay,Dry,Direct Seeded,127.76113171018638,30.709206608498988,115.55767743152329,83.68027354790777,2.85234214478165,3.91
IR64,Clay Loam,Dry,Direct Seeded,61.24160190477453,22.183261685451985,76.36126304467274,72.95966911951255,2.892720810542122,3.73
Dinorado,Sandy Loam,Dry,Direct Seeded,66.54150924148503,27.452534462619703,135.80900565418858,66.11767659138393,4.9019737261753455,4.85
NSIC Rc 222,Clay,Wet,Direct Seeded,107.52635367391085,29.27825669173944,195.1141791954202,62.63833274416278,4.777326232300911,5.7
IR64,Clay,Dry,Transplanted,191.0351289309334,28.21856085484576,121.64059503152643,79.89033010482072,2.812758597173843,4.37
NSIC Rc 222,Silty Clay,Dry,Transplanted,153.93637273521213,29.605322021044365,136.20575258299334,72.70019911863494,4.50337124469706,5.93
NSIC Rc 160,Silty Clay,Dry,Transplanted,180.14282992836985,29.25691848914746,39.99469885189028,63.761126778679255,4.32793397006645,4.37
NSIC Rc 222,Clay,Wet,Direct Seeded,104.96849695099695,28.92030695153113,160.1085238787893,80.23400639960951,4.640088168040689,5.64
NSIC Rc 160,Silty Clay,Wet,Transplanted,56.48205493249975,30.21539860925652,296.9064196119406,66.2273619256312,3.9233467136874225,4.33
Dinorado,Sandy Loam,Dry,Direct Seeded,196.14764558066213,28.456906684495383,103.54106049626911,75.2704814491103,3.3099604826003226,5.26
NSIC Rc 160,Silty Clay,Dry,Direct Seeded,52.575948599355435,26.02418494256982,113.3848771314296,69.18563925230582,4.491037508069583,3.93
NSIC Rc 160,Silty Clay,Wet,Direct Seeded,192.14774796216335,26.719091099145878,236.5452313524255,87.95070193302001,3.614072279568466,4.74
NSIC 218,Clay,Wet,Direct Seeded,105.30161357737171,29.167247826814506,251.4265551603416,66.84864198813497,3.156858703036481,4.95
IR64,Clay,Wet,Transplanted,51.51356075328223,30.763060296667938,179.76568621563675,72.59755564626086,3.7258870411578497,4.15
IR64,Clay Loam,Wet,Transplanted,153.37358475867626,24.722188008397758,337.05862285829863,88.78480790484018,4.789809506802862,4.2
Dinorado,Clay Loam,Dry,Transplanted,197.08104560470312,25.42076795971071,113.93799713956312,69.56175539814946,3.9273795896086057,4.95
Dinorado,Clay,Wet,Transplanted,194.84385842563887,31.307393963624126,300.3884124108795,79.33779489033,3.3995927903002663,4.4
IR64,Silty Clay,Dry,Transplanted,74.14055168036276,27.785117924094454,80.56006306542726,69.50181131118975,4.995605844471484,4.06
NSIC 218,Silty Clay,Dry,Direct Seeded,77.18717090992325,23.78961817135001,11.575073128713356,63.32024937351747,5.144931265542804,4.75
IR64,Clay Loam,Wet,Transplanted,134.83083719294902,28.636951389123826,241.05426118706998,78.82641698052879,3.799751271318024,5.01
NSIC 218,Clay Loam,Wet,Direct Seeded,145.59572396424866,31.907621555393796,192.89373594078398,87.48094605856022,3.624064062180684,5.31
Dinorado,Clay Loam,Wet,Direct Seeded,160.91268704987985,30.234535644704003,298.3629347926401,73.57694001702275,4.338096841056895,4.76
NSIC Rc 222,Sandy Loam,Wet,Direct Seeded,77.15755407082213,29.457411365514027,344.64931987684434,78.78529628077402,2.673923338173739,5.3
Dinorado,Sandy Loam,Dry,Transplanted,193.85106301466516,24.08046654266269,46.600309741670486,78.26695239769869,4.573969481702791,5.08
Dinorado,Clay Loam,Dry,Direct Seeded,145.8108884433857,30.761397846840072,55.26212250061335,72.45269107883628,4.846862816131741,4.74
NSIC Rc 160,Silty Clay,Dry,Direct Seeded,177.05703783058323,27.257888435355465,129.2851264194466,78.44689916294192,3.692325781771515,4.57
NSIC Rc 160,Clay Loam,Wet,Transplanted,131.00985729262578,30.892900220719554,228.09932096679873,67.77954253256917,3.0238475500221895,4.25
NSIC Rc 160,Sandy Loam,Dry,Direct Seeded,112.14152713848239,25.298278294248792,127.72401439459084,71.34113713809157,2.5864551254225905,3.78
NSIC Rc 160,Silty Clay,Wet,Direct Seeded,196.57743598924938,22.620510526354327,156.4650958846493,73.26956569087125,4.4117367984613,4.45
NSIC 218,Sandy Loam,Dry,Direct Seeded,137.31820562297543,26.759759686597462,24.655214565289658,85.92026050687441,3.3069802199047293,5.06
IR64,Silty Clay,Wet,Transplanted,180.03103741987684,24.698376048178776,203.58599618824599,70.44998684499765,3.891668761363853,4.89
NSIC Rc 222,Sandy Loam,Dry,Direct Seeded,192.99385945494348,29.152292897762983,142.97702344797605,79.0541114434748,3.6590665649725924,5.79
Dinorado,Silty Clay,Dry,Direct Seeded,151.30319405129887,31.571065528560325,35.54404813120874,66.40211512256695,3.024654387842388,4.16
NSIC 218,Silty Clay,Wet,Transplanted,132.34080177780123,28.90974151151564,320.5994547232073,67.5770918716178,4.025106005382112,5.19
NSIC Rc 222,Silty Clay,Dry,Transplanted,50.526627636597595,30.869339297092033,68.01032318212896,79.45286626379934,3.878780568222214,5.28
NSIC 218,Silty Clay,Dry,Direct Seeded,56.0029461108509,26.530240136012065,40.12197525550576,82.86929782099811,4.372442868609497,4.87
NSIC 218,Clay,Wet,Transplanted,80.12768240766745,29.716407371953018,397.2740943642307,73.86351529578845,3.25565498358936,4.94
Dinorado,Sandy Loam,Wet,Transplanted,77.90126477839928,30.430434366717034,153.34405985219414,70.052990903333,3.1439172395602175,3.98
IR64,Sandy Loam,Wet,Transplanted,88.2138192799768,29.108756275835425,226.5383905330252,87.30814667796818,4.943035179269416,4.6
NSIC Rc 160,Clay,Wet,Transplanted,95.74019565464911,27.077772860695646,165.50521761220972,64.07423445147128,4.6065767348921245,4.95
IR64,Silty Clay,Wet,Transplanted,104.00982403260923,28.25866109615368,229.08732194075805,81.62142712948041,4.81661935507469,4.81
Dinorado,Silty Clay,Dry,Transplanted,113.08065351033147,29.0050699567888,130.44654563611005,80.70512249241308,2.869869435265084,4.61
Dinorado,Sandy Loam,Wet,Transplanted,64.8299507684022,24.53084403221427,251.47858578185532,80.70735488183382,3.172118929981053,4.7
Dinorado,Clay,Dry,Direct Seeded,56.35428979291731,30.095792609149846,114.91628446030366,88.06261333270572,4.22659454861092,3.98
NSIC Rc 222,Silty Clay,Dry,Transplanted,151.09166736095352,31.503245389672735,59.49403296429256,81.84570902942377,5.071604040618724,5.69
IR64,Silty Clay,Wet,Transplanted,130.60022372646165,26.65239315179936,380.21552298656377,69.04695568228752,5.176343929505411,4.54
IR64,Silty Clay,Dry,Transplanted,116.62163033301795,29.010671831098776,105.46300764364776,70.60227672696928,4.9957298867647815,4.8
NSIC 218,Clay Loam,Dry,Direct Seeded,145.16599117525286,29.37025905790354,35.811363784015924,71.73332919599683,2.630193838253282,4.45
NSIC 218,Clay,Wet,Transplanted,174.15191108053108,28.622475475214802,170.1401998512447,60.92426022294318,4.962637553967179,5.66
NSIC 218,Silty Clay,Dry,Transplanted,114.15393636743069,27.471151083286355,63.521592932640225,87.40530946224771,5.197273532563245,6.04
Dinorado,Clay Loam,Wet,Direct Seeded,146.1679197577969,30.816479545748106,344.28351326644247,62.20657811594412,2.6702472704579563,3.68
IR64,Clay,Wet,Transplanted,193.0358335752738,26.489267092688944,248.88359901574086,80.99382846292414,3.7488426813309643,5.08
Dinorado,Silty Clay,Wet,Direct Seeded,175.9436743792341,22.611029564866037,352.8157124167319,81.90483014529934,4.109830969890105,4.38
NSIC Rc 222,Sandy Loam,Dry,Direct Seeded,113.90012157536142,30.445563757121604,62.79506236733515,85.31145151891619,3.198251118650499,5.2
NSIC 218,Clay Loam,Dry,Transplanted,146.70752567221143,28.739812723165507,43.31113544099569,76.60086766786567,4.050056968111331,5.79
Dinorado,Clay Loam,Dry,Direct Seeded,76.56063828739096,30.492586264996465,132.68368694160355,81.75793271569611,5.157867363883193,4.63
Dinorado,Silty Clay,Dry,Transplanted,134.0783277342635,23.385474424446944,105.03840296707767,69.08168773397853,5.100827519037294,5.26
NSIC Rc 222,Silty Clay,Wet,Transplanted,197.1992436707664,22.307529405097164,278.3505463314053,82.3675203273837,5.3195118437724425,5.92
NSIC Rc 160,Clay Loam,Dry,Direct Seeded,127.74726728037834,31.34374540382501,49.1915034789319,70.30247211785658,3.952329395183626,3.96
IR64,Sandy Loam,Wet,Direct Seeded,189.1457448785221,23.477283058505744,159.82050971085252,87.08515435280088,3.7317008358817603,4.61
NSIC Rc 160,Sandy Loam,Dry,Transplanted,111.1002380754891,30.09652332070452,43.89690648806523,64.90145423299148,4.497363457097061,4.2
NSIC 218,Clay,Dry,Transplanted,199.82672407769468,30.23209942180636,12.513485939893467,69.4727193202186,3.7502817328031024,5.56
Dinorado,Silty Clay,Dry,Direct Seeded,136.88300528413367,29.08705200549003,58.52151553092965,74.96308354665392,2.6258337880025735,4.67
NSIC Rc 222,Sandy Loam,Dry,Transplanted,56.340349135390184,23.31262211092871,83.74797966414455,83.27551671444293,4.659764356511365,5.55
NSIC Rc 222,Clay,Dry,Transplanted,138.01321950370823,28.673986245608077,48.8795318671727,82.46397315309096,3.3429518238484714,5.19
IR64,Sandy Loam,Wet,Transplanted,91.1859043519395,30.890865833268656,386.5514711787097,66.3215062297351,2.6472559368015713,3.64
NSIC Rc 160,Silty Clay,Dry,Direct Seeded,54.87219830538421,26.255316448008834,108.0641587001678,64.3270708983539,2.5618632295807124,4.0
IR64,Clay,Dry,Transplanted,173.12799570419952,26.135168543785987,67.64493406157727,69.11908812882295,5.294083805731955,4.77
Dinorado,Clay,Dry,Transplanted,91.35944554711338,26.428583095794192,54.2844971814935,74.51262455027708,3.256228025932507,4.6
IR64,Clay,Dry,Transplanted,169.48228310697476,22.822718906762063,141.46807223064636,76.17015134477252,3.8436975775691904,4.55
NSIC Rc 222,Sandy Loam,Wet,Direct Seeded,93.23263744338004,30.920255690299733,170.68351585863047,72.87412772865838,5.351729358696566,5.42
NSIC Rc 222,Silty Clay,Dry,Direct Seeded,79.14895308106614,30.691828639805102,46.792122820339465,79.89270349944022,3.9025509363421755,5.03
NSIC 218,Clay,Wet,Direct Seeded,196.09033611566412,31.979093217902864,299.42087563343904,72.82676830791713,2.735827970578934,4.78
NSIC 218,Clay Loam,Dry,Transplanted,104.24679916325294,27.851831414984133,65.75606681353189,88.38987029816384,4.1558081417399775,5.28
Dinorado,Silty Clay,Wet,Direct Seeded,140.20643171647407,29.51191636451386,369.41694073337896,67.82906543944608,2.7645959603621955,3.94
NSIC Rc 160,Clay Loam,Wet,Transplanted,141.49722392217075,24.026719063073045,169.94244943754848,78.82116362010284,2.785263635120609,4.51
IR64,Clay Loam,Wet,Direct Seeded,134.0710223260253,28.675288182241694,288.4733471040032,78.34133815980395,5.054431221407379,4.43
Dinorado,Clay,Wet,Transplanted,187.2043615281822,28.497328487573906,356.0724688811131,68.44724165646852,3.368264630093768,4.67
NSIC 218,Clay,Wet,Direct Seeded,151.16616070503028,31.012087358416125,396.581177161449,72.35062873542083,4.536010600337309,5.49
IR64,Sandy Loam,Dry,Transplanted,110.55995061573952,30.307927228390742,63.52071039290807,70.96420858319912,4.026773005985985,4.1
NSIC 218,Sandy Loam,Wet,Transplanted,179.3570576786411,31.38466462617763,331.0818502035053,65.17497180061468,3.1669800736132423,5.31
IR64,Sandy Loam,Dry,Direct Seeded,77.15943486739467,30.688334727016077,43.76776839397476,74.31885637894632,4.053460895959623,3.59
NSIC Rc 160,Silty Clay,Wet,Transplanted,131.63551364156262,30.68693894898852,219.58359386582342,71.59986759065524,2.706980607699258,4.28
Dinorado,Sandy Loam,Wet,Direct Seeded,192.58255579156346,22.637233266887183,324.8925824613524,65.34952080201478,3.541637048769128,4.65
IR64,Clay Loam,Dry,Direct Seeded,143.8096444820619,30.459619526959557,40.446743573458335,73.49640136253285,4.068508675061475,4.01
NSIC Rc 222,Sandy Loam,Wet,Transplanted,172.54526757123142,28.074783945031182,326.44169232690984,72.65531904776218,3.185183014256956,5.79
NSIC Rc 222,Clay,Wet,Transplanted,148.03410883177892,25.80444451765961,324.99150302615436,63.940970329783795,4.480564390544082,6.09
IR64,Sandy Loam,Wet,Direct Seeded,175.90562953068354,22.565146243880623,363.56510927327645,63.93562625754033,2.6554357650889204,3.75
IR64,Silty Clay,Wet,Direct Seeded,191.67318197678654,28.776737747680468,171.84501562987273,79.42522139537093,3.9544296936118806,4.32
IR64,Silty Clay,Dry,Direct Seeded,90.93825912991052,25.282017505376174,52.3332026338765,81.19742414151312,4.64498734386815,3.72
NSIC Rc 222,Clay Loam,Wet,Transplanted,75.44916218850783,26.677762649860348,177.10496135385836,88.23541259726714,3.7898381768703184,6.15
NSIC Rc 222,Silty Clay,Wet,Direct Seeded,122.59861254988098,28.81728437055134,310.15428105638955,62.610140713833,5.123759245956814,5.91
IR64,Sandy Loam,Dry,Transplanted,155.27936402363238,31.11774547024143,130.99306379036534,63.535844771347605,4.3965783437219965,4.63
NSIC 218,Clay,Dry,Transplanted,84.07868797733241,30.254369156049982,117.39160421210067,61.55454385403733,5.375478748176214,5.27
NSIC 218,Silty Clay,Wet,Direct Seeded,50.61521756452506,26.505971291035998,388.47027402454694,75.9668529227079,3.352365438324936,4.42
NSIC Rc 160,Clay Loam,Wet,Direct Seeded,101.4402673755058,25.87783157446379,266.4596597298115,78.6823984288568,5.316367992564242,4.5
Dinorado,Sandy Loam,Dry,Transplanted,195.32890032016826,24.397797388440473,105.33993198240731,72.10570355796473,4.32046776965709,5.07
NSIC 218,Clay Loam,Wet,Transplanted,154.24511909087698,25.72426751175968,390.1406754064188,83.93706662883397,4.735536697640196,5.26
NSIC Rc 222,Silty Clay,Dry,Transplanted,110.1988165911836,23.110463872918984,73.99441896994908,80.600983080114,5.206483351130341,5.27
NSIC 218,Silty Clay,Wet,Transplanted,78.88641460202605,31.711055083647544,384.5213148790385,89.57521262840581,4.153591563975462,4.43
NSIC Rc 160,Clay Loam,Dry,Direct Seeded,103.41345106321205,27.73917443959579,81.08555784856449,64.13684949899036,5.086542375848996,4.64
NSIC Rc 160,Sandy Loam,Dry,Transplanted,75.4759149951872,23.27805842795213,47.39943836908445,61.74946993027504,4.125090818764166,3.76
Dinorado,Silty Clay,Dry,Direct Seeded,65.94587319694271,25.528060092659057,20.404227937028466,68.24411116708163,4.297596782851713,4.38
NSIC 218,Clay,Wet,Direct Seeded,186.0113558858831,27.47039143620656,375.7274345585799,60.57150585950532,3.835295718692157,5.31
NSIC Rc 222,Silty Clay,Wet,Direct Seeded,199.64755075632104,27.328856366408697,377.46274371602135,87.97834283599538,2.9369156555203086,5.8
NSIC Rc 222,Sandy Loam,Wet,Transplanted,74.61716593936855,22.355033687186324,374.5796983319965,69.11854976064527,4.1605097000466,5.23
IR64,Silty Clay,Wet,Transplanted,58.17838383174196,31.508410342291114,354.9723458847956,76.57290500914377,5.432344690798543,3.99
NSIC Rc 222,Clay Loam,Dry,Direct Seeded,99.45966607193185,24.753756814749448,56.34567794086752,69.54208898636226,4.8615579871968535,5.48
Dinorado,Silty Clay,Dry,Direct Seeded,119.24887711421229,22.161846689318914,79.38172583893126,67.3742586596647,4.742495454260309,4.41
Dinorado,Silty Clay,Dry,Direct Seeded,80.72318706137817,22.764440089502823,18.023826512706542,64.5709417192464,4.429926408188889,4.0
NSIC Rc 222,Sandy Loam,Wet,Direct Seeded,95.21373676978376,27.80194903247977,323.74473965133257,69.61097760987407,3.5437260204617336,5.59
NSIC Rc 222,Clay Loam,Wet,Transplanted,80.13061035374865,23.37785520675097,156.10204464815206,78.46256791223924,3.0088455834351353,5.28
IR64,Sandy Loam,Wet,Direct Seeded,166.13908526486767,22.417247928535033,183.06339803901312,89.14863599062583,3.1736548049280695,4.18
NSIC Rc 222,Silty Clay,Dry,Transplanted,156.8866914870891,25.796264664127115,22.352662287994903,76.74276121101448,2.5189662686279504,5.19
IR64,Clay,Wet,Transplanted,145.24272736414724,28.227611923401888,183.5580136328668,75.98127198297016,4.520441262695064,4.87
IR64,Silty Clay,Wet,Transplanted,108.08267856188071,23.118398048416125,155.88507106989746,61.05789054315441,4.935632675669301,4.3
NSIC Rc 222,Sandy Loam,Dry,Transplanted,186.3561411971354,25.133278321513156,46.82353260383942,85.20297047003078,3.3067340535941794,5.63
NSIC Rc 160,Clay,Dry,Direct Seeded,195.429881230253,26.17760671624542,61.39125230298662,61.3452412499272,2.7755511989328157,4.22
NSIC Rc 160,Sandy Loam,Wet,Transplanted,76.0458968938118,23.59460097786767,179.17544210590916,87.18696822310437,3.5071812034657537,4.23
IR64,Sandy Loam,Dry,Direct Seeded,83.4518962117817,27.0607389846671,65.06435355661873,76.16015176070154,3.376153688250934,3.51
NSIC Rc 222,Clay Loam,Wet,Transplanted,128.84465420005546,22.85214086901771,379.93660839177653,65.05399815702107,3.8526290823331957,5.57
NSIC Rc 160,Clay,Dry,Direct Seeded,63.68758539233679,22.465184963450685,26.504049280320718,73.55122176019376,3.292306162963033,3.58
NSIC Rc 222,Silty Clay,Dry,Direct Seeded,115.46725982346692,27.19835367155135,41.61498963487043,89.84953442049596,3.519198116035087,5.32
NSIC Rc 222,Sandy Loam,Dry,Direct Seeded,137.26868971665652,24.478969727508755,46.63061528890522,69.15248556132279,5.2226643380477284,5.19
NSIC Rc 222,Silty Clay,Wet,Direct Seeded,128.31103567059995,22.953738078980276,315.9510717276965,68.08379305645735,3.5045060586688184,5.37
NSIC 218,Clay Loam,Wet,Direct Seeded,99.63628746170392,26.239125874876322,228.01825457385561,63.54017685127518,4.856554140189691,5.34
NSIC Rc 222,Clay Loam,Wet,Transplanted,131.36687091158103,31.151407395173948,348.34000305917,77.91427046372516,4.377501100673378,5.88
NSIC 218,Clay,Dry,Direct Seeded,193.82014313882718,29.241924466541548,19.468882668174466,62.67680997041889,3.5126138368941215,5.36
IR64,Clay Loam,Dry,Transplanted,80.90261064370641,30.156159153470277,55.65395808255762,82.98024191412232,4.953364809341052,4.6
NSIC Rc 160,Clay Loam,Dry,Direct Seeded,148.22470375910055,30.719139887586365,20.11102018577101,87.57670542991674,4.285228208788794,4.21
NSIC Rc 160,Silty Clay,Dry,Transplanted,56.50950412340778,31.72627741396419,108.48409803535381,87.95613333646497,2.525856182796701,4.08
NSIC Rc 160,Clay Loam,Wet,Transplanted,59.962460672215244,29.63246573514173,272.0923717387127,63.237487586323134,2.7061846047171993,4.19
NSIC Rc 160,Clay Loam,Wet,Transplanted,132.77423363353773,28.084079219394795,185.53175922896915,76.74787792058906,4.7579186783569565,4.81
NSIC Rc 160,Sandy Loam,Wet,Direct Seeded,65.74087704919242,25.654258803022472,371.1255203066232,62.913295647065,3.839583368755583,3.98
NSIC Rc 160,Clay Loam,Dry,Transplanted,53.3520182640286,23.81643236557716,64.04668731802346,77.16048424452892,3.7165233752306217,3.82
NSIC Rc 160,Sandy Loam,Dry,Direct Seeded,75.72694964720333,28.866598739832945,55.745334512972455,84.44941755628743,2.937481552587424,4.37
IR64,Clay Loam,Wet,Direct Seeded,134.72737564993616,31.94949986121942,234.6654865591181,76.13370486909854,2.9719557818838105,3.99
NSIC Rc 222,Clay Loam,Dry,Transplanted,155.50114317783988,26.67358684618919,27.713104010504964,86.16161478320043,4.893257350287701,5.99
Dinorado,Clay,Wet,Transplanted,80.371784621207,29.236793680928077,324.71480763247354,84.05023064548132,4.987051401884366,4.8
NSIC 218,Clay,Dry,Direct Seeded,150.23891558122617,26.95092449993156,41.710511762285414,68.29645049819786,4.180007621916188,5.11
Dinorado,Sandy Loam,Dry,Direct Seeded,77.37144966488441,26.319334233634766,42.578729251477306,78.90306848647325,3.3853834294170624,4.62
Dinorado,Clay Loam,Wet,Direct Seeded,142.01861399468856,26.10305613559915,222.64854012490184,60.22236379428394,5.298102450003491,4.89
NSIC Rc 222,Silty Clay,Wet,Direct Seeded,111.79395198436983,27.046246829316978,275.01781266845,71.88125747774593,4.37188717298568,5.41
NSIC Rc 222,Clay,Dry,Direct Seeded,148.0699264000425,25.668956618653752,147.92859008226242,67.13880503352885,4.889926358355364,5.84
NSIC Rc 222,Silty Clay,Wet,Direct Seeded,199.2579128718871,29.48773321821808,354.0631778826039,88.11349037830459,2.5098487608646463,5.14
NSIC Rc 160,Clay,Wet,Transplanted,190.6725447848843,30.742720265915167,189.19433660609192,72.1616703516948,3.8509588026260815,5.19
IR64,Clay,Dry,Direct Seeded,50.64226367541554,30.828853066451842,126.94891313118906,79.62193285267442,5.112847258959867,3.91
NSIC Rc 160,Clay Loam,Dry,Direct Seeded,182.81581465434587,24.27698713425826,12.136720828680428,81.95944827820821,3.5146998496981636,3.47
IR64,Clay,Dry,Transplanted,59.973619276214976,30.959091387314906,96.35712270758717,83.19637616044523,4.679653530616843,4.12
IR64,Silty Clay,Wet,Transplanted,192.95698792397675,25.415512318551052,394.31284880981957,82.07325576052587,4.4730244753859365,4.76
Dinorado,Clay,Dry,Transplanted,92.2738518649527,25.093076654852975,45.82741349906932,68.67495182963205,2.9566550990628984,4.31
Dinorado,Sandy Loam,Dry,Direct Seeded,107.30522456169064,29.267560573982358,24.6127700347418,80.58203090187666,4.824711481763215,4.13
IR64,Clay Loam,Dry,Transplanted,63.74573077635918,25.046963400862893,108.78396683676566,76.4702844678685,2.8375803709383964,4.0
IR64,Clay Loam,Dry,Transplanted,66.84091374933644,22.5296640560971,28.424776925568892,77.92117994392557,4.683742289715822,3.83
NSIC Rc 160,Sandy Loam,Dry,Direct Seeded,159.01108478439795,25.73617772310308,72.123709134163,60.024438519262645,5.472905010337283,4.41
NSIC Rc 160,Sandy Loam,Wet,Direct Seeded,191.64983536224375,29.21465600358349,167.55398071518155,67.7477280285857,5.3739442954352885,4.63
Dinorado,Sandy Loam,Dry,Direct Seeded,141.61227424314643,25.269584202701765,98.5031230775894,87.92051090146967,4.900725229171014,4.85
NSIC Rc 222,Clay,Dry,Direct Seeded,157.37750232902164,28.295590559951464,87.62926586169841,68.70228249917177,4.1035522726891065,5.91
IR64,Clay Loam,Wet,Transplanted,164.29546168957302,28.601194442631304,283.50222743512603,73.14046566748928,4.52447372746222,4.86
NSIC Rc 160,Sandy Loam,Dry,Direct Seeded,89.42214118294126,29.33736011726356,146.868073762384,65.60021946587223,4.6843251710322775,3.88
Dinorado,Clay,Dry,Transplanted,56.78444463803224,30.971304663109365,120.00396583715316,64.15807655711069,2.525204572834716,4.34
NSIC Rc 160,Sandy Loam,Wet,Direct Seeded,50.28091158787529,26.325644992684314,379.00637983798697,66.26006905916115,2.8070986628588694,3.94
IR64,Silty Clay,Dry,Transplanted,102.59739244310279,23.66432076662457,118.38707265784856,76.60941986600919,4.291177396236588,4.65
IR64,Silty Clay,Wet,Direct Seeded,86.21963422988242,25.189257154318895,386.4234712206313,87.57085954170324,2.519603620428727,3.44
NSIC 218,Clay Loam,Dry,Direct Seeded,59.34765875737784,26.32167255173986,59.783355171344375,69.7859753968857,5.226716952320492,5.16
NSIC Rc 222,Clay,Wet,Direct Seeded,76.92924387405002,29.13891469328113,208.02724071994402,69.70223856623913,3.9689881396752336,5.62
NSIC 218,Silty Clay,Wet,Transplanted,68.67483474019217,22.131221255616335,185.99624530370215,76.92421760660605,3.273301226815365,4.89
Dinorado,Silty Clay,Dry,Transplanted,187.23175709260556,25.15785383439879,11.175368891779838,70.70228153079405,3.681463508792798,5.01
NSIC Rc 160,Clay,Wet,Transplanted,71.04008201887534,29.798425810193166,331.10075007947273,87.31248143951964,5.052329231920009,4.31
Dinorado,Sandy Loam,Wet,Direct Seeded,130.64726959815187,28.708577033306952,160.49339206905927,71.33544127926785,5.281578621292347,4.74
IR64,Clay,Dry,Transplanted,138.96589326682468,29.31739973585605,112.81753015389637,74.71326757558401,2.84870494143196,4.1
NSIC 218,Sandy Loam,Dry,Direct Seeded,131.52341865629506,30.118107694391945,149.96249180139412,76.00167851911232,4.8338819018667305,5.67
NSIC 218,Silty Clay,Wet,Direct Seeded,64.8584651323982,29.832357188779625,271.3097422575786,83.46203385391414,4.234681354649591,4.75
NSIC 218,Silty Clay,Dry,Direct Seeded,97.81975426258268,28.82183166152778,66.82307508410618,76.9171781824465,4.25650827299346,4.8
Dinorado,Silty Clay,Wet,Transplanted,57.69054986947299,26.396615323705905,349.08880669829546,67.17465300441972,4.8383563656874795,4.77
IR64,Clay Loam,Wet,Direct Seeded,109.3504871144474,31.83598328878154,290.0636811292085,63.719616198791016,3.1685340603578727,3.83
NSIC Rc 160,Clay Loam,Dry,Transplanted,78.2898396907388,27.690731955900738,147.97258985399642,88.13323640066892,4.093134903924875,4.23
NSIC Rc 160,Clay Loam,Dry,Direct Seeded,134.24487999265696,24.02769209368839,29.8391353348085,84.04688983917322,3.4580578463524274,3.95
Dinorado,Clay,Wet,Direct Seeded,153.92125907736508,24.928128551047845,197.00331644350126,60.68895630866747,2.7835370349295445,4.53
NSIC 218,Silty Clay,Dry,Direct Seeded,129.81797903070597,28.9356245597047,51.511729229140435,84.64586952970643,2.8152383366698115,4.81
NSIC Rc 222,Silty Clay,Dry,Transplanted,115.13550449170936,31.247395651994637,33.90177044394589,77.71793381714306,2.9094144118754524,5.84
Dinorado,Clay,Wet,Transplanted,108.10001312850386,23.787201292058974,271.76107486749083,75.5668270510483,4.344699546714514,4.67
Dinorado,Clay Loam,Wet,Direct Seeded,176.25376521455055,22.823464957457862,380.3186791122232,60.366875370706765,2.81749059513193,4.12
IR64,Clay,Wet,Transplanted,82.90520975979051,30.81531048042006,304.3032445110692,83.42592169153245,4.2103115277705205,4.61
NSIC Rc 160,Clay Loam,Wet,Transplanted,160.1327509293303,31.152779789128346,330.37265689225495,65.9419504272375,4.26489117393178,4.71
Dinorado,Silty Clay,Wet,Direct Seeded,163.62234871101785,24.763793453158996,234.06596991562873,81.83943639582237,5.211689530365673,5.26
Dinorado,Sandy Loam,Wet,Direct Seeded,112.88000109061016,25.772857243712398,197.12094379190444,60.47604742097452,4.379129788976543,4.64
NSIC 218,Clay Loam,Dry,Transplanted,94.5950898838459,28.601879974978583,76.5246362097542,83.8906094899856,5.456763522644504,5.81
NSIC 218,Silty Clay,Wet,Direct Seeded,120.58122290689629,25.299300208424746,213.9105574749009,60.691184050651216,2.5929777398225045,5.39
NSIC Rc 222,Silty Clay,Dry,Direct Seeded,63.98208888390478,30.771587082700528,121.57739621101086,67.07678712217557,4.612438409935357,5.3
IR64,Sandy Loam,Dry,Transplanted,56.8895048343635,23.075787027138627,57.69263681531355,68.0483463753814,2.57944023415913,3.23
NSIC Rc 222,Silty Clay,Wet,Transplanted,66.74047991778377,22.37982220960195,283.29439844007373,64.7252591432078,4.68813273362411,5.4
NSIC 218,Silty Clay,Dry,Direct Seeded,78.07175471933392,24.084862067427895,136.87205120126202,74.43174588586108,3.6575506276121064,5.41
NSIC Rc 160,Clay Loam,Wet,Transplanted,125.62652305070645,24.86087778204969,220.05503840267593,68.51063878850127,4.333923296177769,4.79
NSIC 218,Clay Loam,Dry,Transplanted,177.37049542416833,23.12926591288875,86.27625786616991,89.7986392718177,3.428614216265013,5.3
IR64,Sandy Loam,Wet,Direct Seeded,85.34634979995305,22.656904293406466,285.4911968565253,77.39906380096318,2.9773151174579473,3.66
NSIC 218,Sandy Loam,Wet,Direct Seeded,190.2743016120167,29.556077135017983,326.9479818440442,76.9943347516272,4.670537554267847,5.43
IR64,Silty Clay,Wet,Direct Seeded,193.23618634025053,23.642765659022572,333.5989690425754,66.62608890319366,5.21386114081026,4.31
IR64,Clay Loam,Wet,Direct Seeded,193.8356907267808,31.13922199066304,191.17123491527337,72.26068316144735,3.050747331100105,4.38
IR64,Sandy Loam,Dry,Transplanted,175.6344102014486,25.67999661448096,75.15941792386282,63.7193398308,5.262109003610802,5.16
IR64,Sandy Loam,Dry,Transplanted,104.5737561196581,28.706058097213454,120.18501790733869,82.8758775675116,2.920546327613631,4.54
IR64,Clay,Dry,Direct Seeded,60.90258665039346,24.254021147688,24.20208958584984,69.9347773846043,4.706985647648594,3.64
NSIC Rc 160,Sandy Loam,Dry,Direct Seeded,135.32280976497424,24.40322768491867,118.32534596949446,82.55897500179631,5.3783354745370175,4.85
NSIC Rc 222,Silty Clay,Dry,Direct Seeded,133.80221659058506,27.747092028675752,44.01328002419574,71.15087999788426,2.942112645268713,5.58
Dinorado,Clay Loam,Wet,Direct Seeded,177.49636506643935,27.60642925145986,337.6077122084658,89.66271720344537,3.8052701402660603,5.02
NSIC Rc 222,Sandy Loam,Wet,Transplanted,199.39865764191578,29.687292280120815,318.1720348980898,65.13364866763865,3.5123724470751982,5.94
IR64,Clay,Wet,Transplanted,126.22359598402214,29.57813305694266,153.00128334217666,60.04571681649994,3.6654332505522946,4.19
NSIC Rc 160,Clay Loam,Wet,Direct Seeded,101.78060465596764,28.706877646636613,164.7180437724377,77.84476624135158,4.75941921739533,4.4
NSIC 218,Sandy Loam,Wet,Direct Seeded,77.88525673344006,26.49130565893491,311.5623754650951,88.58859600263514,4.483566797666678,5.37
NSIC Rc 160,Clay,Dry,Transplanted,50.71997372260561,30.906403862806172,49.31375660565326,79.41162164717937,5.4060608933884575,3.85
IR64,Sandy Loam,Wet,Transplanted,126.36705387333187,28.225784902212986,245.92597489092742,62.571705682445426,3.056438510069267,4.16
NSIC Rc 160,Clay Loam,Wet,Transplanted,133.32780000538935,31.90198490462357,186.52599989391646,76.21441147398676,4.12978260797764,4.61
NSIC Rc 160,Clay Loam,Dry,Transplanted,173.7407719726096,30.193698179343585,93.92352826481118,87.28460808413182,3.84737843625708,4.41
IR64,Clay Loam,Dry,Direct Seeded,125.68654518392009,22.44309811238326,136.2708195064687,60.19518203640038,5.2565683267772485,4.5
NSIC Rc 160,Silty Clay,Wet,Transplanted,187.47025229990848,25.205939070803176,161.09913979240832,65.00736638513396,2.5318576974308797,4.51
Dinorado,Sandy Loam,Wet,Transplanted,144.21252148571534,27.718757164709515,189.84958516810772,84.4368466830785,5.467511202301282,5.43
Dinorado,Silty Clay,Dry,Transplanted,176.0504357331625,29.21469537871487,90.97697296792107,86.81721319732449,3.9392029431175866,5.07
NSIC Rc 160,Clay Loam,Wet,Direct Seeded,72.24526022116207,27.503364977619416,389.37849108040416,81.21481862604813,4.376618941700793,3.99
NSIC 218,Clay,Wet,Direct Seeded,178.3004195453472,29.86130422462182,331.8914103927424,89.74680490919462,3.5801576674171462,5.17
IR64,Sandy Loam,Wet,Transplanted,151.27157816657726,24.826556527573445,281.9263552335735,62.70647788759708,5.057580009086497,4.51
Dinorado,Silty Clay,Dry,Transplanted,75.53495486574958,23.83912051232825,100.85290883122818,76.37029547509681,4.185963835355148,4.55
NSIC 218,Sandy Loam,Wet,Direct Seeded,78.46453372190163,22.5391668378977,385.38512501364795,80.54984167942759,4.488432808749295,4.46
NSIC Rc 160,Clay,Wet,Direct Seeded,188.9750928566332,27.733137445715222,304.77760942040095,81.07934161107264,4.446714124182029,4.68
NSIC 218,Silty Clay,Dry,Transplanted,54.83230406755593,28.885995206754952,118.72324254473838,83.80453846032549,3.5919464196931976,5.3
NSIC Rc 222,Clay Loam,Dry,Direct Seeded,119.38024149435591,25.261497171193618,46.305466258948144,87.5287813529815,2.7279729874198475,4.95
Dinorado,Silty Clay,Dry,Transplanted,97.02129349011523,28.135841848558766,125.81271419257995,70.84924336851344,4.92311867828215,4.84
NSIC Rc 160,Sandy Loam,Wet,Direct Seeded,149.76161599976422,22.521572308533294,331.4112970701668,61.288901784229076,3.3691477575529527,4.17
IR64,Sandy Loam,Dry,Transplanted,175.9444081353488,22.992933462968036,68.51442086940096,70.87325743442875,5.0467906854331135,4.02
NSIC Rc 160,Sandy Loam,Wet,Transplanted,104.05671823348544,29.017547722584982,220.66295462646804,80.14844290161705,4.325929026372479,5.07
IR64,Sandy Loam,Dry,Direct Seeded,114.03531309842558,25.680697052172988,34.591797088762746,66.4036826200093,3.561111874292434,4.26
NSIC Rc 160,Clay Loam,Wet,Transplanted,197.28766767521213,28.713340311030056,297.2454608972989,84.29918854676131,4.282741446920868,4.52
NSIC 218,Silty Clay,Dry,Direct Seeded,167.58747645188043,30.31721120279918,59.01653112455749,66.59293373168492,4.436478077084313,4.75
NSIC 218,Clay Loam,Wet,Direct Seeded,184.5806196397687,30.52622437476117,185.86931107446006,60.3019020714052,4.620050223276017,5.63
NSIC 218,Clay Loam,Wet,Direct Seeded,115.81433309774447,23.72167645464451,251.12078629944386,75.24242322670739,4.967014403521214,5.06
NSIC Rc 222,Clay Loam,Dry,Transplanted,85.11143059761729,26.862855723513466,44.458355640551545,81.7938471421086,2.979264826653954,5.69
IR64,Sandy Loam,Dry,Transplanted,111.77951980796774,29.339267236324865,42.019904718990425,70.48966021610502,5.33243315430585,4.49
NSIC 218,Sandy Loam,Wet,Transplanted,157.41378767472702,29.739805962669102,158.31008124665252,82.46687398610361,3.7325218432825324,5.57
NSIC Rc 222,Sandy Loam,Dry,Direct Seeded,66.4145607253969,29.846759807288777,49.558847820683255,73.15213002363025,5.081350895129132,5.1
IR64,Silty Clay,Wet,Transplanted,90.57036584247632,24.281673343805846,204.1570218956701,65.15143851920206,3.1614387861033553,4.69
NSIC Rc 160,Clay,Dry,Transplanted,56.99538506923856,23.925348177237733,35.33031406389253,62.71675181396865,2.5870869166141444,3.98
NSIC Rc 222,Sandy Loam,Dry,Transplanted,114.85216075071973,27.90012468273696,103.47824599157,81.31761494722042,4.220032130868552,5.93
Dinorado,Silty Clay,Wet,Transplanted,174.116860396942,29.410857977382197,168.71715735566866,71.57144362808633,3.4739988372173167,5.35
NSIC Rc 222,Sandy Loam,Dry,Direct Seeded,53.69955324470162,25.191395155341933,91.1988459849164,87.3832130377131,5.453386014843848,5.15
NSIC Rc 222,Sandy Loam,Dry,Transplanted,151.2985290210749,23.047051568624216,100.78186501767999,76.20765175721849,2.8133603641461487,5.79
IR64,Clay Loam,Wet,Direct Seeded,189.87438117706094,29.167463829100775,246.94470487680786,70.45297254662108,2.6419085980105654,4.33
NSIC Rc 160,Clay Loam,Wet,Direct Seeded,85.53917922667733,24.996978313800046,360.75879115962255,70.46972780969169,2.6350534556593996,3.93
Dinorado,Clay Loam,Dry,Direct Seeded,154.04522610914722,23.66362724311722,58.12146133594246,63.94313593357948,3.1506210856713834,4.4
NSIC 218,Silty Clay,Wet,Direct Seeded,196.26528516503006,23.477235283971318,244.48352658626328,77.8136746076747,4.2375733490960155,5.07
NSIC 218,Clay,Dry,Transplanted,194.34170902286948,25.149095475267163,117.7626763603662,77.46501406230966,4.016690120934076,5.98
NSIC Rc 222,Clay,Dry,Transplanted,85.23937895437149,27.926780659137457,28.145223733583066,83.99981075809481,3.5502274145006845,4.96
IR64,Silty Clay,Wet,Transplanted,65.0496579818103,25.584022386938166,357.9099064986608,66.03590887401228,2.766379322250728,3.68
IR64,Sandy Loam,Wet,Direct Seeded,72.2423806843874,22.206618515934316,314.12457814472185,68.72368927427482,3.2012112843829565,3.49
NSIC 218,Silty Clay,Wet,Transplanted,155.30535027232133,22.96908434677811,277.38236165770695,62.91713907286745,3.0524411943541505,4.8
Dinorado,Sandy Loam,Wet,Direct Seeded,158.86383131799133,24.90503247198619,209.22292331533262,68.8602660680672,4.737000511468145,4.74
NSIC Rc 160,Silty Clay,Wet,Transplanted,151.13548424422987,28.597044821470917,380.53902321103806,72.84306347263202,4.839839149003943,4.69
Dinorado,Silty Clay,Wet,Transplanted,100.41175816133571,22.985150734685337,163.5502022105083,88.92085217861951,4.831042039185459,4.72
NSIC Rc 160,Silty Clay,Dry,Transplanted,75.46654096371832,27.60656853500682,89.95913932459042,79.5919800862474,5.407121633242446,4.55
NSIC 218,Clay,Dry,Direct Seeded,137.11416379283799,23.198858708240042,48.563416114506346,83.48621789337587,5.152713839002096,4.95
NSIC Rc 160,Clay Loam,Wet,Transplanted,122.55206686367998,24.116153273493815,322.22825442470383,69.7652965566147,3.9934142415355147,4.42
IR64,Silty Clay,Dry,Direct Seeded,159.32512206834554,23.72188527555763,83.86538609766559,64.3353843842429,3.7448080627274956,4.11
NSIC Rc 222,Clay,Dry,Direct Seeded,116.20401180284321,22.672286355708106,55.30920453363348,67.7015982573999,5.247305553128385,4.97
NSIC Rc 222,Clay Loam,Dry,Direct Seeded,100.79595420297025,28.7132981738659,120.67164711278134,67.69403072997963,4.33367575614444,5.5
NSIC 218,Clay Loam,Dry,Transplanted,94.02178660385215,26.634035473860344,134.77805743733325,77.49345984880281,3.3831960010767856,5.1
IR64,Silty Clay,Wet,Transplanted,81.72054800746199,30.310534408973382,305.30997320234223,70.24413397365086,4.193392083145502,4.38
Dinorado,Sandy Loam,Dry,Direct Seeded,89.86195642799922,22.98890839982317,113.96137127202837,85.72196592999836,5.476448268088379,4.44
IR64,Sandy Loam,Dry,Direct Seeded,64.2245658266152,23.447329333380722,34.581719798894554,89.65633557709494,5.048410180457086,4.47
NSIC Rc 222,Sandy Loam,Wet,Direct Seeded,102.02855163933343,25.064577313504508,260.2603805641317,70.29895215790346,3.343839148178625,5.62
NSIC Rc 222,Silty Clay,Wet,Direct Seeded,55.48547185444373,29.65865986938808,210.08023882315132,81.15180821061033,5.3588632777516505,5.53
IR64,Sandy Loam,Wet,Direct Seeded,77.96207707494902,25.057588231556988,257.67398421131674,79.72459745761107,5.444386334437348,4.45
IR64,Clay,Wet,Transplanted,162.01556669291438,26.084187074986925,368.19318138835513,65.83387463196844,3.1935008782462457,3.87
NSIC Rc 222,Clay,Dry,Transplanted,98.8203483014934,25.016035662971646,48.48136577437072,87.54025784461902,5.186776355504024,5.91
Dinorado,Clay,Wet,Transplanted,150.23555254660158,22.8022429180103,359.19152756373853,65.98327761565204,5.149608153096496,4.58
NSIC 218,Clay,Dry,Direct Seeded,157.53262633959162,31.394336228961876,138.7101291725782,82.10871395009096,2.6192607197021216,5.04
NSIC 218,Clay Loam,Dry,Direct Seeded,137.17780140981705,27.48538992071189,71.21081787214818,70.42828926822938,4.509067579185061,5.24
IR64,Clay,Wet,Transplanted,193.80466120480978,29.87833188185497,385.3453124942573,71.01244701026914,3.415842139093508,4.21
NSIC 218,Sandy Loam,Wet,Transplanted,53.21597999346699,28.58357092185296,226.948301656312,73.6634715866688,4.523837879475627,5.3
NSIC Rc 222,Silty Clay,Wet,Direct Seeded,160.7978975882213,27.14254279061975,246.77603959221824,85.93523934165418,5.24067608257073,6.13
NSIC Rc 222,Sandy Loam,Wet,Direct Seeded,193.81799659106122,22.8967825665938,154.68153816496584,64.20755824533636,3.9963377439685552,5.71
IR64,Clay,Wet,Direct Seeded,179.3407594029409,28.427335452703044,385.73749868000203,61.637087335042615,3.7432384923659585,4.27
IR64,Clay Loam,Wet,Transplanted,75.183903770752,23.553703559368323,232.3475229543172,72.06122456741345,5.264593813562252,4.03
IR64,Clay,Dry,Direct Seeded,99.0230459377598,26.143831693562767,141.76525730889736,61.66755297426264,5.422344753215598,5.07
Dinorado,Silty Clay,Dry,Direct Seeded,75.8677759814698,28.291131434804303,64.94323644071736,80.62802649172322,2.686708983381408,4.26
NSIC 218,Sandy Loam,Dry,Direct Seeded,140.19625457220562,29.822290004721232,143.24845248269293,82.8097522508164,5.268544207444622,5.57
IR64,Silty Clay,Dry,Transplanted,156.82819729692386,28.850451757086198,139.60345828266634,85.64137184259776,2.7483056005656668,4.37
NSIC Rc 160,Silty Clay,Wet,Direct Seeded,97.56106540445873,28.71533529054629,251.0409553832483,82.3152673645079,3.511858640150769,4.04
NSIC Rc 160,Silty Clay,Wet,Transplanted,130.92598609764434,23.490422091752073,376.95115286184864,87.49054181078037,4.78772236729098,4.43
NSIC Rc 222,Sandy Loam,Dry,Direct Seeded,153.63808551067925,25.46128540071588,102.47376459812628,82.44903368169666,4.831110945819086,5.85
NSIC 218,Clay,Dry,Direct Seeded,113.20097249165725,22.429122726601943,11.235786784610397,88.08226919635204,4.677465672037499,5.2
IR64,Silty Clay,Dry,Transplanted,178.1023295683189,29.194768931764646,66.04685547663117,65.7933238262809,2.6173374641832052,4.87
NSIC Rc 160,Sandy Loam,Wet,Direct Seeded,165.7324902931726,31.525859813174193,281.6496075417033,74.9958939860319,2.89889814407228,4.5
NSIC 218,Clay Loam,Wet,Transplanted,59.6998315775856,24.641103901790757,291.5436354388695,89.81791799114725,5.308649494659246,4.91
NSIC Rc 222,Sandy Loam,Wet,Direct Seeded,143.16879486362436,22.876967091623094,194.05820953772923,80.44734547628147,2.7443841651876726,5.28
Dinorado,Clay Loam,Dry,Transplanted,85.29883264396244,26.755700767536535,137.5729181573834,86.35923353967772,2.73563775091935,4.78
NSIC 218,Sandy Loam,Dry,Direct Seeded,133.6277397000913,30.566982231275688,133.91544047513605,60.911813814985656,5.006937813273611,5.22
NSIC 218,Clay,Wet,Transplanted,193.53326639494495,27.519741952717798,274.6650052046636,86.15273695705312,4.4237972596686586,5.91
Dinorado,Silty Clay,Wet,Transplanted,181.85930068283753,22.467771501901133,379.5521502271936,80.93139703716292,3.554968167535539,4.09
NSIC 218,Clay,Dry,Direct Seeded,110.67746046726975,31.74272240527946,36.234292013455914,65.12266301963132,2.997131461214879,4.88
NSIC Rc 222,Sandy Loam,Dry,Transplanted,93.72707875165301,30.286499099626006,65.88554943567436,60.770428692707895,5.152511259678445,5.09
NSIC Rc 222,Silty Clay,Wet,Direct Seeded,85.16086166123885,23.315940770515102,289.6795220269815,67.79779734376959,5.465613272885537,5.07
Dinorado,Clay Loam,Dry,Transplanted,129.877230463478,31.21797756503509,126.97138990312602,87.4732007697831,2.6499151853284877,4.28
IR64,Sandy Loam,Wet,Direct Seeded,67.13726798870844,26.506882886051887,213.77909115993953,80.0439881610086,4.162340146270605,4.24
NSIC Rc 160,Silty Clay,Wet,Direct Seeded,132.3912512192373,25.718979905749414,157.7952160336907,87.58407312849972,3.283910754717445,4.01
IR64,Clay Loam,Dry,Direct Seeded,50.2000459236188,26.610533305271883,90.90289945500761,73.38452347482779,4.997160500649112,3.92
NSIC 218,Clay Loam,Dry,Direct Seeded,98.57744461187673,30.34571956870947,128.6218926824681,88.09881285705723,3.5382192753244173,5.29
NSIC Rc 160,Clay,Dry,Transplanted,82.99014707458718,28.59479678286786,125.71943382279882,73.88879446335017,4.64388786755902,4.48
Dinorado,Sandy Loam,Wet,Direct Seeded,195.6828184941173,22.592484523997275,234.075443363517,66.12764173255003,4.118570264578832,4.95
Dinorado,Clay Loam,Dry,Direct Seeded,159.08634793549686,31.57604371116171,137.04748097334763,64.54180392553342,4.124570144784911,4.36
NSIC Rc 160,Silty Clay,Dry,Direct Seeded,102.44800706933566,23.47784133478318,26.410882347241436,89.81435439105132,5.073998293541264,4.11
NSIC Rc 222,Clay Loam,Wet,Direct Seeded,63.92676297959308,29.45567951735351,293.1477285161145,70.01587984423713,3.9112132777736925,5.21
NSIC Rc 160,Clay Loam,Wet,Direct Seeded,127.5200892035936,28.36136530428131,160.65332209270753,64.80159075952763,5.036798602433442,4.48
NSIC 218,Clay,Dry,Transplanted,82.01718219890634,23.87528047946561,30.33011980349219,60.25225292672256,3.5902804841127263,4.92
NSIC Rc 222,Clay,Wet,Direct Seeded,130.46443188475365,23.707320761130497,302.44814432278906,68.56708699588867,3.024348827392915,4.8
Dinorado,Silty Clay,Wet,Transplanted,175.30435312683386,30.703275937046918,280.8534567795282,86.67348430807617,3.8664321329698454,5.02
NSIC Rc 160,Clay,Wet,Transplanted,142.36888281520783,26.19694923499597,345.8588672916427,76.02027962031906,3.9950673441310665,4.48
IR64,Clay Loam,Dry,Direct Seeded,145.06826293175033,28.545765141741384,21.59326405566735,78.97305154574865,3.9351495929133744,4.12
IR64,Clay Loam,Dry,Direct Seeded,131.15454335942172,27.040710038566733,140.93763775336043,87.67173311671598,4.9249912356378465,4.85
NSIC 218,Clay,Wet,Transplanted,189.08984489471138,29.273535170759594,157.22204306799046,75.38519754321088,4.194036824380291,5.9
IR64,Clay Loam,Wet,Transplanted,189.7854026630905,26.792423750393304,345.21183620468435,85.14839537557845,5.1653322152764085,4.85
NSIC Rc 160,Clay Loam,Wet,Transplanted,126.90848016103283,24.873799152555684,280.2192614395267,69.71499834229061,4.042556484747826,4.3
NSIC Rc 160,Silty Clay,Dry,Direct Seeded,95.86392307152566,25.633833709964964,76.52273381290505,89.3130558852366,3.174145248646013,4.41
IR64,Clay,Wet,Transplanted,118.93805088191658,30.590776944503425,242.63233319492787,62.36441620537357,2.888487520788258,3.87
NSIC Rc 160,Clay Loam,Wet,Transplanted,77.98368682934236,26.68034692922727,391.34574408970605,81.74488576539794,5.105088462833862,4.61
NSIC 218,Clay,Dry,Direct Seeded,145.4516472977134,24.134493322446094,19.00553968754274,79.81698860280883,2.6685183967066353,4.46
NSIC Rc 222,Silty Clay,Wet,Transplanted,125.01385036733498,31.34605388077253,190.02988680901325,65.75014517552451,2.852828835759287,5.77
NSIC 218,Clay,Dry,Direct Seeded,65.49507167199198,29.96600456498377,55.014186351965776,71.66531996539608,2.690975556752923,4.85
NSIC 218,Clay Loam,Dry,Transplanted,79.6471671679423,22.55666146056199,59.197769758195356,69.38487350331019,3.771202591545461,4.46
NSIC Rc 160,Clay,Dry,Direct Seeded,121.94479342992902,31.98942961980518,123.33837528674601,62.83478604997486,4.0978468491807805,4.23
NSIC Rc 222,Clay Loam,Wet,Transplanted,183.13834860782876,28.949266964401023,285.3312797727766,77.54364068852524,2.559624193067802,5.89
NSIC Rc 160,Clay Loam,Wet,Direct Seeded,134.9586080946646,23.602665990405868,230.2453683981196,89.81009536695497,4.046758500674812,4.59
Dinorado,Clay Loam,Dry,Direct Seeded,152.2302500312706,24.371676812985964,112.96676490392922,76.78764423160167,3.681278413871878,4.77
NSIC Rc 160,Silty Clay,Wet,Transplanted,100.85428246158645,28.92445481241547,281.871594698834,76.35779720638087,4.820935547367695,4.35
NSIC Rc 160,Clay,Dry,Direct Seeded,135.71170895663514,29.79761055279122,106.51418693875966,61.20941122063645,4.98986986523867,4.39
NSIC Rc 160,Silty Clay,Wet,Transplanted,117.10697339571011,24.390359431498062,288.068863145103,64.17660670091071,4.554902309158616,4.96
NSIC Rc 222,Clay,Dry,Direct Seeded,148.86948689347412,24.569688538992708,13.060897362793023,75.39657267306782,3.920486605949872,5.11
NSIC Rc 160,Silty Clay,Dry,Direct Seeded,57.58633491185155,25.071206948720608,137.49741149969304,89.55535692552215,3.1484457851259644,4.07
NSIC Rc 222,Sandy Loam,Wet,Direct Seeded,123.99503243584387,27.980183648366367,172.36206210621145,86.29823206385576,5.041344601907681,6.16
IR64,Clay Loam,Wet,Direct Seeded,94.39889377159504,23.718161783012768,315.2837867295874,70.20627364119503,3.5250074201332504,3.66
Dinorado,Clay Loam,Wet,Direct Seeded,98.92775919168639,23.042431988847774,308.6203739797529,76.29012762684383,3.5688756615848476,3.93
NSIC Rc 222,Silty Clay,Wet,Direct Seeded,194.1376147337092,28.788640890855135,342.366818658616,76.5810666676241,5.2480346415611345,5.61
IR64,Sandy Loam,Dry,Direct Seeded,77.40422190670742,29.7909793979317,40.17773736820382,80.56081838286549,5.426791766793739,4.12
NSIC Rc 222,Clay Loam,Dry,Transplanted,96.68678788678955,27.009294044165053,98.06859665697489,80.63346123717416,5.194392869153512,5.63
NSIC Rc 222,Clay,Wet,Transplanted,126.48388635963076,25.638327102683853,172.66462341479274,83.69377465157922,5.494704170683243,6.1
Dinorado,Silty Clay,Wet,Direct Seeded,179.45404222244355,26.320427135264765,224.31463672592196,60.74913074519047,5.106726531704432,5.61
NSIC 218,Clay Loam,Dry,Direct Seeded,112.50051248095556,25.88407833871952,18.654666021598683,88.31040571912337,4.613072552860245,5.17
NSIC 218,Clay Loam,Wet,Direct Seeded,161.57979213322565,31.599849082376753,312.5276499320253,62.101861379677395,3.3814581987144186,4.87
NSIC Rc 222,Silty Clay,Wet,Transplanted,178.45611473222036,29.680899052191403,184.1827064789021,74.2848033443082,5.358871146699629,6.29
NSIC Rc 160,Silty Clay,Wet,Direct Seeded,96.50245337327735,24.080872148501104,319.3995526971106,87.58737829077128,5.129880494841261,4.24
IR64,Clay,Wet,Transplanted,108.9125275308065,25.8418915205398,164.75667770510574,74.6300648769324,3.2222403772469597,4.53
NSIC Rc 160,Clay,Dry,Direct Seeded,103.48343355325343,27.4401229136311,21.41365286208763,61.90910502699351,3.967487419725481,4.58
NSIC Rc 160,Clay Loam,Dry,Direct Seeded,174.92837129268815,28.129858620636885,11.3408214582171,66.87720059435817,2.7101669818766503,4.34
NSIC Rc 222,Clay Loam,Wet,Direct Seeded,56.65202929304017,26.68183896028767,233.7328882399069,77.36000266105268,5.359926589801651,6.23
NSIC Rc 222,Silty Clay,Dry,Direct Seeded,96.26316332430201,30.10126635011959,89.22987023634629,62.63584853696907,4.2183049831643675,5.44
NSIC Rc 222,Clay Loam,Wet,Direct Seeded,151.91128363926947,29.676060194582316,361.6777805831298,72.71033793051889,3.2356016377844963,5.16
NSIC Rc 222,Clay Loam,Wet,Transplanted,134.8165249348014,27.051579186281668,343.57282259529006,69.87279798574215,3.377197940871627,6.32
NSIC 218,Silty Clay,Wet,Direct Seeded,115.44340389405414,30.544293867817302,311.190178806772,84.45622883472718,5.441969117889579,5.22
NSIC Rc 222,Clay Loam,Dry,Transplanted,130.99223408320765,29.510895304423858,98.11315374636666,63.30395815006348,4.346842875412593,5.5
NSIC 218,Clay Loam,Dry,Transplanted,79.63768787424775,29.785818487206434,17.064722452652028,80.48395350476359,3.762049372319211,5.56
NSIC 218,Sandy Loam,Dry,Direct Seeded,114.60749324120155,31.564007794334167,50.66788386696545,72.19767212627727,3.999536385356614,4.66
NSIC Rc 222,Clay,Dry,Direct Seeded,125.25544762645237,24.664669412092028,129.20361798492235,77.63252041416986,2.79565021713203,5.16
Dinorado,Silty Clay,Dry,Direct Seeded,185.17836829319026,24.676481623668494,24.183171355207975,66.16595315761634,2.725068280218628,4.36
IR64,Sandy Loam,Wet,Transplanted,89.12527442059644,30.8895225569064,367.6146041562753,78.29111054284877,4.278123229901155,4.04
NSIC Rc 160,Clay,Wet,Transplanted,180.17427532473988,29.722263733856796,327.3173860430501,80.21933182248338,4.036012109320949,4.86
NSIC 218,Clay,Dry,Transplanted,146.63621012389729,31.265455414356275,40.31660303746637,62.10694693983233,3.5774595739103234,4.47
IR64,Clay,Dry,Direct Seeded,53.05112466014015,22.63130160324453,69.41476918613978,84.73032802748811,4.198341857534094,3.92
Dinorado,Sandy Loam,Dry,Transplanted,158.69470053490903,28.277570772615967,127.91837436863624,85.83762338664724,2.718027848311517,4.71
NSIC Rc 160,Sandy Loam,Wet,Transplanted,55.33278163235826,23.446283381234473,279.84377630270075,61.906621670483844,5.3319735142946385,4.21
NSIC Rc 160,Clay,Dry,Transplanted,199.60716902207196,27.038971982925826,45.67886762652859,78.09562464291858,3.381135063352666,5.2
NSIC 218,Clay Loam,Wet,Direct Seeded,180.89550315367967,23.55746931853444,394.9293750964466,77.8203449091668,2.7153363720159964,5.02
NSIC Rc 222,Clay Loam,Wet,Transplanted,94.60156213100686,23.28078508984879,323.7140199473299,60.3737523560533,3.008512817722312,5.39
Dinorado,Sandy Loam,Dry,Transplanted,88.61168452950582,22.12168345382033,149.5991821508679,70.27039241867854,2.7864217434475504,4.31
NSIC 218,Sandy Loam,Wet,Direct Seeded,107.21616231584133,28.302388123829044,300.34179420325074,89.06777348141243,3.035813513079044,5.22
Dinorado,Sandy Loam,Wet,Direct Seeded,103.42504479716646,25.590226166900862,252.21764023839117,76.66352256806229,3.7502621644798357,5.01
NSIC Rc 222,Clay,Dry,Direct Seeded,105.85067275780716,23.051882848789717,59.736653839393966,87.99635408224515,4.714152681806563,4.68
NSIC Rc 222,Clay Loam,Wet,Transplanted,97.74148191792207,25.2283777773131,375.6031246447626,80.26933907632151,3.317045042365119,5.66
NSIC 218,Sandy Loam,Dry,Transplanted,143.1700110272497,23.68944091451585,64.10281218770723,60.851715546698294,3.8077798658249318,5.65
NSIC Rc 222,Sandy Loam,Wet,Transplanted,74.63954955809359,31.416948315016594,223.9272739012482,62.33139594145176,5.286271863664709,5.76
IR64,Silty Clay,Dry,Direct Seeded,176.89719386690197,25.20004885761348,27.094868592311204,81.66536866102268,3.387465217977926,4.05
NSIC Rc 160,Clay,Dry,Transplanted,171.86037260469732,25.339535232893898,105.2277061199143,76.63703371107059,4.88415925979413,4.58
NSIC 218,Silty Clay,Wet,Direct Seeded,121.47248117829056,30.398580033995856,152.30489855272566,63.81454993799627,2.9734506174470994,5.64
Dinorado,Clay Loam,Dry,Direct Seeded,177.90949479178215,28.477557612860043,44.08512558982742,78.42188035060849,3.034965238771743,4.42
IR64,Silty Clay,Wet,Transplanted,87.07176050454399,29.101716074030016,199.18513060809,84.30862081704589,3.8684586204287967,4.81
NSIC 218,Silty Clay,Wet,Transplanted,52.634818355595044,28.360018039889606,177.37937298558978,82.58947290397836,3.202306751399159,5.3
NSIC Rc 222,Silty Clay,Dry,Transplanted,142.88118875447344,31.461962839485654,98.04146334130648,67.38487380096201,5.20908422138278,6.29
NSIC Rc 222,Clay,Wet,Direct Seeded,118.68641104470731,24.070008315580452,229.74844354326802,67.74584899968131,2.6522568733704333,5.26
NSIC Rc 222,Clay Loam,Dry,Direct Seeded,135.0746819443806,31.890392417557955,41.24208197640972,89.03513415306341,4.291817698431519,4.87
NSIC Rc 222,Silty Clay,Wet,Transplanted,184.90091135276046,30.309561775565133,356.46966936461376,86.62214406458149,4.3126881884485595,5.8
Dinorado,Clay,Wet,Direct Seeded,195.4888360348915,27.889725888763422,312.88242134125187,69.55011943292615,2.698077782558343,4.4
IR64,Clay Loam,Dry,Transplanted,145.16797096334045,28.62371624396249,64.30211741170551,84.72163469007026,4.697692644612674,5.25
NSIC Rc 160,Sandy Loam,Wet,Transplanted,164.60833847786574,28.48825876500614,192.24514730842813,64.85215589197637,3.906692633536588,5.02
Dinorado,Silty Clay,Wet,Transplanted,62.571265023074645,22.58396224059154,347.20543027308463,65.90523303979693,4.669220120484425,4.57
Dinorado,Clay Loam,Wet,Direct Seeded,74.10733773372584,24.180164985319387,276.05496652485067,65.43588161536036,4.98077495780521,4.75
NSIC Rc 160,Silty Clay,Wet,Direct Seeded,159.9807207429465,31.614708845247492,278.1786560295742,62.631623250405454,3.4686980559720815,4.05
NSIC Rc 160,Sandy Loam,Wet,Transplanted,114.7048184582003,27.343644288593794,240.52804524521832,85.64034348484066,3.953457648806463,4.66
NSIC Rc 222,Clay Loam,Wet,Transplanted,116.89479056066085,25.78353603261912,366.1540912055059,77.36420694613726,3.282282339304034,5.55
Dinorado,Clay,Wet,Direct Seeded,96.29115224531549,29.62038463389075,229.58182596394818,67.76868277481816,3.104540390567005,4.93
NSIC 218,Clay Loam,Wet,Transplanted,141.10345752166157,27.245189426558095,173.53494016742218,85.45965098182782,2.501784274127972,5.28
NSIC Rc 160,Clay,Dry,Direct Seeded,77.77475681243038,22.131627714318977,129.93409287361845,84.07940278178461,5.390894536239512,3.97
NSIC Rc 160,Clay Loam,Wet,Transplanted,144.03744189708434,29.36237596715118,225.68224849298628,63.02854554383267,3.8227854079889445,4.62
IR64,Clay,Wet,Direct Seeded,76.06982857028595,29.322175600528613,328.8383865669714,79.32418121204915,2.539209319176622,3.53
NSIC 218,Sandy Loam,Dry,Transplanted,59.57390520645704,23.651487121099745,113.44682760636981,81.65500804577312,2.5268157327041445,4.45
NSIC 218,Sandy Loam,Dry,Direct Seeded,99.55365330485915,31.566600884242135,31.64272599212128,81.47482010957891,3.365057705653585,3.97
NSIC Rc 160,Sandy Loam,Dry,Transplanted,84.67105130147715,24.23908131541114,95.0791434323742,81.69428123561812,2.541813036130355,3.58
NSIC Rc 222,Clay Loam,Wet,Direct Seeded,183.34874578344986,26.57749367382199,314.3954717008322,65.08373356947112,3.623543852975645,6.09
IR64,Sandy Loam,Dry,Direct Seeded,58.24301808029399,23.147359612609147,98.0096912343333,69.45259362806308,2.6888155043168434,3.56
NSIC 218,Silty Clay,Dry,Direct Seeded,76.49205388611843,28.032823194505884,22.679586290260545,85.32535525513387,2.617754773450929,4.94
NSIC Rc 160,Sandy Loam,Wet,Direct Seeded,132.3079408374574,25.754511200572125,197.00428838839446,86.9517525068265,4.50814418222365,4.51
NSIC 218,Clay,Wet,Transplanted,122.16007862712104,25.531734622097055,177.94607477623552,68.3756665969461,5.2205238683286534,5.75
IR64,Clay,Dry,Direct Seeded,56.87780275620523,30.269768772209474,75.21279160703101,60.690585485332576,3.7281597499068377,4.13
IR64,Clay,Dry,Direct Seeded,51.087864202271675,22.09561712850478,46.49357539346511,85.79300841498325,5.010311290827797,4.1
Dinorado,Clay Loam,Wet,Transplanted,198.2101912941725,29.979467708924226,315.2164396004366,71.31275513475248,2.5877963834072415,5.06
NSIC Rc 160,Silty Clay,Wet,Direct Seeded,148.82520505382573,27.714485657480786,319.09420891372804,69.8839066787981,4.833070167910547,4.66
IR64,Sandy Loam,Wet,Transplanted,104.81091963523352,31.860985134801993,241.5374093026427,70.40999039065878,2.6883999769686726,4.13
Dinorado,Silty Clay,Wet,Direct Seeded,120.5648371494862,27.894432206042488,360.70034588226997,72.47089271902925,5.015318269592055,4.81
Dinorado,Silty Clay,Wet,Direct Seeded,89.98251806814304,22.55379134147958,394.55130094997924,71.34799864964764,5.147099034616192,4.22
NSIC 218,Clay,Dry,Direct Seeded,101.73106755398146,22.506453264437262,75.39821998688761,76.9929269740068,4.857921527146942,4.89
NSIC 218,Clay,Wet,Direct Seeded,147.35667009023211,30.83152986371832,201.41130586234885,62.36820835494571,4.962247073233867,5.77
Dinorado,Clay,Wet,Direct Seeded,182.4217698301056,30.41214145511053,294.2671789265071,89.14620582925545,4.184453698996957,4.45
NSIC 218,Clay Loam,Wet,Direct Seeded,77.61950346217773,25.45890075582023,151.3365822509848,88.09353103416484,3.294654827747956,5.44
IR64,Silty Clay,Wet,Transplanted,176.05422580779782,28.180324841811373,328.26359900657184,88.03219939846497,4.4296930079829,4.64
NSIC Rc 222,Silty Clay,Wet,Transplanted,68.23349442774037,26.895913570556004,253.57052839082945,86.37832872245741,3.8186249472290843,5.37
IR64,Clay Loam,Dry,Direct Seeded,82.24883353825868,31.67164055136052,118.78993878520251,79.8097890654519,2.516009682757138,3.52
Dinorado,Clay Loam,Wet,Direct Seeded,55.576293207446895,31.499609008768914,198.3173067257912,66.63325688245297,3.930477119304505,4.11
Dinorado,Clay Loam,Dry,Transplanted,71.12177931394992,31.838390085407745,32.156338373444754,61.48450461439117,4.453563773651636,4.17
IR64,Silty Clay,Wet,Transplanted,187.59547181960758,30.664487806342642,338.055480441094,62.979631943453,2.541650979073962,4.11
NSIC 218,Silty Clay,Dry,Direct Seeded,118.91581199275679,31.095515907751015,27.26258878232613,69.71977501396816,4.364081008324473,4.78
NSIC 218,Clay,Dry,Direct Seeded,61.64987926675303,24.172787787671364,47.704309314808214,75.11649076487356,4.457595718650569,4.76
Dinorado,Clay,Wet,Direct Seeded,193.9590257058442,30.310067889897745,352.6621993890202,89.79759213554382,2.97432273471669,4.51
NSIC Rc 160,Silty Clay,Wet,Direct Seeded,181.8488461637975,29.088571132042745,177.79162529398434,73.06330475383797,3.7932225554695287,4.87
NSIC 218,Clay,Wet,Direct Seeded,163.20237813022118,31.6278650882807,160.2489404595085,75.73938271474131,5.392997802667398,5.42
IR64,Clay Loam,Wet,Direct Seeded,190.02091879213367,27.712618284426192,233.5196104172793,80.85471741564243,5.152567683399347,5.0
NSIC 218,Sandy Loam,Wet,Transplanted,83.01941312536462,22.851671667105563,306.49761644025887,65.42201911343389,3.732464268574758,4.99
IR64,Clay,Dry,Direct Seeded,175.45539395151295,27.97398891187153,143.31856304852164,87.98481004686766,3.5495388040724665,4.65
Dinorado,Silty Clay,Wet,Direct Seeded,153.49867945314594,28.86580928021288,348.35488179715827,75.87103817528202,2.872242042930568,4.5
NSIC 218,Clay,Wet,Transplanted,180.46388743515325,24.203210287124282,286.5156241576144,68.28769036805306,2.6055672536204795,5.23
IR64,Clay,Dry,Transplanted,169.53673486139445,25.941133835127285,114.69538956589528,88.05326959016521,3.3923883323262363,4.38
Dinorado,Clay,Wet,Transplanted,101.97425947652374,27.9850341405168,295.1871940767452,78.7635185567685,5.320850041246715,5.05
NSIC Rc 160,Sandy Loam,Dry,Transplanted,166.15978055258836,25.741057373165056,12.723820794036522,74.51069193747631,5.375840354001002,5.07
IR64,Clay Loam,Wet,Direct Seeded,89.36844544773355,25.74947717238664,349.96455543822276,77.40467729882323,4.937558021728829,4.13
NSIC Rc 160,Silty Clay,Dry,Transplanted,99.28882445420822,23.330866391727973,66.14067794767273,82.44906656715679,3.5524744405595783,3.97
NSIC Rc 160,Sandy Loam,Wet,Transplanted,66.18585758344642,31.40746723077666,282.21084355468986,64.6361401107886,2.9308792986463335,3.86
NSIC Rc 222,Silty Clay,Dry,Direct Seeded,190.26149239707033,29.504943844950965,46.03571707125393,85.94491292109676,4.286600426817038,5.55
NSIC 218,Silty Clay,Dry,Transplanted,93.65050451004223,22.01243438866102,99.34023957210435,88.78520430894639,4.439515021618544,4.95
IR64,Silty Clay,Wet,Transplanted,128.09336977571778,29.65613284022165,302.7886225565751,77.00998955250223,3.7737207077368122,3.98
NSIC Rc 160,Sandy Loam,Wet,Direct Seeded,108.6999254699289,29.397949926578587,279.0543349941398,80.46812540392794,4.574940386675921,4.26
NSIC Rc 222,Clay Loam,Wet,Direct Seeded,193.98921808752522,22.09730960155523,370.114558341926,85.79500442538722,4.740045656955206,5.62
Dinorado,Silty Clay,Dry,Direct Seeded,100.25737564077235,25.696042976137647,74.30094349478703,71.24431894249501,4.84918499072434,4.38
IR64,Clay Loam,Dry,Direct Seeded,166.78187321340334,28.067476903255304,145.02979348095172,89.78495384647195,4.006894334072522,4.36
NSIC Rc 160,Clay Loam,Dry,Direct Seeded,178.312423194677,26.52750651858036,40.65698313779335,80.41504107920693,4.8749223326792,4.46
NSIC 218,Clay,Wet,Direct Seeded,115.34097462214488,29.77986118720507,208.8791546462722,72.71996095073946,2.5764292788083702,4.73
NSIC Rc 222,Sandy Loam,Wet,Direct Seeded,106.72577216793968,26.25458332634434,215.99839613512734,80.32013925004881,4.541213100216609,5.53
NSIC Rc 160,Sandy Loam,Dry,Transplanted,162.1618731398942,23.538629694538372,92.2998982398517,75.65040097540309,3.2069018711514397,4.34
NSIC 218,Clay,Wet,Transplanted,186.9343970459351,31.764156242738288,181.99036540045643,63.34924714615096,3.31156087506296,5.17
NSIC Rc 160,Clay,Dry,Direct Seeded,163.23975996083573,24.420399927760467,108.02940209863117,83.87595914307956,2.773905119820197,4.22
IR64,Clay Loam,Wet,Transplanted,84.06895483877983,29.176923105413323,354.86668787360543,76.93126740758797,3.077176790779538,3.83
IR64,Silty Clay,Wet,Direct Seeded,183.2461621156558,23.43156311664072,252.94432264058935,83.87536673621666,5.476024699006009,4.42
IR64,Sandy Loam,Dry,Transplanted,108.13725011552496,25.290126137839327,125.57902850835343,64.64735821102397,3.746170391690426,4.45
NSIC Rc 222,Silty Clay,Wet,Direct Seeded,136.43441176669015,26.420276084304238,236.97348522031095,76.15071470402327,5.283296196066056,5.84
IR64,Silty Clay,Wet,Transplanted,174.71534289390667,23.922320045270638,395.33717927178907,82.9987281663874,2.988698584578394,4.08
NSIC 218,Clay,Wet,Direct Seeded,78.25921511007382,26.499595763686095,381.70084160994634,89.64913702772395,3.1121765262955585,5.16
NSIC Rc 160,Silty Clay,Wet,Transplanted,167.67652035163297,23.5716282299175,392.9969205311903,86.53191829155776,4.173440061445214,4.19
Dinorado,Clay Loam,Wet,Direct Seeded,139.42441968660162,27.5900653898589,185.5747491896732,85.93048881181917,3.5485976226372475,5.3
NSIC 218,Clay,Dry,Transplanted,184.00124627414124,28.63713252520194,66.975944259921,67.42380414439194,4.431745625724388,5.59
NSIC 218,Silty Clay,Wet,Transplanted,75.79556027653145,22.624342840280107,372.8129532870415,85.13953805127142,3.766139727161291,4.56
IR64,Clay,Dry,Direct Seeded,113.10233555613927,30.71132121082168,106.16906707204741,65.07843832628889,4.934791712396386,4.03
NSIC Rc 222,Clay Loam,Wet,Transplanted,174.92646393002562,23.851408850420356,232.17739984686287,65.94322993645301,3.794677213513251,5.97
NSIC Rc 160,Clay Loam,Wet,Transplanted,52.88475551851403,24.25362425320324,153.16419255296563,63.30350231230416,4.217047547314792,4.63
NSIC Rc 222,Silty Clay,Dry,Transplanted,66.83020501484643,28.61349840083063,52.44820599379959,85.72789592141362,3.463219600071186,5.53
NSIC Rc 160,Clay,Dry,Transplanted,198.5847819135102,26.68751060434414,70.96665293065485,63.24763489353956,4.612122962315962,5.0
NSIC Rc 160,Silty Clay,Wet,Transplanted,92.05912678855259,26.993955991710656,247.82458399576717,64.1433443923503,4.464202626897142,5.03
NSIC Rc 222,Silty Clay,Wet,Direct Seeded,196.331479058593,23.281549845631325,277.29908828451494,67.37661450247157,3.6910030983221733,5.21
NSIC 218,Clay,Dry,Direct Seeded,77.37973265130108,30.057358218764083,135.3877983684759,77.17987227361922,3.32809630837179,4.96
NSIC Rc 160,Silty Clay,Dry,Transplanted,104.16416645110034,28.1705424610421,142.9870653063336,86.4054055590121,4.3423131244608975,4.72
NSIC Rc 222,Clay Loam,Dry,Direct Seeded,162.93041667553558,23.353820433094562,110.63442856981706,72.54684465766704,5.329454947633023,5.86
NSIC Rc 160,Clay,Dry,Transplanted,148.66676108572676,25.73999367025596,62.4092647086659,76.38857847575355,2.8979290720798048,4.02
Dinorado,Clay,Wet,Direct Seeded,137.16835998935835,30.1040993273503,177.05510589185133,64.9946819987176,4.897349855036682,4.6
NSIC 218,Clay,Wet,Transplanted,129.48487637075112,27.683550459866208,284.41940421856407,67.97837567693375,4.128975318424272,5.54
IR64,Clay,Wet,Transplanted,176.51606654971104,23.086487791329304,354.8658960441829,64.01777287457325,4.076679085521578,4.65
NSIC Rc 160,Silty Clay,Wet,Transplanted,85.2422844250089,25.727770457892866,244.41273770979848,72.29756534601269,5.385052442727938,5.21
Dinorado,Silty Clay,Wet,Transplanted,116.37063904902776,24.426943984557347,238.16120163357556,77.71006976034577,4.31762439270567,4.74
IR64,Clay Loam,Dry,Direct Seeded,73.31784382346859,27.174655536537266,124.80809059645297,68.52058590100363,4.9915534832455535,4.04
IR64,Sandy Loam,Dry,Direct Seeded,139.39123935960566,30.433611288719895,13.621391441558826,85.37987566724378,4.04343174662709,4.17
NSIC Rc 160,Sandy Loam,Dry,Direct Seeded,87.58166364069803,26.3626713480442,24.384427475518947,89.43715053019903,3.249560101765268,4.63
NSIC Rc 222,Clay Loam,Wet,Transplanted,100.07630965150787,26.33342030368323,234.70260505766936,63.60464556943743,4.583470814374329,6.23
NSIC Rc 160,Sandy Loam,Dry,Direct Seeded,120.68760749352921,31.05350902327037,102.59232309255056,60.53580168045973,5.269530713332012,4.12
Dinorado,Clay Loam,Wet,Direct Seeded,54.01558785546918,27.761854125072723,380.773611470923,83.69330722184351,5.0236902868302264,5.15
IR64,Silty Clay,Wet,Transplanted,63.79069038812565,27.66191087397407,162.18952469754979,65.71928033410035,3.095090818720254,4.43
NSIC Rc 160,Clay,Wet,Transplanted,152.88938310623294,24.619098918753892,261.26903549823885,70.59439777982577,3.450667357186451,4.39
NSIC Rc 222,Clay,Dry,Transplanted,114.34549710762609,28.077227478371263,50.77480053780804,71.8269365482743,4.050642021921033,6.13
NSIC Rc 160,Silty Clay,Wet,Direct Seeded,179.7185332999843,27.75910467417396,216.1498635374292,87.49798166702834,4.2148098857081955,4.63
NSIC 218,Clay,Wet,Direct Seeded,154.20080054662992,25.96851470341864,373.4517563468736,79.76514647298487,3.081442343375585,4.97
NSIC Rc 222,Clay,Dry,Transplanted,51.215141247098366,31.906955658991805,143.19407057606688,61.218284709086724,3.1900370200454935,5.31
Dinorado,Sandy Loam,Wet,Direct Seeded,142.50684961507022,30.818909649480865,174.01306589595097,60.44430722142464,4.776493207106309,4.78
IR64,Silty Clay,Dry,Transplanted,64.05872990895746,29.495862900768156,71.04848569292267,65.98704292590841,4.690952250144827,4.18
NSIC Rc 160,Sandy Loam,Wet,Direct Seeded,167.13997696857413,27.373455884130003,252.8606916701027,69.54515822618134,5.017626443886673,4.85
NSIC Rc 222,Sandy Loam,Dry,Transplanted,198.7261532417753,26.620598018946303,70.11107485448478,74.53571502259797,5.298789421840693,6.54
NSIC 218,Clay,Wet,Direct Seeded,129.67981913622674,23.848973952231994,251.70403800777143,85.13518236926566,3.424783356708075,4.56
NSIC Rc 222,Clay,Wet,Direct Seeded,152.41692502911957,25.057374740146237,372.09860438675565,69.44453268104279,5.078784869711738,5.71
NSIC 218,Silty Clay,Dry,Direct Seeded,85.59712413421273,29.739607998232103,104.93113142673037,71.29611657814966,4.498035373828559,5.01
Dinorado,Clay,Wet,Transplanted,115.63966156306904,26.537489539375514,203.87336126024235,69.88013790028972,5.373311271675398,5.1
IR64,Clay,Dry,Transplanted,178.41429983545754,30.822695165695013,117.45959872286655,60.26896008098717,3.3162224680702477,4.23
Dinorado,Silty Clay,Wet,Transplanted,75.11344216193768,23.47911136345529,311.2238525754028,88.65604617354359,3.3090145049185766,3.71
NSIC Rc 160,Clay,Dry,Direct Seeded,89.83034084206432,27.083470960136367,76.5782233375191,64.1698765240942,4.61288034607818,4.16
NSIC Rc 222,Sandy Loam,Wet,Transplanted,116.81505129290453,28.469656840213087,183.60153172194725,68.63002434609741,5.285232322114829,6.38
NSIC 218,Silty Clay,Wet,Direct Seeded,156.8373337766021,27.16848456307926,388.4939285201357,63.87909906289325,4.973667474359304,5.68
NSIC 218,Clay,Wet,Transplanted,106.38259321935107,30.892268915849872,298.2537398180715,74.71629468470168,4.681118673380069,5.23
NSIC Rc 222,Clay Loam,Dry,Transplanted,189.15984196745057,31.895632818291396,39.96012623964138,87.96498344827498,3.6619275941721647,5.25
NSIC Rc 222,Silty Clay,Dry,Direct Seeded,64.16855769030788,23.158346583413696,118.26320998158702,63.021021528764585,4.653302004105922,5.46
NSIC Rc 160,Silty Clay,Dry,Direct Seeded,105.62062963172713,23.29954904076921,54.84917848230786,73.22690770765489,4.903286729292443,4.48
Dinorado,Clay Loam,Dry,Transplanted,156.34311851426327,23.303241135601212,34.515507701140066,60.67124537314735,4.759857039371813,5.07
NSIC 218,Clay,Dry,Transplanted,83.89801484922387,28.811770960705275,98.42962658950185,83.12694664158445,4.530432394858369,5.08
NSIC Rc 160,Clay,Wet,Direct Seeded,148.46197013445095,25.72676095495838,306.56418258016754,79.23678430663276,2.6413937550721087,4.03
Dinorado,Silty Clay,Wet,Direct Seeded,74.63254373410189,29.33314661265906,258.44335041511806,80.9909599112145,4.479144799344426,4.95
NSIC Rc 160,Silty Clay,Wet,Transplanted,58.39704272925296,26.054714728869786,235.57067816658056,74.17009082687198,3.934883966448731,4.14
NSIC 218,Clay,Wet,Direct Seeded,68.15235751229733,28.276067213320637,203.16910737371907,87.22899088669217,5.384707814649056,5.55
NSIC Rc 222,Clay,Wet,Transplanted,189.4977174701202,29.698580056788934,300.99693845806473,72.28672352617829,4.321569650131213,5.52
NSIC Rc 222,Sandy Loam,Dry,Transplanted,132.7626324409327,27.482159106549204,22.663513378649057,75.42255224361232,4.324681768705898,5.66
Dinorado,Silty Clay,Wet,Transplanted,169.45186632194736,27.395035904500062,388.6404363370595,80.85867666811887,5.48216556210925,5.33
IR64,Silty Clay,Dry,Direct Seeded,99.89817513575768,22.882343252856344,145.9893745120477,75.6168192328638,2.7807633693427163,3.85
Dinorado,Clay Loam,Wet,Transplanted,138.898797182817,26.107817429094347,239.94773852310075,65.68006943748983,3.328948855301059,5.13
IR64,Sandy Loam,Dry,Transplanted,124.24282005574874,27.457771532249375,98.53561701769917,69.51211854134736,4.468238316907077,4.27
NSIC Rc 160,Clay,Dry,Direct Seeded,191.8606939103441,26.6198082566641,148.0253729290458,62.76883404416416,3.445708768103124,4.52
NSIC Rc 160,Sandy Loam,Dry,Direct Seeded,162.13619540811655,31.007820001884255,57.445079287009044,72.97840491651894,3.5384504437873656,4.25
NSIC 218,Clay,Wet,Direct Seeded,159.58139472448687,31.065306321194896,370.7892221655136,78.28176279258984,5.177934819391326,5.39
IR64,Clay,Wet,Transplanted,56.952990415141926,30.219173805887618,187.1940782118124,63.55589832807422,4.23806171511939,4.29
NSIC 218,Sandy Loam,Wet,Direct Seeded,132.45045035055367,25.7529807537312,384.0315052204502,78.91761364410387,2.8085967484124637,5.17
NSIC Rc 222,Silty Clay,Wet,Direct Seeded,120.04871808527223,29.172991516875342,237.62157097451916,86.78616419256328,3.4325877571978656,5.11
IR64,Clay,Dry,Transplanted,189.17633999092916,25.9528846106961,145.9687225666557,70.13171198956559,2.728175129498254,4.53
Dinorado,Sandy Loam,Dry,Transplanted,88.60129822842984,24.32593598975759,30.378714682007303,66.6609928865646,4.168389800341435,4.93
NSIC Rc 222,Clay Loam,Dry,Transplanted,90.47501799366415,25.429026435508817,15.697268128583984,86.7901819152571,3.0198045891279692,5.63
NSIC Rc 222,Sandy Loam,Dry,Transplanted,111.70193733222506,22.709646332855353,14.617768463644358,80.75835707692646,5.071345450075318,5.6
Dinorado,Clay Loam,Wet,Direct Seeded,86.5054570109564,25.31777509004647,244.9318028983364,63.16184604169661,4.2319420793694995,4.61
NSIC Rc 222,Clay,Dry,Transplanted,69.37758767131243,26.607422172611717,75.08185188389179,72.24335856185198,2.678126925793284,5.61
IR64,Sandy Loam,Wet,Direct Seeded,178.61222699762013,31.5548089478083,265.71056425858205,80.22268799263647,3.4026269908729567,4.3
NSIC 218,Sandy Loam,Dry,Transplanted,133.74147866058738,25.13410586219625,21.62058764700327,77.23151624926365,4.34901300170838,4.95
NSIC Rc 222,Clay Loam,Dry,Transplanted,179.20440784348503,31.024535392055206,81.70350378346424,78.55641358049618,3.506494954581485,5.94
IR64,Sandy Loam,Dry,Direct Seeded,174.6702148105544,24.28858275823497,55.850070491246065,77.01405521921778,4.039530005781867,4.04
NSIC Rc 160,Sandy Loam,Wet,Direct Seeded,92.30635321845067,23.909688977592495,329.5610674869125,83.9418409591467,5.228086884048206,4.38
IR64,Clay,Wet,Direct Seeded,132.1606166486411,27.18995456432165,329.9133584222588,69.61280870390937,3.550107911518835,3.85
NSIC 218,Sandy Loam,Dry,Transplanted,62.48265541101057,28.72511369297406,56.988058946376185,81.25387043698089,3.5076185874093637,5.39
IR64,Silty Clay,Dry,Transplanted,187.28778260461377,22.443322508022813,98.98525951632377,89.73238327482852,4.9592705239380965,4.55
Dinorado,Clay Loam,Dry,Direct Seeded,110.63940725977297,24.21065865047217,32.83372086122682,71.69876573343541,3.4562695687503098,4.02
NSIC 218,Sandy Loam,Wet,Direct Seeded,109.0514275833532,26.556836665013165,269.8971461799163,83.7314494366438,2.7338750324211767,4.95
NSIC Rc 160,Clay Loam,Wet,Transplanted,95.41330559269298,25.310043359831816,280.788224828484,67.38327711408513,3.0428348627124846,4.25
Dinorado,Clay Loam,Wet,Direct Seeded,119.09956170660557,29.126210793483217,157.5026219435353,68.45690136852149,5.346400752388903,4.92
IR64,Clay Loam,Dry,Direct Seeded,87.7639079818172,27.11160596041317,117.31747184756235,88.04591622550629,5.2998783777331635,4.79
NSIC 218,Sandy Loam,Wet,Transplanted,106.22784091952067,23.603591056039,226.0741753895814,60.778150687460666,3.1744362723344435,5.24
NSIC Rc 160,Sandy Loam,Dry,Direct Seeded,169.99205728773228,30.944653793150906,91.48432876900887,66.52282034582488,4.160505619296058,3.79
Dinorado,Clay Loam,Wet,Transplanted,175.13832553777578,24.929056754833596,236.50426855765238,74.4876209343601,2.9121043012690087,4.7
NSIC Rc 160,Silty Clay,Dry,Transplanted,95.62737164427742,29.311311089644235,138.09224803865152,72.0554286511256,4.5240328855346075,5.22
IR64,Clay Loam,Dry,Transplanted,120.35216458291819,29.7991577910541,61.077691527453275,78.87509193705094,3.055917388029432,4.17
NSIC Rc 160,Silty Clay,Wet,Direct Seeded,181.07296644200784,31.631577002561023,289.68181718143984,65.78166151081146,2.6493712687648117,4.4
NSIC Rc 222,Clay Loam,Dry,Direct Seeded,57.90099977445457,26.985074665241015,147.58009888939756,62.11641013105594,4.9746904216263985,5.58
Dinorado,Clay,Dry,Direct Seeded,183.3717442993678,28.158355154644322,90.61587053996325,71.08000193414271,3.476201148170877,4.57
NSIC Rc 160,Clay Loam,Dry,Direct Seeded,82.87765184784976,25.34876293479534,146.27627386625474,75.73065726432543,2.825567210680291,3.98
IR64,Clay Loam,Wet,Transplanted,151.78088663215638,28.781792934120666,289.5749418428261,76.86005511254734,5.001711852586675,4.77
IR64,Sandy Loam,Dry,Transplanted,137.38275445769006,26.6338348586632,13.788491566596146,78.044805706274,4.787192432638445,4.4
NSIC Rc 160,Silty Clay,Wet,Direct Seeded,132.9411122283878,26.376523647244223,327.4749494319683,76.45985987284665,4.551275351295905,4.97
IR64,Clay,Wet,Direct Seeded,178.9040337129232,30.554675291161054,329.2568240545202,67.37255912913562,5.233746129533587,4.28
NSIC 218,Silty Clay,Dry,Direct Seeded,65.23582154669919,22.501688434986885,111.91668513773432,82.93649207907005,3.9676782606119056,4.53
NSIC 218,Clay,Wet,Direct Seeded,102.0542037988454,30.819624278318685,208.80268105302076,62.63340785218196,2.8841694927603934,5.18
NSIC 218,Clay Loam,Dry,Transplanted,130.73791195171484,30.52069837828557,124.32701340098308,65.95061638656549,2.6840392296853586,5.42
NSIC Rc 222,Sandy Loam,Wet,Direct Seeded,171.69332809190598,27.06366253561789,342.5467877762062,82.18134027057343,3.455323053878976,5.68
NSIC Rc 160,Sandy Loam,Dry,Transplanted,82.46646251175073,26.902028542056282,17.44426013470826,68.39178402315756,2.7604924904122488,3.96
NSIC Rc 222,Silty Clay,Wet,Direct Seeded,170.43947620614142,25.618073680354904,154.9008920115705,74.80420324828216,4.106528321041257,5.41
IR64,Sandy Loam,Dry,Direct Seeded,109.94577237409035,31.941737916817345,91.0557529622744,69.81593222566677,2.5434970534694736,3.96
NSIC Rc 222,Silty Clay,Dry,Direct Seeded,78.3370784650543,23.11169332753841,122.27192110252277,75.2094363484801,3.831289904528128,5.41
IR64,Silty Clay,Dry,Transplanted,163.8479660665224,27.90215235628607,88.54542153123019,70.39967399842095,3.0353808695607563,4.39
IR64,Clay,Dry,Direct Seeded,63.63483522118217,28.81681590112417,18.93390265676533,89.8262396971815,3.6048041316014743,3.76
Dinorado,Silty Clay,Wet,Transplanted,127.21510611131644,31.343300082169442,329.0404711516801,70.7243276807444,4.525102224312067,4.61
NSIC 218,Clay,Wet,Transplanted,59.58136757928326,29.802034968567614,175.51527587985578,78.81148252192936,3.5528913131521045,5.56
IR64,Sandy Loam,Dry,Direct Seeded,103.46267827366813,28.43847202811547,107.08261372576361,86.65029652952632,3.524019661600646,3.83
Dinorado,Silty Clay,Wet,Transplanted,140.16151985095888,23.168123168121227,332.4120521053047,79.13804983094252,5.472252198518506,4.74
NSIC 218,Silty Clay,Dry,Transplanted,133.41733122308196,25.737335168314672,18.48356805426321,76.97571765328826,4.656444168178859,5.27
IR64,Clay Loam,Dry,Transplanted,110.69831268569999,23.388416425479853,124.44564530230139,77.07688364268625,4.041585135550154,4.38
IR64,Silty Clay,Wet,Direct Seeded,114.35719909581735,30.812127324655137,281.7795226421011,74.89382132770156,4.238126952992738,4.12
NSIC Rc 222,Silty Clay,Wet,Transplanted,84.01543300261498,29.496211555636428,259.31362517077304,84.22741204213365,4.360547894556433,5.7
NSIC Rc 222,Clay Loam,Dry,Transplanted,118.38238826361544,29.575367867972293,16.024785662937216,61.51272235084146,2.573726196822526,5.06
NSIC 218,Clay Loam,Wet,Direct Seeded,192.98822835812513,28.52256517773544,322.66659744035724,86.55389723787982,2.740793771575743,5.69
IR64,Sandy Loam,Dry,Direct Seeded,177.56793766756857,27.070435369367097,29.235633341451912,77.58876660736928,4.447568054069955,4.38
NSIC Rc 160,Silty Clay,Wet,Transplanted,71.78493036145157,23.499710594634973,159.09270843680818,85.46619663767245,3.593406576544941,4.53
NSIC Rc 222,Sandy Loam,Wet,Transplanted,54.46711809813814,25.296948867050517,205.8675814188946,60.311781076326255,2.6663321206957753,6.19
NSIC 218,Sandy Loam,Wet,Transplanted,190.0286469074946,23.369157924768906,304.1100356169135,86.07829211884854,3.3925397381548783,5.21
IR64,Clay Loam,Wet,Transplanted,129.01246248211214,29.249131428523434,361.8038516577045,63.604125575198005,2.8908502612641707,4.23
IR64,Clay,Wet,Direct Seeded,130.67567347239617,23.60228776022005,245.27690923627924,81.63654019177197,5.248941526678964,4.38
NSIC Rc 160,Sandy Loam,Dry,Direct Seeded,167.10769935597835,29.021135501716856,48.51506267325759,72.49564178663532,3.108776177659345,4.74
NSIC 218,Clay,Wet,Transplanted,97.20334608069899,28.922553895959048,214.69036815838928,80.43217173293773,2.931073592182157,5.24
IR64,Silty Clay,Wet,Direct Seeded,122.28613532540032,26.593044789912888,279.68410894724855,78.84569213032093,4.378506451265849,4.5
NSIC Rc 222,Clay Loam,Dry,Transplanted,195.29943697201062,23.352286541180522,98.671070916512,64.90189641201725,4.065735790830498,5.96
NSIC Rc 160,Silty Clay,Dry,Direct Seeded,150.82230303986108,25.148008261340365,146.69027394838284,75.43841293342655,4.227797362107376,4.54
NSIC 218,Silty Clay,Dry,Direct Seeded,73.06175479936789,25.200931090755514,26.495199366790818,68.31691419583622,3.8078444441209456,5.03
NSIC Rc 160,Clay Loam,Wet,Transplanted,69.98401219765299,29.003851331432934,305.57881309671035,76.81310528544037,3.9015079327963886,4.3
NSIC Rc 222,Silty Clay,Wet,Transplanted,80.6397137499508,23.137430194137245,255.0257578514366,82.14009849158532,4.836392667541388,5.72
NSIC 218,Clay Loam,Dry,Transplanted,165.00675116310762,30.290686462160906,29.979073689948578,62.43775243745514,3.1597665544770024,5.29
NSIC Rc 160,Clay,Dry,Transplanted,94.3065505760924,29.61007290185914,61.64185553813724,75.47287270593075,3.6895879084937024,4.05
Dinorado,Silty Clay,Dry,Direct Seeded,53.20832700126197,23.863069181742738,127.07067928574483,78.52889462286775,5.373476154783848,4.42
NSIC Rc 222,Clay Loam,Dry,Direct Seeded,191.62615452584927,29.191643817788894,75.41233338511398,68.86102360791642,3.0699571035581354,5.75
NSIC Rc 222,Sandy Loam,Wet,Transplanted,75.45701245923661,28.68513181467822,369.1776706649388,88.59010448388021,3.381320785125601,5.42
NSIC Rc 222,Silty Clay,Wet,Direct Seeded,51.43372792221029,29.481208001109263,280.85967721500333,75.60908476520488,3.0747007728579714,5.39
Dinorado,Clay,Wet,Direct Seeded,85.56974035749845,23.889285554486946,158.95589689264625,65.47551269537799,2.561486489074407,4.72
Dinorado,Clay Loam,Wet,Transplanted,85.25431806772005,23.575903221564687,205.76348867654758,63.23364785397852,3.309489775125011,4.51
IR64,Silty Clay,Wet,Transplanted,113.30078762685847,24.364839859227544,262.66175772945365,76.24978647496097,2.6394023378867173,4.23
NSIC Rc 160,Silty Clay,Dry,Direct Seeded,188.05847472500554,25.658717031489758,55.02548403581503,71.25715143380788,2.9640553792199,4.34
IR64,Silty Clay,Wet,Transplanted,181.87773766686468,29.936649810358013,324.4313797542334,65.77641293305155,3.588046210202844,4.2
NSIC Rc 160,Clay,Dry,Transplanted,118.53418324736418,29.3792393747885,88.56853650924057,60.920954603573236,2.5621636512068746,4.35
Dinorado,Clay Loam,Dry,Direct Seeded,111.63498574877097,31.25451592278533,46.473247642405006,76.9980024011364,4.75886969779215,4.6
Dinorado,Sandy Loam,Dry,Direct Seeded,133.2513629712277,22.586295590986154,66.16238701465292,77.95800710500986,4.886767041308641,4.23
IR64,Sandy Loam,Wet,Transplanted,86.51810179576486,22.115562810141856,204.9380609481472,64.25407803544405,3.7342414072550887,4.06
NSIC 218,Sandy Loam,Dry,Direct Seeded,57.827748794954424,28.99138829700799,56.564720892485866,78.05214149310913,5.453997938122808,4.92
IR64,Clay Loam,Wet,Transplanted,190.88362042568102,24.792874957941656,394.0643599293553,88.55918264122795,4.536981744423097,4.21
NSIC Rc 160,Sandy Loam,Dry,Transplanted,78.00484773157591,25.340788955338176,122.57974313805043,89.34886829969219,4.731165243942247,4.47
IR64,Clay,Wet,Direct Seeded,79.76010938685747,27.46802025914512,229.63956454702088,86.65478809671015,3.0769012709984,3.86
NSIC Rc 222,Clay Loam,Dry,Direct Seeded,120.86904932809215,23.024131231267987,139.39580170132012,84.21235742507221,5.01231286846514,5.63
NSIC Rc 160,Silty Clay,Wet,Transplanted,123.74200172604961,28.4269441654805,283.1200517151471,66.28103510139994,5.335139194064519,4.86
NSIC Rc 160,Clay,Dry,Transplanted,52.765131455111295,25.251474462311503,116.34010690196766,64.69305547487791,3.2089304997213755,4.24
NSIC 218,Silty Clay,Dry,Transplanted,72.1932108160956,28.327151243009915,71.47170064419768,73.34842806856064,4.55939288315914,5.39
Dinorado,Sandy Loam,Dry,Direct Seeded,106.72322278411126,30.34006913073386,80.60689684953293,78.58895253955657,4.740823145989994,4.86
NSIC Rc 160,Clay,Dry,Transplanted,152.55960402658087,23.711113333374296,27.510317150120997,85.52036052025134,3.415507515428647,4.08
Dinorado,Clay Loam,Wet,Direct Seeded,84.26276852479037,31.308730929145202,154.7415961827603,66.95889123410404,3.9250270077168894,4.19
IR64,Clay,Wet,Transplanted,113.4521669362644,27.306881410624438,371.2226803577011,74.38943701560997,2.7926172807421725,4.33
NSIC Rc 222,Silty Clay,Wet,Direct Seeded,133.60175970747002,31.229277651739686,347.2086633812959,79.42320725870538,3.019284411878524,5.1
NSIC 218,Clay Loam,Dry,Transplanted,183.2888741934938,24.077300822017783,114.5610595588353,73.36781563603257,2.6847115709415843,5.72
Dinorado,Clay,Dry,Direct Seeded,98.9105753490685,28.045626646042376,93.50659511530617,73.62581031237853,4.180496471635881,4.73
NSIC Rc 160,Clay,Dry,Transplanted,70.03373987952253,26.038871173236046,136.34159945924108,66.75351483084837,4.375788691831808,4.97
Dinorado,Clay,Dry,Transplanted,123.39083388464124,29.742221911560133,38.08556010052145,89.59982714733228,5.248358750301199,4.78
NSIC Rc 160,Clay,Dry,Transplanted,162.0082402526093,28.059089432132964,116.3616570705657,74.2557985022233,4.1265544318708045,4.42
Dinorado,Clay Loam,Dry,Transplanted,66.47896355791002,26.945154569583185,105.85403264068655,75.98225836216476,3.2818341124243,4.74
NSIC Rc 160,Silty Clay,Wet,Direct Seeded,113.70252375454406,31.129854064310088,198.86450107389817,66.55677873860488,2.6784206397733565,4.08
IR64,Clay,Wet,Direct Seeded,52.667771189372516,25.7711706417168,383.3091728099607,75.42410154995456,5.15485915825251,4.11
NSIC Rc 160,Clay Loam,Wet,Direct Seeded,55.03387724708767,24.199802048981816,228.95994094935116,67.6604867560292,3.9365742355841604,4.28
NSIC Rc 160,Silty Clay,Wet,Direct Seeded,122.44300448249984,28.081011868520918,323.04657209502926,66.070087541504,4.711965968326964,4.31
NSIC Rc 222,Clay,Wet,Direct Seeded,94.7295947226394,28.240284371728137,354.74407950414997,68.27166752828803,2.5439480457867667,4.86
NSIC Rc 160,Silty Clay,Wet,Transplanted,176.76609485081184,26.390946215718756,335.2286153092952,60.08278945515843,3.964416767993253,4.74
NSIC Rc 222,Silty Clay,Wet,Direct Seeded,140.32314591896812,26.866100436893824,379.3956960074603,77.10453336005051,3.4771678694994956,4.9
NSIC 218,Clay Loam,Wet,Direct Seeded,118.08994426144855,31.595534142999,366.0686900851771,71.6244001656853,2.5909938178414804,4.68
NSIC Rc 222,Silty Clay,Dry,Direct Seeded,111.19030565814445,29.32685691396801,47.2183747333653,86.96067057581791,4.827018421217375,5.35
IR64,Clay Loam,Dry,Direct Seeded,124.5868220284345,23.10601751482577,103.43300953571551,61.22121520837563,4.03870495868084,4.31
NSIC Rc 222,Clay,Dry,Transplanted,56.0658246818992,24.12130070870611,139.41227328073094,61.296009025672504,3.499540728973393,4.86
NSIC 218,Silty Clay,Dry,Transplanted,183.919003463099,31.75576634435559,138.58103827339664,86.57620551937751,4.917395451722198,5.66
IR64,Silty Clay,Dry,Transplanted,199.74547336009374,29.26465553793531,110.74772043225978,63.79933926613024,3.8407703555504993,5.1
Dinorado,Sandy Loam,Dry,Transplanted,77.2230687288048,31.150451261446534,16.730235754768415,60.064803123720054,2.510493869104904,4.2
Dinorado,Clay,Dry,Direct Seeded,68.05744471619296,25.03861463988722,132.1170072248226,65.36741591139041,5.333342896114976,4.88
NSIC Rc 222,Clay,Wet,Direct Seeded,71.53661951728928,29.41866860086592,398.6528785229025,84.71628525292812,3.2670482213871566,5.03
NSIC Rc 222,Sandy Loam,Wet,Transplanted,149.15405873515508,29.140027085235115,195.65285314403638,84.08142248280306,4.9917265661900245,5.7
NSIC 218,Sandy Loam,Dry,Transplanted,149.2161257676162,24.94689985439375,102.0890049806356,70.20396632530353,4.949246152243819,5.68
NSIC 218,Clay Loam,Wet,Direct Seeded,177.18862434176162,27.508163254507053,226.19045030667502,80.04092751779555,2.987121794082194,5.67
NSIC Rc 160,Clay Loam,Wet,Direct Seeded,162.77395826393797,28.274151112702953,309.0564668579075,75.21749122007483,3.92200804364433,4.25
NSIC 218,Silty Clay,Wet,Transplanted,117.45345100540096,26.81131810827465,333.2617964728959,87.14204969537718,2.620596935495479,5.23
NSIC Rc 160,Silty Clay,Wet,Transplanted,141.92830423479782,30.271787066580128,283.6512636389273,61.69270426252267,3.563655018665386,3.73
IR64,Silty Clay,Wet,Transplanted,153.24270055520117,30.328690417979892,168.48209122165372,84.39537386209895,4.69293653010886,4.59
NSIC Rc 222,Silty Clay,Dry,Transplanted,126.91047054278377,30.506005483015567,53.46079544558282,65.1179600828238,3.2112084103310727,5.29
IR64,Clay Loam,Wet,Direct Seeded,121.3476476677455,30.034235690981628,360.3988067000955,71.74862692295278,2.85138379222693,4.2
NSIC 218,Clay,Dry,Direct Seeded,146.76461684639798,26.880834771971447,36.215050638797905,65.75871454304297,4.021370652805027,5.17
IR64,Silty Clay,Dry,Direct Seeded,133.62118234634806,25.814382981490073,26.268540819624395,81.07843228782417,4.110959153120897,4.12
IR64,Clay,Dry,Transplanted,146.59134580038653,30.313762837143706,17.033165896086537,80.34978539259774,4.527486793963474,4.28
IR64,Silty Clay,Wet,Direct Seeded,141.9282160945046,26.902014585562668,390.218589005318,76.4369280509708,4.777413240407772,4.23
NSIC 218,Sandy Loam,Dry,Direct Seeded,157.8794840770482,24.463713986279817,115.57445471310591,80.94489110410966,4.587428593793966,5.58
IR64,Silty Clay,Dry,Transplanted,146.4205263174314,27.073435323222164,43.01801985205854,79.18694341814022,5.036236624884552,4.21
NSIC Rc 160,Silty Clay,Dry,Transplanted,127.96137296559009,23.418498219192422,13.39541104605571,83.29326167052804,3.1687193928461195,4.39
NSIC 218,Silty Clay,Dry,Transplanted,152.26952169265797,28.91629490598799,65.6178912578785,67.18219953871646,4.209300238649488,5.5
IR64,Clay Loam,Wet,Transplanted,117.4222947778142,25.359212816239065,251.37921095659868,72.86737844822161,3.5802860722639753,4.79
NSIC 218,Sandy Loam,Dry,Transplanted,86.25068389589015,24.606587984474544,77.56499128292745,64.54879588062686,5.3863370710049265,4.67
Dinorado,Silty Clay,Dry,Transplanted,50.21273302008732,31.56508746234745,33.692232326017766,72.88780692660582,3.8208385702444714,3.54
NSIC Rc 160,Silty Clay,Dry,Direct Seeded,133.99462207187648,29.768809957583077,16.166767062756968,81.05075254261024,5.37914179940067,4.26
IR64,Clay,Dry,Direct Seeded,138.59828399129617,29.870695027239314,36.47756763372964,80.74173482353055,4.8071969621773185,4.31
Dinorado,Sandy Loam,Wet,Direct Seeded,195.80734471635716,28.237219692791832,206.20312042471153,81.28280709884828,4.655391586206097,5.09
Dinorado,Silty Clay,Dry,Direct Seeded,104.22175011414133,30.39172810510297,105.07438665712041,69.2630258593307,3.9746911357654806,4.58
NSIC 218,Clay,Dry,Direct Seeded,109.11998642424676,29.591624811633814,21.514114815168895,79.86641921372771,3.8301344027668063,5.16
Dinorado,Clay,Dry,Direct Seeded,80.26993720132853,27.987737041336167,87.70518427797913,71.02398958766814,4.07964456255522,4.65
NSIC Rc 160,Clay Loam,Dry,Transplanted,60.58014428559829,31.611244018517173,30.497678307143335,88.33476138315149,3.3808991887808597,3.85
NSIC Rc 160,Clay,Dry,Transplanted,165.92067392926108,23.91594949684423,37.39648430125871,70.30099097641016,5.213529819515401,4.67
NSIC Rc 222,Silty Clay,Dry,Transplanted,87.45215965089875,31.433797189947512,65.03090365733782,78.09054702133164,4.8829919657961,5.28
NSIC Rc 160,Clay Loam,Wet,Direct Seeded,141.33572915450569,26.014381619988647,154.82843874052188,82.50437142576529,4.904187562975132,4.72
Dinorado,Clay Loam,Dry,Direct Seeded,153.16595533182223,27.283989834014868,24.115547047522387,87.19222287079023,3.799460786348308,4.45
NSIC Rc 160,Silty Clay,Wet,Transplanted,120.68550309374716,23.22739319544309,209.32475902339633,73.13785810361733,2.7132668447326513,4.15
NSIC 218,Sandy Loam,Wet,Transplanted,181.45281695407874,27.40107438921791,324.97969370960556,70.81455324624804,4.549231953778836,5.91
NSIC Rc 222,Clay,Dry,Transplanted,116.56922614695931,28.112067518581934,34.2484903895098,72.90084525949767,3.6232407519142353,5.44
Dinorado,Clay Loam,Wet,Transplanted,92.73629345626478,31.97701541808524,377.8973469181826,69.71089054649343,5.111290937352476,4.29
NSIC Rc 222,Sandy Loam,Dry,Transplanted,184.40232844424335,31.751924110715265,58.85333760318958,79.61773470201942,4.8410153153495905,5.87
Dinorado,Silty Clay,Wet,Direct Seeded,179.23464263749347,31.66397291874287,173.37826660794144,87.98150292025753,2.9359844259692682,4.72
NSIC 218,Clay,Dry,Direct Seeded,74.60599206146195,25.483880601020573,56.15366076977136,63.782130194681,4.305147191615543,4.94
NSIC Rc 222,Clay,Wet,Direct Seeded,53.89415275308814,31.912664987450434,288.31479679048243,76.82766194310472,4.576641777781553,5.05
IR64,Clay Loam,Wet,Transplanted,63.4978334524431,26.55478151595111,323.8828121279581,86.92946176080993,4.204412739473084,4.39
Dinorado,Clay,Dry,Direct Seeded,92.98210978307256,30.518362587619006,114.89800799460247,63.003436339680526,4.042126528465784,4.63
IR64,Clay,Wet,Transplanted,195.8389702612566,24.16319969018972,219.09520527656716,74.81596232298843,3.183589225017824,4.72
NSIC Rc 222,Clay,Wet,Direct Seeded,133.77742297412374,27.058331796566023,292.4742597925755,85.95688787581338,3.207720533263553,5.3
IR64,Clay,Wet,Transplanted,105.98925980439031,31.660120961276053,328.8121065014432,87.01356635136247,4.804024415927664,4.12
IR64,Silty Clay,Wet,Transplanted,183.30741419191196,31.470313969234276,359.42981078384423,75.4305648345875,2.5560693566906716,4.03
NSIC Rc 222,Sandy Loam,Wet,Direct Seeded,117.97044972177494,28.837348778214267,263.12496270499526,60.74855653403152,4.836730188116729,5.41
NSIC 218,Silty Clay,Dry,Direct Seeded,97.28579426015317,29.978143225530598,20.469522717699412,63.16917535283465,4.080396209617417,5.0
IR64,Silty Clay,Wet,Direct Seeded,191.1829293118486,23.764266966024014,336.96430472974015,77.60150235723701,5.308667957154508,4.66
IR64,Clay Loam,Wet,Direct Seeded,177.4276499289017,29.216585494841574,225.44574293496242,63.71575819399035,5.491964643168769,4.99
NSIC 218,Clay,Dry,Direct Seeded,176.55025631291613,28.180508083353722,130.4631029932881,64.48253330733812,4.4904536953268845,5.37
IR64,Silty Clay,Dry,Transplanted,126.84271145753196,22.91551735751246,124.27250390352368,83.16351293346341,3.7367715832604107,4.31
IR64,Clay,Dry,Direct Seeded,168.41575982231825,23.131590065896763,117.23882955687138,82.520761757265,3.9252577256820835,4.26
IR64,Silty Clay,Wet,Direct Seeded,76.90300388968278,23.084436177512618,203.26168669303965,85.28318278276416,3.112646282954523,4.0
NSIC Rc 160,Silty Clay,Wet,Transplanted,135.98344363343654,29.243569348298358,196.82843652266686,63.17205409518317,2.7977029719744433,4.59
NSIC 218,Clay Loam,Wet,Direct Seeded,197.57688842713185,23.417152082475724,239.71818295643155,65.94434643290452,4.236290179906405,5.56
IR64,Sandy Loam,Wet,Transplanted,93.64376457769424,26.677322711144704,158.96992044721225,84.98884289575952,4.916485293899802,4.62
NSIC 218,Sandy Loam,Dry,Direct Seeded,169.15284938715126,25.569818058777578,53.31213074483855,81.63262826093376,3.28529955318764,5.5
Dinorado,Silty Clay,Dry,Direct Seeded,123.57176108121008,27.50504140770218,125.20344997571026,84.17868383484121,3.7589584307360493,4.53
Dinorado,Clay Loam,Wet,Transplanted,55.9708524833131,29.06476487219403,220.74795941631243,89.69237024723766,4.164320985330942,4.68
IR64,Clay,Wet,Direct Seeded,164.45290967235013,28.84722537221332,313.055706110807,85.93294818467106,5.223693459910171,4.81
NSIC 218,Clay,Wet,Direct Seeded,75.28537165881691,27.155199159143766,311.9797617900342,75.6138975254928,2.915893682986168,4.76
NSIC 218,Silty Clay,Wet,Direct Seeded,144.72103506991252,26.643348736103853,168.38845162287282,69.32304554391771,3.2106495061889877,5.26
NSIC 218,Sandy Loam,Dry,Direct Seeded,62.849629107045935,25.978155951222586,35.59229124049931,77.09029759724103,5.255591355357354,5.25
NSIC Rc 160,Clay Loam,Dry,Transplanted,192.03010962439473,30.619099483043794,27.417288819703952,79.15759650703357,2.6186067794640753,3.98
Dinorado,Sandy Loam,Wet,Transplanted,93.75858307705414,25.308518048726448,221.85390427015503,70.05936423778863,4.468346902179576,5.08
NSIC 218,Clay,Dry,Direct Seeded,83.96970375160925,24.59365821167495,16.29388668852823,83.12811112454035,4.418577649653855,4.78
NSIC 218,Sandy Loam,Wet,Direct Seeded,69.37046060995014,29.43315493655271,292.38941616948046,62.7826137797366,3.6497633008976917,4.99
NSIC Rc 160,Clay,Wet,Transplanted,191.90032900085717,25.597634616967266,229.6380343757757,83.3817855204513,3.9044940370213546,4.65
NSIC Rc 160,Clay Loam,Dry,Transplanted,156.7855613661958,30.469985997572685,141.5034508207806,60.959955560458454,5.064753854441683,5.09
NSIC 218,Clay Loam,Wet,Direct Seeded,161.2491333077133,25.27888718637145,254.49700604721838,74.9389818216447,2.9949461900403374,5.05
NSIC Rc 222,Silty Clay,Dry,Transplanted,124.91068420703668,29.01944824574588,53.121525678738315,85.84309390449799,3.194702434836781,5.69
NSIC 218,Silty Clay,Wet,Transplanted,121.20916779057251,22.45109006285336,328.20268927894097,62.594858220641925,4.037051234319671,4.86
NSIC 218,Sandy Loam,Dry,Transplanted,66.5031864487215,25.8556288011032,138.46650322490683,75.5321680948251,3.7292362690000904,5.7
NSIC Rc 160,Clay Loam,Wet,Transplanted,133.97616433759876,25.432301749675513,152.3167073641575,64.78174316883948,4.22311749263555,4.73
NSIC Rc 160,Clay Loam,Dry,Direct Seeded,87.03747426631857,30.166787392759232,48.16589861270616,86.84447250182805,5.262517558281387,4.66
NSIC 218,Silty Clay,Wet,Transplanted,196.57179992006087,31.6705540322831,219.09838602210763,84.9703658110089,5.25130605321351,5.65
NSIC 218,Clay,Wet,Direct Seeded,169.4871410022721,26.608812766929614,185.59306094625418,88.01751729880463,3.1900550191449755,5.46
NSIC 218,Sandy Loam,Dry,Direct Seeded,111.94880902893314,30.24836277153758,137.05923430708893,86.24947024590281,3.4064338385465214,5.32
NSIC Rc 160,Sandy Loam,Wet,Transplanted,72.70118880372996,28.996947009573653,181.90229569112293,82.09659929597971,2.9862060438910896,3.93
NSIC 218,Silty Clay,Dry,Direct Seeded,167.7997536708176,31.673859876636932,136.55006739845237,65.54667586765508,5.283371114391779,5.28
NSIC 218,Clay Loam,Dry,Direct Seeded,68.3080650621974,30.111085143428248,139.3146463014998,69.07507847006703,3.6935923905945858,5.07
IR64,Silty Clay,Wet,Transplanted,78.40006302456058,22.774780659637305,389.76005411181177,74.90565474924023,3.8491154346510315,3.59
NSIC Rc 222,Silty Clay,Wet,Transplanted,81.72807766163412,29.13281722382236,244.14008289060445,77.6669034454417,4.907922342332379,5.91
Dinorado,Silty Clay,Wet,Transplanted,133.53359574096416,27.354997154223735,281.77214622740996,83.4655018593963,4.038920418430876,5.07
NSIC Rc 222,Silty Clay,Wet,Direct Seeded,168.05849809855494,22.164360579323272,333.45547176740814,66.80878884561183,2.8592664466645363,4.86
IR64,Clay,Dry,Direct Seeded,97.14723180870382,24.513129587254436,79.46148149978713,63.8483218244089,3.81354612832809,4.22
Dinorado,Clay,Wet,Direct Seeded,62.70047214129341,31.21755245026893,161.86186871501255,74.47830511780909,4.391572129835895,4.04
NSIC 218,Clay Loam,Wet,Direct Seeded,119.68076952866288,31.26061372786753,210.25565963942458,64.73524232618762,4.6576272632711095,5.5
IR64,Silty Clay,Wet,Transplanted,162.21653617399033,29.988504602006344,358.0369468359281,80.81210406988717,4.4360555583486825,4.48
NSIC 218,Clay,Dry,Direct Seeded,83.24957646310824,31.817796032779896,131.23248015184487,77.26892670275151,2.8575421576970896,4.58
NSIC Rc 160,Clay Loam,Wet,Transplanted,82.98868220590613,30.06545224624205,365.4976532944703,82.23323391056654,3.413033575485455,3.78
IR64,Silty Clay,Dry,Transplanted,192.08405410200663,22.102041872852453,143.10722546342484,61.903096789653254,4.700693934889646,4.74
NSIC Rc 160,Sandy Loam,Wet,Transplanted,193.12305906787668,24.87834340301512,243.2377301602005,88.94092681332612,5.140570583008224,4.83
IR64,Clay,Dry,Transplanted,198.56985980923645,22.30624182237763,55.44637186560513,60.00016610027214,2.6415592451867793,4.51
IR64,Clay Loam,Wet,Direct Seeded,171.14894023621702,22.941079687375595,243.71539991294208,69.76327245040605,2.6266873242099313,4.48
NSIC Rc 160,Sandy Loam,Wet,Transplanted,78.22762537519183,24.18840816950776,339.22421927722047,80.3890438009872,4.430213588017187,4.63
Dinorado,Silty Clay,Dry,Direct Seeded,81.79722811988921,27.035585463255224,68.64241679555771,61.354262215863564,4.144138462489843,4.63
NSIC Rc 222,Silty Clay,Wet,Transplanted,101.03378622835879,30.475320034620175,223.76755668746728,62.50048744072821,2.966017151553142,5.4
NSIC 218,Silty Clay,Wet,Transplanted,97.71987970002363,30.61966756157108,179.2735202849995,62.30044311684661,4.144874745090881,5.28
IR64,Clay,Wet,Transplanted,193.47916236170136,28.162018585572966,214.38386256014587,77.44529180162938,5.423462030502552,5.05
NSIC 218,Clay Loam,Dry,Direct Seeded,168.36109743225404,31.28175939066235,110.69362622700416,86.87775945115615,4.392700661189875,5.38
NSIC Rc 160,Sandy Loam,Wet,Transplanted,158.6013188242331,27.00062326590208,246.83618290894373,76.66310933136786,3.847423468149156,4.98
NSIC 218,Clay Loam,Dry,Transplanted,77.89448360871977,30.890360441332014,52.05037504126212,78.10714056839015,4.982597463818726,5.45
NSIC Rc 160,Clay,Dry,Transplanted,186.42883390434943,26.540652563320123,115.53330324777225,70.38004953623968,3.138467456956455,4.79
NSIC 218,Clay Loam,Dry,Transplanted,174.18055692592606,24.772250074218825,20.34490032989475,60.56223475966597,3.7429792924807397,5.07
NSIC Rc 222,Clay,Wet,Direct Seeded,74.54627619918855,31.164129181004277,163.05117739877457,60.64844153253649,4.083303675432543,5.16
NSIC Rc 222,Silty Clay,Dry,Direct Seeded,180.67554979414587,25.879350756788693,83.2897738003959,86.64929899442734,4.013619676152267,6.18
NSIC Rc 222,Sandy Loam,Dry,Transplanted,90.8371304555707,27.034041088444617,27.123887771724327,63.0771731615894,5.2629174076334575,5.36
NSIC Rc 222,Silty Clay,Wet,Transplanted,62.13046187481591,25.288606325306773,269.67006355004366,89.99368115437787,3.3780043217400273,5.63
NSIC Rc 222,Clay Loam,Dry,Direct Seeded,148.5233459771315,28.6283760029073,51.0652867011347,64.93267834533835,2.6695111621888588,5.27
NSIC Rc 222,Silty Clay,Dry,Direct Seeded,148.07069890764961,31.950312250060357,46.20755494810608,80.23903331865569,5.249131613541226,5.24
NSIC Rc 160,Sandy Loam,Wet,Direct Seeded,64.23980143484272,22.255135488647696,335.0018781931946,88.46866416542717,3.151202971415028,3.72
IR64,Silty Clay,Wet,Transplanted,97.82777134048736,30.998480060071014,278.43628612011537,70.86867832926079,3.637083921930122,4.53
NSIC 218,Sandy Loam,Dry,Direct Seeded,198.9221693383308,22.039260569892654,127.45049029877325,82.03299566243967,4.092674873554231,5.42
NSIC Rc 222,Sandy Loam,Wet,Transplanted,151.76400005131052,25.642278811462113,167.97383512862675,70.52569930327006,5.4276414116446405,6.14
NSIC Rc 160,Silty Clay,Wet,Direct Seeded,159.51127499049937,23.686068062895142,260.03740783648965,69.14823170284336,4.105805324885795,4.13
NSIC Rc 160,Clay,Wet,Direct Seeded,81.93759284064585,29.573417806725512,327.2261520107082,66.05412247726316,3.843229919645437,3.98
NSIC Rc 160,Clay Loam,Dry,Transplanted,61.817310650587146,22.506108407571734,37.092415756867645,84.62804720696593,4.250915438552941,3.65
IR64,Clay,Dry,Direct Seeded,91.53525346114066,27.53484953584328,123.18270882227665,67.72161190827444,5.412424479751413,4.36
NSIC 218,Clay,Wet,Transplanted,87.3347577789788,24.949261338453127,164.52416349754748,68.49474488717573,4.953833796269321,5.5
IR64,Silty Clay,Dry,Direct Seeded,85.18161511220796,23.33670248864702,121.15444842710907,89.96909226596333,3.006904408935766,3.23
Dinorado,Clay Loam,Wet,Transplanted,78.91314828305593,29.71818212102641,164.96179743172212,69.8193130633596,4.909780044712627,5.2
NSIC Rc 160,Clay Loam,Wet,Direct Seeded,136.21335359831065,24.174168342552566,242.65035079524569,72.68323466496147,5.023297179411665,4.28
Dinorado,Clay,Wet,Direct Seeded,99.21552137627327,24.23675212054939,198.74099103092726,89.70166373324504,4.572082311875398,4.67
NSIC Rc 222,Silty Clay,Wet,Transplanted,173.05175225712958,24.75076785137923,383.69519782710506,71.0790103625228,4.471700377501793,5.94
NSIC Rc 222,Clay Loam,Wet,Transplanted,77.5921126771076,27.867667638280274,295.3359009349358,70.98456021707601,3.822631002543413,5.94
IR64,Clay,Dry,Transplanted,119.69406063028167,28.596659316907484,79.84362777801219,84.8314339864158,4.425086161358362,4.24
NSIC 218,Clay Loam,Dry,Transplanted,52.048675463912,22.176025237013448,42.738055783458144,69.35791105463076,4.712724916456773,4.27
Dinorado,Silty Clay,Dry,Direct Seeded,122.2523483682788,24.418696361137904,41.76548759387118,67.01358310927222,2.8684607442228973,4.55
NSIC 218,Silty Clay,Dry,Direct Seeded,58.37573313147116,26.30970842505283,75.0894505962187,72.69630765525967,3.271989880550307,4.58
IR64,Silty Clay,Wet,Direct Seeded,196.65852678089655,25.31976952161233,221.83134985147404,81.01922401728578,3.082245636898882,4.65
NSIC Rc 222,Clay Loam,Wet,Direct Seeded,168.58881929756194,30.84170658510886,326.1941822787377,61.29729074937796,5.023635510718043,5.78
NSIC 218,Sandy Loam,Dry,Direct Seeded,123.5167214954683,29.877087308864187,11.233261035092283,71.217480816557,4.540007774595303,4.2
NSIC 218,Clay Loam,Dry,Direct Seeded,62.98810372690254,28.258902155388277,84.38910564559126,70.38734705837521,3.8523356187255295,4.58
NSIC Rc 222,Sandy Loam,Wet,Transplanted,138.86681611856216,25.380424159970396,243.73226283983223,67.34455041786097,4.978167251465404,5.92
Dinorado,Silty Clay,Wet,Direct Seeded,163.81456260528162,29.0067234484616,183.02891109475252,79.62862007713035,4.650344019977532,4.4
NSIC Rc 222,Clay,Wet,Direct Seeded,78.60758795071179,30.436380128457944,209.3080574608951,68.69970241241032,5.24077924463589,5.23
NSIC 218,Sandy Loam,Dry,Transplanted,135.23125111812362,27.948303773589867,143.38913360738775,78.20194677024008,2.7304209882937474,5.44
Dinorado,Silty Clay,Wet,Direct Seeded,172.1316347574302,29.844614668933794,310.68682111484395,75.13010524363881,4.027472144623706,4.71
Dinorado,Silty Clay,Wet,Direct Seeded,165.23716664694746,29.49104961399748,162.96902649924792,66.51569612477695,4.620243710728765,5.04
NSIC Rc 222,Sandy Loam,Dry,Direct Seeded,170.44880268007293,27.717373111603223,31.658963460763513,67.99698171126545,3.1224795604145372,5.63
NSIC 218,Clay,Dry,Transplanted,181.89851373045798,25.12183216821511,90.26838700658448,65.11800159919692,3.481378695914092,5.13
IR64,Silty Clay,Dry,Transplanted,190.65231532392053,29.45782158001272,144.64901641022396,61.69887644552873,3.75692875395948,4.39
NSIC 218,Sandy Loam,Wet,Direct Seeded,110.8281732805304,24.067963663576066,218.17226001201593,78.57565389314735,4.882976854811767,5.54
NSIC Rc 160,Clay,Wet,Transplanted,135.31536537843158,29.794883464715337,202.07786941054366,80.18366081743002,3.9807286031715856,5.06
IR64,Clay,Dry,Direct Seeded,168.59892890684162,30.04546692142533,130.47309952882404,64.9799998082601,3.978610098543368,4.12
Dinorado,Silty Clay,Wet,Direct Seeded,154.57097209186747,30.22144879570373,200.283777669133,78.46177154058219,3.792662855656436,4.88
IR64,Clay Loam,Wet,Direct Seeded,199.32803423965683,26.729159709784575,320.6906029939928,89.46254220172735,3.185767267888946,4.72
Dinorado,Clay Loam,Wet,Transplanted,52.05164766569662,23.924807677704216,356.45422918859117,62.23206284813466,5.269214606838294,4.58
Dinorado,Silty Clay,Dry,Direct Seeded,103.2699822973686,22.99723600066069,129.05321629338764,74.71112617496591,3.453403361970026,4.28
IR64,Clay,Dry,Direct Seeded,92.15418894053036,29.433612504879243,125.05899025546647,81.99114640931562,4.202396982309702,3.95
Dinorado,Silty Clay,Wet,Direct Seeded,89.3473775248302,30.86261384529813,328.9666520160647,61.380275934891806,2.9463392065669196,4.6
Dinorado,Sandy Loam,Wet,Direct Seeded,83.37946737483287,28.508383588369067,311.43195395012805,83.34820481992847,3.8027301762971417,4.43
NSIC Rc 160,Clay Loam,Wet,Direct Seeded,156.36857612228437,23.441600603883696,379.112942954466,89.38533711278657,5.211410548507653,4.46
NSIC 218,Sandy Loam,Wet,Transplanted,62.71392099129828,31.348964485175742,164.5980951060742,62.654635905982595,5.486395715531776,5.38
NSIC 218,Silty Clay,Dry,Direct Seeded,161.24132509150076,31.891020145393195,53.26330484786599,84.66689716397777,3.585255570200401,4.78
NSIC Rc 160,Silty Clay,Dry,Transplanted,154.01387630244102,26.33378609934922,134.68635637735372,71.35744633536282,2.9619716389430066,4.67
IR64,Clay,Wet,Direct Seeded,87.62061987513445,27.948252892737713,191.8707714940602,64.32348607302035,3.443354580191185,4.15
NSIC Rc 222,Clay,Wet,Transplanted,87.92506747477418,29.772285200016576,253.60171391763305,74.79579627589044,3.481725305161058,5.42
NSIC Rc 222,Clay,Dry,Direct Seeded,144.3290878016753,29.363897900500447,141.78764917264394,62.14556207343647,4.433526382846953,5.79
NSIC Rc 222,Sandy Loam,Wet,Direct Seeded,164.32566582255168,31.677871919334493,243.11291087596692,75.66304224501553,3.9884701734836807,5.32
NSIC Rc 160,Clay,Dry,Transplanted,181.47284196310483,23.14883091078789,79.41093926186551,60.58070364012149,4.805379184796891,4.37
NSIC Rc 160,Silty Clay,Wet,Transplanted,177.82093457817138,27.807248661428055,254.5129007407556,81.8583432501819,4.603909853492444,5.14
Dinorado,Clay,Dry,Direct Seeded,194.73244912457798,28.919314196730923,59.639946616324224,74.63909057434766,3.253926171775739,4.58
NSIC Rc 222,Clay Loam,Wet,Transplanted,137.20773430047666,30.9009842418767,201.61372626067651,73.76818982805541,4.852767069657334,5.87
IR64,Clay,Wet,Transplanted,186.29833420105393,30.741096277181505,187.37582889505708,65.88574481226252,5.042385600744447,4.37
IR64,Sandy Loam,Dry,Direct Seeded,171.27699098906163,31.779997935612897,67.99206218481986,70.83789467384297,4.295170569262005,4.38
NSIC Rc 222,Clay Loam,Dry,Direct Seeded,184.20014364710204,27.120784539376793,56.78890185637718,65.45608297265,5.2830031277457286,6.17
NSIC Rc 222,Clay Loam,Wet,Direct Seeded,51.74399019280499,30.307608668132268,277.298311864482,82.06170301607219,4.84884436820365,5.48
NSIC Rc 222,Clay Loam,Wet,Direct Seeded,194.88544877987164,26.272817081273278,382.0131310171984,65.97075898299082,4.286187720619597,5.9
NSIC Rc 160,Sandy Loam,Dry,Direct Seeded,121.02952442697175,26.223138778560322,39.738581883435614,78.50259981155145,5.218497991939991,4.06
NSIC Rc 160,Silty Clay,Dry,Transplanted,169.72744843622644,24.53348364472859,96.58278583540452,68.38822503203257,4.3010754407216165,4.77
NSIC Rc 160,Clay,Wet,Direct Seeded,69.08061790066714,30.182372870192296,247.99236558747924,79.70946587769981,4.06357338201202,3.94
NSIC 218,Clay Loam,Wet,Transplanted,109.39116437209611,31.858151058135157,160.838303529882,76.21364876764027,3.568775021233308,4.96
IR64,Clay Loam,Dry,Direct Seeded,90.71909945314863,24.563417283472578,88.76356407434521,72.70315894958159,5.148589991783336,4.33
IR64,Clay Loam,Dry,Direct Seeded,93.74881557514055,22.561315880210724,74.76190994549859,80.19002500231414,2.868181512618465,4.1
Dinorado,Silty Clay,Dry,Transplanted,68.48834299263225,30.155424374190073,23.41835413587645,72.47166214824688,3.920508142652369,4.7
NSIC Rc 160,Silty Clay,Dry,Direct Seeded,170.86457488145106,28.20230052534756,121.56501505883998,84.64111807725098,4.112239995625066,4.79
NSIC 218,Sandy Loam,Dry,Transplanted,51.386347187161725,31.596988005510042,34.49069878511049,81.88795374705798,4.164247320309331,4.76
NSIC 218,Silty Clay,Wet,Transplanted,96.87581854778037,24.522392190769523,326.54183572238117,76.21916983539244,4.45566949145573,5.23
IR64,Clay,Wet,Transplanted,76.16158148246225,22.71027658001281,222.77622638179372,86.31182047757991,4.017386872761447,3.95
NSIC Rc 160,Sandy Loam,Dry,Direct Seeded,138.35584109125108,26.924422608665015,26.03868607544674,84.86585464404166,3.2704544429197813,4.18
Dinorado,Sandy Loam,Wet,Direct Seeded,88.13786039218158,22.854660229651476,211.27375182622302,75.95518183861498,5.070833188418499,4.83
NSIC Rc 160,Clay,Wet,Direct Seeded,88.84976817921495,24.617900011027075,231.06450017449052,62.05343081102392,4.4725759835065855,4.79
NSIC Rc 222,Clay,Dry,Direct Seeded,123.2507215992978,23.259778608191684,97.22999536761264,76.97989056597731,5.074563441130918,5.31
NSIC Rc 160,Clay,Wet,Direct Seeded,147.90335590113887,24.241321796600786,330.95388097696906,70.65770968680857,3.32813047294113,3.68
NSIC Rc 222,Sandy Loam,Wet,Direct Seeded,68.19570568477454,23.061446528213917,354.70484671757606,76.20338828411202,4.411170684708465,4.92
NSIC Rc 222,Sandy Loam,Wet,Transplanted,76.32671786982442,31.539059994272854,297.0140168347409,79.41391381492781,4.642521235229186,5.61
Dinorado,Sandy Loam,Dry,Direct Seeded,87.07621168917764,24.785627134497354,65.81021057328124,79.34515724551919,3.6502154811035155,4.81
IR64,Clay,Dry,Direct Seeded,196.06223211769407,26.438975859925655,18.373186549326128,80.20572130554004,4.936732354620704,4.92
NSIC Rc 160,Clay,Wet,Direct Seeded,109.57287499143806,30.986118076342223,230.6196884298879,80.37805875135044,2.50752632452689,4.32
NSIC Rc 222,Clay Loam,Wet,Direct Seeded,139.84851359465398,28.773215879614742,227.61955827931956,63.27844256140513,4.284759250642665,5.59
NSIC Rc 160,Silty Clay,Wet,Transplanted,86.23142190739668,28.180374805617745,181.07708747636576,65.7513699137188,4.340705411056391,4.43
IR64,Clay Loam,Wet,Transplanted,123.56892877362318,29.055631903608372,383.32526205879867,78.91623013627053,4.101529279115907,3.94
IR64,Clay,Wet,Transplanted,61.117876157893704,30.28822257105382,309.53484974220487,72.2451716619311,4.390145460758348,3.91
NSIC 218,Sandy Loam,Wet,Transplanted,55.21132188834904,30.77669267851761,156.743654963966,82.8855493591729,3.0016805710698105,5.15
IR64,Clay,Dry,Transplanted,120.31002902321903,28.426396706650266,59.77956969454815,63.74727846788497,4.554344445407127,4.84
Dinorado,Silty Clay,Wet,Direct Seeded,109.7988931277618,30.900072746940577,315.59177379667017,65.74568983261618,3.5073668885099956,4.39
NSIC Rc 222,Clay Loam,Wet,Transplanted,70.53204795377415,27.35397527425477,261.78835604837695,76.75393927309419,3.8561612277277533,5.63
NSIC 218,Clay Loam,Dry,Transplanted,153.14021433811007,24.772908562684236,118.04924931989478,75.02244057803696,3.499328091988806,5.23
Dinorado,Sandy Loam,Wet,Direct Seeded,198.93552363488968,30.800767088838445,393.13949076172986,67.9919146193007,3.921808610498456,4.53
NSIC Rc 160,Clay Loam,Wet,Direct Seeded,109.34702317950686,27.414728274130873,354.76720620160177,72.25029730515476,4.364707679535243,4.39
NSIC Rc 222,Clay Loam,Wet,Transplanted,143.68379538760917,31.061375875672343,192.82893845819956,61.04943834169959,5.015030412686653,5.62
IR64,Clay,Wet,Direct Seeded,194.44639135467284,22.40167813950581,330.0277797187166,61.11114323983122,3.950305172920663,4.45
NSIC Rc 222,Clay Loam,Dry,Direct Seeded,174.73024586703127,25.975157515412356,96.13488873039366,62.84781008474615,3.46967148281081,5.63
NSIC Rc 160,Clay Loam,Wet,Transplanted,119.53283349540287,31.47805018362468,271.39150095881587,77.30377359601681,3.963825636776153,4.58
NSIC 218,Clay Loam,Dry,Direct Seeded,160.6234226689879,24.49650092758303,60.790043218179555,85.91149243839462,4.566410992211546,5.35
NSIC 218,Sandy Loam,Wet,Transplanted,69.22025603757861,31.415362460384927,196.76129091748203,67.80669867778725,3.540102150177387,5.16
NSIC 218,Sandy Loam,Wet,Transplanted,126.81557831956988,31.539024611292497,324.6849768324872,61.018194891702606,3.7428462241702185,4.93
IR64,Clay,Dry,Direct Seeded,91.85904157699048,30.82142314225861,36.852670828842335,81.25881306156937,4.18851945102621,3.74
Dinorado,Clay Loam,Wet,Transplanted,74.17455318442416,27.636680450932985,286.84689467356134,85.66056717015199,3.38202779148205,4.83
Dinorado,Sandy Loam,Dry,Transplanted,113.94213593818023,28.469394490806387,98.45138691266826,64.14518355789305,3.127253978633325,4.62
NSIC Rc 222,Sandy Loam,Dry,Direct Seeded,69.65218316504216,30.69616998449869,134.25774213248974,71.572430878212,2.921176851589786,4.75
IR64,Clay,Dry,Direct Seeded,154.84776622617284,29.758970823891843,100.47818052222793,64.76210521770614,3.557829949378223,4.23
NSIC 218,Silty Clay,Wet,Direct Seeded,118.43600660800033,28.300938494554117,157.59346969289263,63.190722918280954,2.6450287193141713,5.26
NSIC 218,Clay Loam,Wet,Direct Seeded,129.67169488469958,31.822594078707027,311.64698763220645,79.44505615423124,4.250447580128505,5.39
NSIC Rc 160,Sandy Loam,Wet,Transplanted,71.95639080022355,28.85676636333694,308.7467724656102,89.02609428534394,3.0277280979925734,4.41
NSIC Rc 160,Clay,Wet,Direct Seeded,70.96574916402417,31.754819924477612,186.02129026286565,80.34496876862286,3.6321843769901285,3.96
NSIC 218,Clay,Dry,Direct Seeded,137.5123152890186,22.573884746070906,123.80653965103139,89.54443988422855,3.307668446195118,4.87
NSIC 218,Clay,Wet,Transplanted,197.75146217441693,23.389603707422125,237.24693174917323,73.03185828210874,4.391169899025249,5.71
IR64,Sandy Loam,Wet,Transplanted,64.43758748565884,26.514588460004905,296.47474268776,86.9360936648208,5.051036984400599,4.29
Dinorado,Clay Loam,Dry,Transplanted,92.85971428486718,25.84879460884315,83.01389739761194,66.15252673998914,4.399903128965035,4.92
NSIC Rc 160,Silty Clay,Dry,Transplanted,180.41886748068313,29.827348413570277,110.51595494374403,63.53713101032379,4.127514786020182,4.99
Dinorado,Clay Loam,Wet,Direct Seeded,60.84080183828554,23.606140264692037,184.69575352668247,81.0756015273731,4.507251217966126,4.81
IR64,Clay,Dry,Direct Seeded,181.3828582050427,31.760951791114884,135.47174832896934,71.14224992587907,2.5899719132805994,3.98
NSIC 218,Clay,Dry,Transplanted,128.64289750621268,25.15065875260914,118.24505695621171,69.53062808241305,2.868533982886359,5.17
Dinorado,Silty Clay,Dry,Transplanted,111.24001608896387,26.289237077401594,137.3795534757404,80.13841733992975,2.7847817079131327,4.65
NSIC 218,Clay Loam,Dry,Transplanted,96.45208465271838,24.74745032440023,70.35954429624837,70.00452125308465,2.794591497246352,4.57
NSIC 218,Clay,Dry,Transplanted,94.5675737191763,27.793636173265472,136.5908357177879,77.17674516745564,3.281451145589644,5.04
NSIC Rc 222,Clay,Wet,Direct Seeded,95.87038736742181,22.586287004225838,363.18084445868914,68.98365318783912,4.096156781149616,5.07
Dinorado,Clay Loam,Wet,Transplanted,182.72046214402937,23.49677505570449,156.87151157192594,83.51272764633754,2.8440447359702414,4.99
Dinorado,Clay,Wet,Direct Seeded,158.5692845262178,29.45797703418724,175.70935374233875,69.37165021485946,5.305348723568168,5.18
NSIC 218,Clay Loam,Wet,Transplanted,150.45845117467258,23.865005834048038,179.026729963721,76.04982433488661,5.062770407963246,5.57
IR64,Clay,Wet,Direct Seeded,169.81237234280013,24.35514451556663,282.0267814937638,60.69528251091035,5.414933061498946,4.47
NSIC Rc 222,Clay Loam,Wet,Direct Seeded,88.56719945062176,29.929822357248376,305.02850304215633,83.75192350075179,2.6275001352654717,5.03
NSIC 218,Silty Clay,Wet,Direct Seeded,142.70642181226336,22.933011783572535,250.93519912537164,78.61013324465928,5.054207341267949,5.29
NSIC Rc 160,Clay,Dry,Direct Seeded,119.00993584369265,26.37473822770841,97.01941282743906,65.76711200978687,4.911202226324468,4.69
NSIC Rc 160,Silty Clay,Wet,Transplanted,167.366245280029,22.23063386997227,222.16670691704155,66.46120128273076,5.206317593807381,4.49
NSIC Rc 222,Clay,Wet,Direct Seeded,96.38841657099283,25.46807399317904,352.32934390638934,67.87478755514466,4.083832502979426,5.04
IR64,Clay,Wet,Transplanted,146.47679253048437,28.989814026107545,167.07149593160503,77.29590313786686,4.86366721232702,4.69
NSIC 218,Sandy Loam,Dry,Direct Seeded,182.33186177259702,22.901032797172284,131.8068272514371,76.44948999279069,2.6538606380279575,4.78
Dinorado,Clay Loam,Wet,Direct Seeded,110.3225714292393,30.8833462677876,220.07296528319793,68.21591158925668,2.7276333684519667,3.92
NSIC Rc 222,Silty Clay,Wet,Transplanted,59.99331310511921,31.09499042940716,159.77889470099268,80.8218687593101,2.8555967228487646,4.86
IR64,Silty Clay,Dry,Transplanted,127.40762335126891,23.04990375125135,15.512714261296956,86.67123497801194,5.244366589894624,4.23
Dinorado,Silty Clay,Wet,Direct Seeded,101.89587317105389,31.907324363757766,153.472533741567,61.30546432960615,2.6835080481653466,4.36
NSIC Rc 160,Clay Loam,Wet,Direct Seeded,150.83380708207625,24.97529553395489,238.34497173305033,72.51589913468044,2.8004485800973327,4.55
NSIC Rc 160,Sandy Loam,Dry,Transplanted,192.6549387122909,22.841016711316062,102.09933346789505,77.8056035563443,5.291231207888581,5.19
Dinorado,Silty Clay,Wet,Direct Seeded,122.84124769952705,22.050671144972622,198.705915611233,77.59305610610998,2.8221777454968344,4.42
NSIC Rc 222,Clay Loam,Dry,Transplanted,119.92853452333007,26.085228957638627,128.71651104290584,60.586060409685324,5.109268896176122,6.08
NSIC Rc 160,Clay,Wet,Transplanted,148.18772002871904,28.298099857061175,217.09146370956157,66.31698197545815,4.867812364186859,4.89
NSIC 218,Silty Clay,Wet,Transplanted,65.52462553903516,25.321792499033133,355.23678936374205,61.854921639363646,2.620845965596463,4.83
Dinorado,Silty Clay,Wet,Direct Seeded,88.0259283387522,30.367173654746228,190.74502406230533,77.06895217649802,2.56554219066889,4.84
Dinorado,Sandy Loam,Dry,Direct Seeded,187.84689882505978,29.1660627556505,34.38828471004797,79.36169663008401,4.10316515054078,4.79
NSIC Rc 160,Silty Clay,Dry,Transplanted,150.49139200456494,25.501615319680326,102.65017068508924,64.79226490270433,5.491526211300302,4.98
NSIC Rc 222,Silty Clay,Dry,Transplanted,52.016606597512435,29.343096666086048,125.49365999032841,69.99033358026217,5.13649048029696,5.32
NSIC 218,Clay,Wet,Transplanted,80.69382088385298,31.4048773696925,345.0583417879502,69.89411230128063,3.430076300113854,4.96
NSIC Rc 222,Clay Loam,Wet,Transplanted,152.42558990433486,22.93095998543017,318.7626557865909,84.5940699476935,3.6589277023462103,5.76
IR64,Clay Loam,Dry,Direct Seeded,164.65988038438613,25.06103960157617,50.31291174856919,65.839782135874,3.6637179887143034,4.53
IR64,Sandy Loam,Dry,Transplanted,175.9789359011063,26.63325939116693,66.73448590689489,76.44942363976975,4.702536447715044,4.93
NSIC Rc 160,Clay,Wet,Direct Seeded,93.82652050730672,26.979901277547686,231.61138128520815,83.48806537502654,3.5233982579871506,4.37
NSIC Rc 160,Clay Loam,Wet,Transplanted,189.6542894416344,27.421956448860737,286.63903629407196,84.88734578691144,2.9433911841257823,4.76
NSIC Rc 160,Clay,Wet,Direct Seeded,132.94203403668388,25.006269065386483,261.1089024436347,79.99698282854199,4.741322225750651,4.51
IR64,Clay Loam,Wet,Direct Seeded,154.48085335818394,28.67259645982349,182.09882887441634,68.98583256785649,3.874046854735314,4.56
NSIC Rc 222,Clay,Dry,Direct Seeded,139.5108294169862,28.450845035298297,89.73248058989071,84.69139724486568,2.7303361710594007,5.72
NSIC Rc 222,Sandy Loam,Wet,Direct Seeded,68.41100820119307,27.77821506271614,376.7963304335439,82.2649808130038,4.870156805476182,5.6
NSIC Rc 160,Silty Clay,Wet,Direct Seeded,194.46719890773198,23.137617217108765,292.40449189644005,81.13407401487808,4.255933791850688,4.7
NSIC 218,Sandy Loam,Wet,Transplanted,68.4313369841229,26.769678910959446,370.06001144886375,62.020061966550216,3.968107975806353,5.66
NSIC Rc 222,Clay Loam,Wet,Transplanted,88.23229346167754,25.562268874893757,355.9566279533226,61.297946419546484,4.520029501441839,4.93
IR64,Sandy Loam,Wet,Direct Seeded,172.04418203344704,26.910384698381225,169.9439813273558,80.86095893104738,4.016103048461099,4.57
Dinorado,Silty Clay,Wet,Transplanted,142.78954422516523,31.21866435515026,201.8176665046131,88.34384403701792,4.4452604439654975,4.98
Dinorado,Sandy Loam,Wet,Transplanted,175.72237480645356,26.805313431584082,186.31527859370772,83.21171784189059,5.102465636095965,5.32
Dinorado,Clay Loam,Dry,Transplanted,127.36042825610673,22.139807918395118,82.6834764438387,84.94426699481066,4.340543104333376,4.4
NSIC 218,Clay Loam,Dry,Transplanted,106.54898530499523,26.38836738084131,15.48651502519899,76.34946842549371,4.478801493562825,4.94
NSIC Rc 160,Sandy Loam,Dry,Transplanted,188.27682493216773,30.20648180049382,23.814093731957882,69.13758432264223,4.341568208262024,4.48
IR64,Silty Clay,Wet,Transplanted,55.43784762721923,29.80060923218168,357.6948831967297,80.33210690300652,4.09353933289989,4.19
NSIC 218,Sandy Loam,Dry,Transplanted,178.4195330529569,27.13390073528181,24.065321102610582,81.35912626478077,3.0159172329264146,5.66
IR64,Silty Clay,Wet,Direct Seeded,84.62266777816724,24.497690128593153,365.6116566138006,80.2607391508202,3.5070329306765964,3.62
IR64,Clay,Wet,Transplanted,177.31044916309517,26.65088662914545,281.9928774520915,88.40127170157962,4.579326902074367,4.93
NSIC Rc 160,Silty Clay,Wet,Transplanted,70.87949201253284,27.637022194181917,176.04451812700174,71.0153709979367,3.7764283201053317,4.86
Dinorado,Clay,Wet,Transplanted,137.03284455358107,31.99871438274134,183.90415463575405,61.1897261686735,3.7183870357330697,4.36
NSIC Rc 160,Sandy Loam,Dry,Direct Seeded,183.2161878517208,28.441780901693775,46.7175067698845,87.25333058272228,4.777807852391674,4.55
NSIC 218,Silty Clay,Wet,Direct Seeded,121.03094703483357,28.942649300626137,353.3872031095668,64.81497356562244,2.5167065818709835,4.95
NSIC 218,Clay,Wet,Transplanted,161.98500107050893,26.91454143568052,382.29753413233254,80.91955018162298,4.536983440736016,5.63
NSIC 218,Clay,Dry,Direct Seeded,170.70074267833377,25.5448955078253,44.420975792342894,86.19613319318053,3.967679531470046,5.54
NSIC Rc 160,Clay,Dry,Direct Seeded,160.47413130751687,30.12952983647206,113.91113373015195,69.30424194043906,3.630287743739056,3.96
IR64,Clay Loam,Dry,Transplanted,188.79946053118974,26.949323243392364,90.18421404226024,84.9124572256478,3.5216098347207687,4.51
IR64,Sandy Loam,Wet,Direct Seeded,117.02513457798929,31.94690129964525,199.86892127766419,69.96174378814332,3.0186264859455085,4.14
NSIC Rc 222,Clay,Dry,Transplanted,75.96881587477337,26.57120574268044,116.95665185033376,83.82773784708749,3.5027562482458094,5.16
NSIC 218,Silty Clay,Wet,Direct Seeded,57.17165955537197,22.680002836475772,152.78439411804325,62.09489588921177,3.6742554163311185,5.01
IR64,Clay,Wet,Transplanted,86.96898044562576,28.825781370900827,232.7382262876945,79.65728996012783,3.8123467582745048,4.48
NSIC Rc 222,Clay Loam,Dry,Direct Seeded,71.47962558203632,22.46641450925811,19.785448037521817,80.31414241736388,4.516901916032582,5.21
IR64,Sandy Loam,Dry,Transplanted,133.69231121517208,24.505015968847033,77.92999324602408,74.74277490242869,3.860713058269015,4.21
NSIC 218,Clay Loam,Dry,Transplanted,77.7418005817598,25.537382527799032,55.32858109713772,80.61272591588133,4.8888529126700515,5.45
Dinorado,Clay Loam,Wet,Direct Seeded,55.84005609340568,29.394835856213277,157.62484741197034,87.69551011661522,4.4192139921351234,4.2
NSIC 218,Clay Loam,Wet,Transplanted,55.39847433030018,26.942359264076128,356.9937290195095,82.01564474904684,3.0687912384822678,4.94
NSIC Rc 160,Silty Clay,Wet,Transplanted,174.73542475472925,22.286459313102565,272.8780643065629,88.83888086953979,3.3315195183115405,4.47
IR64,Sandy Loam,Wet,Direct Seeded,138.7174897164537,28.16849851275922,310.46519469075497,73.45836941556215,2.7377475593241565,3.88
IR64,Sandy Loam,Wet,Transplanted,103.71279528400672,26.114362374266623,252.87121903413555,75.84872195111872,5.3371652647699666,4.74
NSIC Rc 160,Silty Clay,Wet,Transplanted,184.13420641103704,31.21834509967107,236.37688675312046,67.9121609171312,5.1596514436878,4.6
NSIC Rc 160,Sandy Loam,Dry,Direct Seeded,60.52949171115704,26.995623111402352,128.99150350580447,89.56805003402606,2.7543886763528116,4.12
Dinorado,Clay Loam,Wet,Transplanted,197.0483109091739,29.08975145939339,205.5501032690212,61.65410205483817,4.22222804754238,5.79
IR64,Sandy Loam,Dry,Direct Seeded,142.44376853816914,24.18868492329547,109.09048196738647,70.7586125285043,5.381205456582456,4.11
IR64,Silty Clay,Dry,Transplanted,77.51963809532727,29.609735645316533,131.69618591575147,68.93091494305838,4.7414283698384665,4.34
Dinorado,Clay Loam,Dry,Direct Seeded,151.86036484654528,29.209553104836722,16.499797136848407,71.59535139384167,3.975436581912018,4.16
NSIC Rc 222,Silty Clay,Dry,Direct Seeded,164.50718896753438,31.04081708541308,110.91528853932407,87.53153581559597,3.2233089667199044,5.22
Dinorado,Clay,Dry,Transplanted,114.40141750561617,22.338216417191994,85.60116930234092,71.04113622205544,3.337111225243887,4.6
NSIC 218,Clay Loam,Wet,Direct Seeded,179.24489093683212,26.475006976174512,342.63313675953646,87.50929958100002,4.708713864014082,5.49
IR64,Clay Loam,Wet,Transplanted,72.60986109447055,28.7915540273963,323.88689610388235,72.70016584989608,4.84172581973154,4.5
NSIC Rc 160,Sandy Loam,Wet,Transplanted,91.82563753664125,22.95163900080215,240.18224612402153,85.64306307660625,4.086079973054298,4.41
NSIC 218,Clay Loam,Wet,Direct Seeded,64.02385423759847,26.106040671489126,230.27903357479573,75.65250295502007,2.8628461045501146,5.02
IR64,Silty Clay,Dry,Transplanted,81.63167609110282,31.421466030661954,125.50000406217922,69.34058530284945,5.301605120879784,4.04
Dinorado,Sandy Loam,Dry,Transplanted,85.80932178667175,26.359344908911282,81.00248272961494,73.48049396903662,5.034288203700205,5.02
NSIC 218,Clay,Dry,Direct Seeded,187.64497863825653,31.854047834806316,85.62927090626725,72.7314323693461,2.9216163370822685,5.12
IR64,Silty Clay,Wet,Transplanted,61.71645331267343,22.568390610798197,150.31071966216976,67.79742186256652,2.6701827508865565,3.48
NSIC Rc 222,Clay,Wet,Transplanted,114.11226802815642,29.178297761408913,165.88803251136812,68.68916189975721,4.107603048249201,5.55
NSIC Rc 222,Clay,Wet,Direct Seeded,129.85980308403694,27.810162362482693,305.81388122315866,65.59361763933163,3.352427853188578,4.82
NSIC Rc 160,Clay,Wet,Transplanted,184.80395807032411,27.005396771321255,278.6518275588654,70.08001671622824,3.3497491282437037,4.52
IR64,Clay Loam,Dry,Transplanted,199.65443279918202,31.708474014850093,17.247433331889116,78.73217409747514,2.761664778251235,4.1
NSIC Rc 222,Silty Clay,Dry,Direct Seeded,163.00821723797537,23.296504004911288,103.59320110503533,71.59674506128894,5.360157505814162,5.49
Dinorado,Silty Clay,Wet,Transplanted,195.61864858535444,30.959989516809134,258.7008011212556,81.36969632778877,4.990499378979534,4.98
IR64,Clay Loam,Wet,Transplanted,168.06516988038106,28.9124041113661,356.8755602004146,89.6093450906386,2.8415037756277504,4.68
Dinorado,Sandy Loam,Dry,Direct Seeded,194.4803961457125,24.589960732996328,48.23958258470701,71.31303238453455,5.1297963029524904,5.17
Dinorado,Clay,Dry,Transplanted,156.0906088916683,31.016691456322935,12.757149105034868,73.87917642268852,4.548868167889411,4.51
NSIC Rc 222,Silty Clay,Dry,Transplanted,61.96451381766066,26.292949178610133,19.301202750844205,64.92330470844293,3.476323395485826,5.52
IR64,Clay Loam,Dry,Direct Seeded,110.28802804890148,30.14227328073071,144.0199852552436,71.76645857337948,5.113751663245395,4.64
NSIC 218,Clay,Wet,Direct Seeded,146.98959257037058,25.888365170474,275.97455110071166,81.80497352372038,4.294066563345876,5.62
NSIC Rc 222,Sandy Loam,Dry,Transplanted,102.60777641813765,30.50930827433241,58.45082054117857,66.52214399227388,5.046009533003158,5.63
NSIC Rc 222,Sandy Loam,Dry,Transplanted,91.0075877170668,28.366291184450485,131.53058800696226,65.46162145965688,3.9078037734617572,5.92
IR64,Clay,Dry,Direct Seeded,136.60989006996363,23.41046633583727,144.35481276969583,71.29124620947576,4.001953120485482,4.41
IR64,Sandy Loam,Dry,Transplanted,190.02528150536523,28.496631634695277,142.05740643722518,84.55948457153194,3.373030088232868,4.39
Dinorado,Silty Clay,Wet,Transplanted,55.247281027423035,23.913447627018726,246.12339535182997,78.7097156913445,3.663078075834125,4.45
IR64,Silty Clay,Wet,Transplanted,165.38468053121565,26.119226278941625,190.31408688124623,88.7273813275982,4.203256207384664,4.75
Dinorado,Silty Clay,Wet,Direct Seeded,158.40909170669408,23.70295584252034,355.1720020536548,87.13621304782876,5.341177671125852,5.04
NSIC Rc 222,Sandy Loam,Wet,Transplanted,194.59301380824306,22.220161156671185,294.06206253029694,64.53411590469727,4.300353279904405,5.67
NSIC Rc 160,Silty Clay,Wet,Transplanted,189.60668334988154,24.118865394499576,173.11499148068933,61.27658323821644,2.9421345753411807,4.52
NSIC 218,Clay Loam,Wet,Direct Seeded,164.33488430662894,27.363720237241257,312.22459949926895,71.97284202584262,2.5209885564294603,5.54
NSIC Rc 222,Silty Clay,Dry,Direct Seeded,128.06131470238978,26.81560967777346,133.44153369791883,75.66238436455919,5.05296356652604,5.97
IR64,Silty Clay,Dry,Direct Seeded,80.64013298502798,27.01497095536064,135.27814774458213,75.46711845656144,3.5929762700984593,4.73
NSIC 218,Sandy Loam,Dry,Transplanted,131.78535774883616,24.476868784466014,50.46112620773321,64.02321803313166,3.4448978189194985,4.98
NSIC Rc 160,Silty Clay,Dry,Transplanted,164.80279908794807,28.851612006141863,31.20578463645016,63.744522964638314,4.902193368827145,4.57
NSIC Rc 160,Clay,Wet,Direct Seeded,184.35038189568397,29.04263286820346,256.2676863721025,61.40582267337611,5.3360928972695065,5.12
Dinorado,Clay Loam,Dry,Transplanted,168.45680138158235,25.579678255596654,99.49675869230931,85.525797781662,4.744135265055869,4.85
NSIC 218,Sandy Loam,Wet,Transplanted,79.2900402786581,30.811700884741743,352.84655589699895,88.43232414204536,3.021541938734297,5.13
Dinorado,Clay Loam,Dry,Transplanted,139.9529471342089,28.44023216635548,78.33478286163533,63.47055060653915,3.674134880773127,4.55
NSIC Rc 222,Clay,Dry,Transplanted,99.82601892970355,29.130392752586317,23.824540617323947,66.39367105647335,4.778195657304222,5.71
NSIC 218,Sandy Loam,Dry,Direct Seeded,51.38085010859645,24.773399179389394,104.85578424313752,62.69588654204731,5.22077744401172,4.6
NSIC Rc 222,Sandy Loam,Wet,Direct Seeded,80.03314036829991,22.00611635155587,379.7286492489991,86.32506513422504,5.49580019184898,5.14
Dinorado,Silty Clay,Dry,Transplanted,66.98309749001739,30.653756121021097,88.80040104786828,88.76126200608724,4.0346827214145575,4.09
NSIC 218,Clay Loam,Wet,Direct Seeded,176.40786853092027,30.224243845798085,300.1164532940615,67.8538973016267,4.967574455025849,5.98
Dinorado,Clay,Wet,Transplanted,88.7759378221718,23.231918880428303,332.9032048283416,69.10751489806125,2.6398949283321524,3.98
NSIC 218,Clay,Dry,Transplanted,92.70469533313332,25.741051349563065,130.82943611346147,70.88009053238818,3.3574742492649037,5.09
Dinorado,Sandy Loam,Wet,Direct Seeded,193.99048576983265,28.613393083885825,164.14771190054142,75.07391278142194,3.6145402100424677,5.11
NSIC Rc 160,Silty Clay,Wet,Direct Seeded,106.86300845732782,28.52110857218728,290.06386375028933,80.4738293593478,5.426571535845682,4.37
Dinorado,Sandy Loam,Dry,Transplanted,51.43784602165918,30.603503348085567,95.28573139637581,75.13171749763873,2.5101809446445817,4.3
NSIC Rc 160,Sandy Loam,Dry,Transplanted,92.57692225192048,23.402681616354286,90.35246516104552,88.53004745028724,3.424062213287779,3.94
Dinorado,Sandy Loam,Dry,Transplanted,67.89493709027187,26.299397477851187,71.70524126656791,62.99680375564496,5.291236778838711,4.6
NSIC 218,Sandy Loam,Dry,Transplanted,65.42128426037809,22.972244179264248,74.79018978444185,83.95816536825188,3.420034705132034,4.84
NSIC 218,Clay,Dry,Direct Seeded,61.623093520362424,25.89595248438628,143.61337177707625,70.03449272440413,3.1752002974437303,4.67
NSIC 218,Clay,Dry,Direct Seeded,138.98892052630657,22.151074455877044,29.382441316033507,71.32643064259642,4.690265534307951,5.1
IR64,Sandy Loam,Wet,Transplanted,78.4021585444788,30.98273065110127,338.83499458886854,81.26488331130676,4.736016678999595,4.29
NSIC Rc 222,Sandy Loam,Dry,Transplanted,104.18641910615156,27.27043996828681,72.47063460150619,87.88131329623137,3.9165336479425257,5.81
NSIC 218,Silty Clay,Dry,Direct Seeded,179.3026574195025,30.498022608023536,101.815812749758,81.4860233566073,5.34075240959627,5.69
NSIC Rc 160,Sandy Loam,Wet,Transplanted,113.65072096944135,22.599047010033637,274.19053736952594,83.2758172613819,3.1081212386255257,3.69
NSIC 218,Clay,Dry,Direct Seeded,187.35370250774565,24.274581104729208,70.62149038265594,82.52337726476397,5.240247501938793,5.42
IR64,Clay Loam,Wet,Transplanted,124.69070800934094,24.593799952211807,298.3875223760843,69.62935817951174,4.766524229575888,4.46
NSIC Rc 160,Clay,Dry,Direct Seeded,109.82549222596336,25.86691494638788,49.65018778570609,82.70791299546744,3.6046250225621423,4.52
IR64,Silty Clay,Dry,Transplanted,162.55833906360525,30.028663723975463,50.230031906799674,83.53562280659405,4.920725859170122,4.39
NSIC Rc 160,Clay,Wet,Transplanted,60.97626481520032,25.865578737314927,374.7370463952611,76.00200961951538,2.899606529241262,3.42
Dinorado,Clay Loam,Dry,Transplanted,63.42175744736261,24.04653529646327,42.711846476080204,76.10268716000449,2.892947479579682,3.97
NSIC Rc 222,Sandy Loam,Wet,Direct Seeded,147.79605708844412,22.649902603387684,199.52489300779985,82.79162409187451,5.289811609742218,5.63
NSIC Rc 222,Clay Loam,Dry,Direct Seeded,123.04110698588724,22.794917483526874,58.14644808163255,84.51092586673222,2.784341523536235,4.55
IR64,Sandy Loam,Dry,Transplanted,168.56228754788154,29.600472059609775,132.03446858169937,70.11586326092011,2.5122388205482142,4.61
NSIC Rc 222,Sandy Loam,Wet,Transplanted,187.44062560152972,26.44802991036633,174.56162688797798,84.04686652725871,3.667091474754706,5.77
IR64,Clay,Dry,Transplanted,108.25503165073212,29.261811220000155,80.73143704521932,84.42627020026234,2.811552923296383,4.21
IR64,Clay,Dry,Transplanted,139.46150398769694,28.822871217636976,43.63342193089458,67.02376922755738,5.089109479732754,4.26
IR64,Clay,Wet,Direct Seeded,125.10449416929649,23.353624617602577,322.66090328487525,81.50852235950148,5.268080540328799,4.6
NSIC Rc 222,Silty Clay,Dry,Direct Seeded,197.24159834636492,23.428879341922674,63.833740383714535,65.59601765508475,3.947279093069238,5.55
IR64,Clay,Wet,Direct Seeded,174.66266110348926,29.55342015434134,355.712226380611,62.791473389643876,3.776414599030111,4.1
NSIC Rc 222,Silty Clay,Dry,Transplanted,186.76065624160304,29.212682934854172,24.816257690999524,77.23629036150683,4.117117830832276,5.96
IR64,Clay,Wet,Transplanted,88.15101313664063,25.780307668743102,362.62254714564085,87.25956596350197,3.178583874534959,3.81
NSIC 218,Sandy Loam,Dry,Direct Seeded,165.87896347438914,22.7742226333284,136.56500356342332,61.063770705772896,3.393897584261008,5.31
IR64,Silty Clay,Wet,Transplanted,89.82098374964734,22.12098021698452,310.41112427280507,84.79504912784765,2.802931511452014,3.72
NSIC Rc 160,Clay Loam,Wet,Direct Seeded,81.31138001425848,24.881569494617448,358.30335454270084,75.1941363211052,3.83935027333409,3.85
IR64,Silty Clay,Dry,Direct Seeded,191.63992394833264,22.09222273587227,67.14769649280049,85.82686346163689,4.335074867600978,4.23
Dinorado,Silty Clay,Dry,Direct Seeded,52.895662507679994,24.300726211037034,147.2547686430306,85.3043080551314,5.290671203174806,4.28
IR64,Clay Loam,Wet,Direct Seeded,194.80830554951444,26.195007402113387,325.16605143082256,86.25860414448866,4.717219511880275,4.63
NSIC Rc 160,Silty Clay,Dry,Transplanted,72.38928454832093,23.214157653119543,58.65542825675269,83.0662186442002,4.66919120065956,4.26
NSIC Rc 160,Sandy Loam,Wet,Direct Seeded,172.9157122689902,23.042777578315462,171.84422897669768,85.28977063640986,3.4239968862823065,3.81
NSIC Rc 222,Clay,Dry,Transplanted,91.38838296021547,30.964374357187367,127.08984661179696,65.28075621603611,5.164879892530133,5.91
NSIC 218,Clay Loam,Dry,Direct Seeded,102.60534911460911,27.85470029022889,45.89394386080345,69.11559446624825,5.340867090039993,5.53
IR64,Clay,Wet,Direct Seeded,82.51365669829775,31.344556867627816,340.51087697124706,67.27458512421889,5.296788809626111,3.49
NSIC Rc 222,Sandy Loam,Wet,Direct Seeded,137.82710637216195,25.458261637856793,194.83992238758242,82.27284911184182,2.616409079573155,5.06
NSIC 218,Clay Loam,Dry,Direct Seeded,102.21433212618112,28.77144937329163,20.661405072864312,64.60929358101407,4.3130519089120645,5.26
IR64,Clay,Dry,Transplanted,148.60895592419948,24.046916746217903,14.442670634332098,65.46683371133366,4.429675317175885,4.51
Dinorado,Clay,Dry,Transplanted,52.3470976913099,28.183403172799412,94.86357973026969,86.36894162165828,3.385195480649511,4.62
IR64,Sandy Loam,Dry,Transplanted,59.656232527255945,23.295857300099843,53.62031403430252,81.17646578738514,5.47723654947379,3.75
NSIC Rc 160,Clay,Dry,Transplanted,64.94917290968729,22.020806391762857,72.09278326661597,86.2613993375726,3.3735623764556766,4.32
NSIC Rc 160,Sandy Loam,Wet,Direct Seeded,112.84905279653466,31.31531801409579,209.1523356477432,64.18065774782072,3.1498349745431673,3.92
Dinorado,Silty Clay,Dry,Transplanted,172.2194258989964,27.548943761752092,124.61058498411134,71.96941213683907,3.9524369513295756,5.24
NSIC Rc 222,Sandy Loam,Dry,Transplanted,183.22668655675741,31.269406627820395,44.7351319972723,68.49453510228953,3.46944213931103,5.62
NSIC 218,Silty Clay,Wet,Direct Seeded,86.72161100913512,25.33831523702072,248.6626567496662,60.29043255838948,5.272088379609833,5.78
IR64,Clay Loam,Wet,Transplanted,136.15545863585209,25.27786069161757,228.64176658158422,68.5356888131612,3.8202301939443184,4.65
NSIC Rc 160,Clay,Wet,Transplanted,165.25474890389006,26.00655001773032,230.412934575728,71.38749755933638,3.73044866401775,4.96
NSIC Rc 222,Sandy Loam,Dry,Transplanted,93.32441448794131,29.06040983958168,53.211346742887855,62.766589117281356,4.377586390325501,5.5
Dinorado,Sandy Loam,Wet,Transplanted,111.35116051044099,27.658086341861743,192.31488105101144,76.9946267348046,2.74334401375337,4.54
NSIC Rc 160,Clay,Wet,Direct Seeded,128.59613040285709,31.253549070991177,223.4677617773861,71.495179874179,4.770198840449566,3.83
Dinorado,Clay,Wet,Direct Seeded,70.23122696120716,22.254409011324395,154.91564749397045,61.39384986832636,4.805196465414614,4.4
IR64,Clay Loam,Wet,Transplanted,53.89734405886705,29.081959379725365,268.2277366720815,81.1193659460393,3.922077504183003,3.83
NSIC 218,Clay Loam,Dry,Direct Seeded,72.92087139774249,25.303276893665544,128.3470659082134,81.87839501523311,5.367093823001285,5.39
NSIC Rc 160,Sandy Loam,Dry,Transplanted,144.02804318803,23.80233651818461,78.98671826809057,85.03414328908305,4.238017332387243,4.51
NSIC Rc 160,Clay Loam,Dry,Transplanted,61.04273923005225,27.10395622520099,125.87312338734826,74.56621799600947,4.585709362734972,4.59
IR64,Silty Clay,Wet,Transplanted,78.45445472751925,27.05063784179996,342.1477396924517,89.0597639200353,5.273034866509304,4.23
NSIC Rc 222,Clay Loam,Wet,Direct Seeded,100.67808285429555,23.370110286884284,365.5618423062099,87.4219243359737,4.499036030274377,5.51
NSIC 218,Clay Loam,Wet,Direct Seeded,61.68050964595495,24.0189605613289,355.1071397398596,76.54054875300395,3.795478023176641,4.87
NSIC Rc 160,Sandy Loam,Wet,Direct Seeded,78.75489067424516,26.08164664901555,254.1144297487783,73.34855793208251,2.574313526899445,3.77
NSIC 218,Silty Clay,Wet,Direct Seeded,186.69046834752666,26.088114123923155,332.6066202909641,60.09103283708769,4.684897946895428,6.12
NSIC Rc 160,Clay Loam,Wet,Direct Seeded,52.89486983404771,25.175581396196847,221.97269352380312,81.329835952177,5.394598034803135,4.36
NSIC 218,Silty Clay,Dry,Direct Seeded,148.0147886261543,23.48545151509981,62.426640485284295,76.94863512149072,3.9107053706079817,4.77
Dinorado,Silty Clay,Dry,Transplanted,107.66133963727773,22.043736791009795,65.7717973157952,88.12632436458242,3.5193059133647924,4.18
NSIC Rc 160,Silty Clay,Wet,Direct Seeded,150.89731091485567,31.702350624280207,163.8906181794045,77.82696375723732,4.057778279241335,3.97
NSIC 218,Clay,Dry,Transplanted,138.3037580545107,31.43499229703927,33.39937064895587,89.7856828167819,4.685311617053978,5.58
NSIC Rc 222,Clay,Wet,Transplanted,83.52481315319665,26.836503791761352,318.99288134781665,85.61457815589871,2.502071423446148,5.69
Dinorado,Clay,Wet,Direct Seeded,177.08142313600828,31.950517532750055,312.1990411841015,88.6079380744486,5.161635168195561,4.92
Dinorado,Clay,Dry,Transplanted,123.7910573914035,28.736543307822433,138.2884195032953,69.82988313855117,5.159088579034965,5.21
NSIC Rc 222,Sandy Loam,Wet,Transplanted,173.38040283702077,22.688575376075416,350.40734886571886,64.48007984301799,4.123893800826126,5.94
NSIC 218,Clay Loam,Dry,Transplanted,110.90188042823289,23.177181990826274,135.54971716176533,83.90616341385376,2.867136298526824,5.07
IR64,Clay,Wet,Direct Seeded,197.70283308728585,31.161108438696377,304.02655167571993,83.58591308907397,4.515417383840864,4.51
NSIC Rc 222,Sandy Loam,Wet,Direct Seeded,165.57340377519444,28.300522021496285,189.2229062434791,66.3434681821669,2.9135369888899403,5.53
NSIC 218,Clay Loam,Dry,Transplanted,194.892530766886,30.431836266573512,147.79038203906828,82.94233962404738,4.022641454298042,5.67
NSIC Rc 222,Clay,Wet,Direct Seeded,127.14897183647882,30.98269649633844,363.29059801254954,77.45920074124219,2.780889915943351,5.16
NSIC Rc 222,Clay Loam,Wet,Transplanted,121.05366984360508,26.47942011282386,306.8131970046752,63.28575434705019,4.267196014892503,5.09
NSIC Rc 160,Clay,Wet,Direct Seeded,163.31807139878867,22.48525951576693,351.902424758751,75.05350792710627,3.4542079753539623,3.92
NSIC 218,Sandy Loam,Dry,Transplanted,182.04368945201452,23.88280348897322,66.34259780375962,87.93414002516036,4.992974244212508,5.66
IR64,Silty Clay,Wet,Transplanted,194.6218693798337,22.66571947302435,343.5267800940102,75.19372636335686,4.899838378625244,4.55
NSIC Rc 160,Silty Clay,Wet,Direct Seeded,98.68278590487496,23.887398456985075,224.4661218062721,83.66096968660416,5.495421626423322,4.38
NSIC Rc 222,Clay Loam,Wet,Direct Seeded,169.80568607639583,26.10532926455877,168.63824371301308,60.86729959925869,3.2725095241130946,5.99
NSIC Rc 222,Sandy Loam,Dry,Direct Seeded,81.5968396453305,23.181968105149853,124.60609184620989,81.8424423858778,2.685403278338741,4.84
NSIC Rc 222,Silty Clay,Dry,Direct Seeded,131.8361520118168,23.66733247805343,68.0935224340966,88.40512158412432,3.8290097954465345,5.05
NSIC 218,Clay,Dry,Direct Seeded,76.97722226137988,26.45821782071679,73.60183044893618,74.98583354678807,2.7502100048997127,5.18
NSIC 218,Silty Clay,Dry,Transplanted,102.10960426255083,25.401709503884895,126.19991510327544,70.1312973907676,3.0354991451972895,5.53
NSIC Rc 160,Clay Loam,Dry,Transplanted,189.70375508096888,26.67658124188041,34.831347924095965,79.39951514660692,4.291900424084657,4.7
IR64,Clay Loam,Wet,Transplanted,71.91360496596292,26.29172027759062,194.12610227239622,87.48783645279659,4.2763925540328955,4.53
NSIC Rc 160,Sandy Loam,Dry,Direct Seeded,144.86013427027947,28.444780259798833,40.84353082464533,65.30308951600028,2.6299824331890713,4.31
Dinorado,Clay Loam,Dry,Direct Seeded,138.9431409391105,31.371895488758547,54.06195365541411,72.1108263006813,3.828714254254836,4.4
NSIC Rc 222,Silty Clay,Wet,Transplanted,68.11075290634797,23.078643384442426,173.2155835783127,64.68870842945523,4.090656078601725,5.62
NSIC Rc 222,Silty Clay,Dry,Transplanted,98.89685656532183,22.99260149309195,120.34506455000805,74.89962696659678,3.30407271345996,5.51
NSIC Rc 222,Silty Clay,Wet,Transplanted,134.44722567728985,30.52806111090902,210.85310802003409,76.21266039091677,5.116129545626482,5.9
NSIC Rc 160,Silty Clay,Dry,Transplanted,78.07679134827353,27.063967046524592,62.17121691153159,88.32610844164981,2.983295942939266,4.38
NSIC Rc 160,Sandy Loam,Wet,Direct Seeded,170.0935484619223,29.66405023568442,264.88306825649823,72.37545461302882,3.261705415018643,4.14
NSIC Rc 222,Clay,Wet,Transplanted,195.82347643021248,24.154219036072814,376.7026512453207,77.00869840619094,2.970983245098259,5.72
NSIC Rc 160,Clay,Dry,Direct Seeded,82.21390999437081,30.288625731675516,60.143549159306616,86.55787722162457,2.849639901611674,3.75
NSIC 218,Sandy Loam,Dry,Transplanted,78.03679471858639,31.238466241926957,149.83428833573385,69.64215000528476,5.136937552021378,5.2
NSIC 218,Clay Loam,Wet,Direct Seeded,118.2402607696167,28.35483015546488,368.0046889801587,80.2249160690277,3.3335774952099455,4.71
NSIC Rc 160,Clay,Wet,Direct Seeded,162.16479157100483,23.05879021473802,329.649953773932,82.71485546466289,4.667572058403569,4.38
NSIC Rc 222,Clay Loam,Wet,Direct Seeded,92.24009153528772,30.95294814156339,156.0280898869565,69.91584704061029,3.7839470791757495,5.33
NSIC Rc 160,Clay,Wet,Direct Seeded,52.98198630459206,29.924877273700712,235.34730033013838,64.93023556591933,4.40762044220175,3.91
NSIC Rc 160,Clay Loam,Wet,Transplanted,131.1830942049341,29.5087777651449,320.5871066211299,75.0872862570682,5.284528588516628,4.27
NSIC Rc 160,Sandy Loam,Wet,Transplanted,193.49008516509613,22.367281889059157,182.2572242097671,70.70405190399904,5.033823601129749,4.47
Dinorado,Silty Clay,Wet,Transplanted,108.69152831104184,29.989625252569713,350.2719625039772,67.99387295376641,2.7069591772607136,4.32
NSIC 218,Clay Loam,Dry,Direct Seeded,113.02018312746506,23.37951010468357,63.732860033927125,89.20263932082315,5.035607605837653,5.22
IR64,Silty Clay,Wet,Transplanted,195.33525756710569,24.223861761968884,378.6434199968984,75.06459056104599,3.855470545842091,4.94
IR64,Clay Loam,Dry,Transplanted,154.19114174400926,27.771348348692577,44.68787508418218,85.69433081530272,3.5504371806396557,4.47
Dinorado,Clay Loam,Dry,Transplanted,157.87578842631876,24.64980772916883,97.24991494813206,65.85952231630077,4.517163776384885,4.61
NSIC Rc 160,Clay Loam,Wet,Direct Seeded,134.40530080566015,28.613482063119196,238.52611165945638,88.18328294697392,5.350623619297744,4.68
Dinorado,Clay Loam,Wet,Direct Seeded,196.19138162948624,28.080704476990817,326.4607654659584,83.83294303707065,2.7824064927644123,5.08
Dinorado,Clay Loam,Dry,Direct Seeded,153.32997266383342,23.081495980132626,122.26319327370011,84.26076468567427,4.804231090750717,4.59
NSIC Rc 222,Silty Clay,Wet,Transplanted,184.2549127407754,28.560145795915062,187.05103316717833,71.69294625587786,3.110524092273866,6.32
NSIC 218,Clay Loam,Wet,Transplanted,154.9068298599832,31.2395490982493,322.70411227825673,74.5691097923306,3.6404083684809967,5.33
IR64,Silty Clay,Dry,Transplanted,160.2673737260594,23.611099051858332,19.745096721242298,77.8006297769604,5.121469048789749,4.63
NSIC Rc 160,Sandy Loam,Dry,Direct Seeded,93.56163832133697,27.970620209428873,96.64491235938651,83.69296608615194,4.137397552037019,4.72
IR64,Clay,Dry,Transplanted,95.52180470207284,25.41865371936694,15.002963823231465,85.47170256181313,2.702369943851279,3.49
IR64,Clay Loam,Wet,Direct Seeded,167.44769743640438,26.596116717736038,155.36385307176081,62.34135928055803,4.024145650410215,4.88
NSIC 218,Clay,Wet,Direct Seeded,94.50594337548495,24.8700017907897,187.69287670277524,87.12187162599523,4.868925704924273,5.35
IR64,Silty Clay,Dry,Direct Seeded,134.41551062022972,25.541306363476952,83.68652913713251,88.12489957512783,4.08664176329678,4.05
IR64,Sandy Loam,Wet,Direct Seeded,87.4028466360053,22.289118232665572,327.4703616521675,77.78662213070356,3.0006677169371567,3.59
Dinorado,Sandy Loam,Dry,Transplanted,172.5475071213604,31.815517379172206,45.97881892609328,65.60251839764717,3.8351232251725955,5.05
NSIC 218,Sandy Loam,Wet,Transplanted,66.5752026841535,28.247999220727483,327.96255571907653,84.55244498110468,5.2730361041189475,5.68
NSIC Rc 222,Clay,Dry,Direct Seeded,174.41699596424968,27.007055904938852,52.929837674246,76.45762843648797,4.474611970282339,5.35
NSIC Rc 160,Silty Clay,Wet,Transplanted,140.40947007614028,25.837153495003268,310.2906764612943,84.51589361149139,4.689659519525768,4.54
IR64,Clay Loam,Dry,Direct Seeded,78.03643022406159,27.393745588240275,75.39343495753357,84.44424379767949,4.857809522348351,4.48
NSIC Rc 160,Clay Loam,Wet,Transplanted,131.30530782591774,25.80105998715804,269.3410060960508,62.60187947057377,2.7720802725800047,4.5
NSIC Rc 222,Silty Clay,Wet,Transplanted,92.37482552710107,25.599079274936734,318.7270227929863,78.21064285111993,4.244609677809891,5.63
NSIC Rc 160,Clay,Dry,Direct Seeded,98.5201002095745,26.63946541722013,139.7950445043822,74.49432897806165,3.627745579555924,3.96
NSIC Rc 222,Clay Loam,Wet,Direct Seeded,102.72920623953205,24.759830336711907,343.45019957219705,88.38358409998553,2.9174774910162915,4.99
Dinorado,Silty Clay,Wet,Direct Seeded,59.497887045848145,23.800498999667855,391.6204147591859,68.89923875776189,3.1081286749120713,3.6
IR64,Clay Loam,Dry,Direct Seeded,197.8942526602126,27.566058981802936,109.4934229223027,66.18000318572776,4.843481421174204,4.39
NSIC Rc 222,Sandy Loam,Wet,Transplanted,54.73019421968361,30.42765436150301,372.16025788715126,86.91260568057464,2.9844673158693182,4.67
NSIC Rc 160,Clay Loam,Wet,Direct Seeded,149.37453097764177,23.528281777258922,348.63355064153114,64.46146706700314,3.437255821665158,3.91
IR64,Clay,Wet,Transplanted,105.68414716361458,22.327343406042186,323.68937917859324,80.59558376173385,3.354620014789244,3.78
Dinorado,Silty Clay,Dry,Direct Seeded,146.90154364200484,24.468117451540362,141.1583834798295,69.00059441525433,2.645891091743703,4.34
IR64,Clay,Dry,Transplanted,103.43723796313756,31.797206434538108,102.39594063821487,77.03537266492432,3.8864753477180756,4.34
NSIC Rc 222,Silty Clay,Dry,Direct Seeded,151.0625969388288,30.287580737433395,10.995084592300353,78.48658298523783,4.797789526507626,5.24
Dinorado,Sandy Loam,Dry,Transplanted,159.3853264202541,27.958660535285965,47.18192762867486,72.521078458739,2.566457898246699,5.05
NSIC Rc 160,Silty Clay,Dry,Transplanted,153.58289605994673,31.292489152431358,136.80816088085234,89.24894940711287,2.8376543514396886,4.23
Dinorado,Clay Loam,Wet,Transplanted,67.09429720372285,26.452791168372446,293.5388863580918,63.95499504254937,4.6605600387927035,4.93
Dinorado,Clay Loam,Wet,Direct Seeded,148.53398519820269,31.83280602575174,180.15220583797907,71.74197267110272,4.280742972018741,4.83
NSIC 218,Sandy Loam,Dry,Direct Seeded,91.99813241811461,24.96302045119284,100.08237293548427,72.91185980622947,4.645742842146046,4.92
Dinorado,Silty Clay,Wet,Direct Seeded,54.320205585400025,24.40305749515939,191.38921052459824,78.93140846988544,3.1903118646314157,4.26
Dinorado,Sandy Loam,Wet,Direct Seeded,112.22460078334309,28.38048201147011,355.0698901677249,72.21779274583557,4.9113063498922145,4.49
IR64,Clay Loam,Wet,Transplanted,115.03146542057016,25.781539679503602,350.8282280518051,62.9110803411649,3.93961318033083,4.44
NSIC Rc 160,Clay,Wet,Transplanted,120.07612000286697,28.26365541976258,303.61473149334074,88.42289994542479,4.330905922536571,4.55
IR64,Sandy Loam,Dry,Transplanted,155.72362480860744,25.049955183026857,147.43061311983848,72.48237244916056,2.7764602516025088,4.25
IR64,Clay,Dry,Direct Seeded,96.32657137136887,28.17918256837991,31.834962690561387,70.28021181651218,3.115094750079464,3.91
NSIC Rc 222,Clay,Wet,Transplanted,97.2920769655884,24.757462605850364,259.71003317903836,73.40166372522015,4.8200736448309245,5.86
IR64,Silty Clay,Wet,Transplanted,59.08283843618909,22.5097206881889,156.5081624559014,66.49787046386767,3.1717253235663354,4.4
NSIC 218,Sandy Loam,Dry,Direct Seeded,153.0231823988444,31.121359019231832,51.54469663491272,63.006650540059525,2.777589482564376,4.87
NSIC 218,Clay,Wet,Direct Seeded,135.1739137099376,30.832052018734622,231.79423563213598,64.45735437326587,4.291609846756301,5.28
NSIC Rc 222,Clay,Wet,Transplanted,102.41376690406821,31.70798149272672,255.15991439132947,64.99964481010679,4.143809548485198,5.61
NSIC Rc 160,Silty Clay,Wet,Direct Seeded,155.77834683760318,29.165271762214047,271.45407154335516,65.93020314647686,4.323681786949879,4.3
NSIC Rc 160,Silty Clay,Dry,Direct Seeded,130.60366238403157,28.82721177735303,60.73147233238508,72.59880636678577,4.354916489089273,3.9
IR64,Clay Loam,Dry,Direct Seeded,120.38674188058096,27.590030700748308,55.718094543423476,78.7169780713246,4.000592037593512,4.16
IR64,Clay,Wet,Direct Seeded,126.69868154916897,23.259424163525228,382.3311496403023,78.86663514080198,3.981321761705967,4.17
IR64,Clay Loam,Wet,Transplanted,145.45221879005848,23.8923531094927,177.1773499500357,60.0029270868578,5.272496695868387,5.09
NSIC Rc 160,Clay,Wet,Transplanted,149.00039068618992,24.894696886725363,279.7167299449426,87.628730006952,4.101645174639221,4.18
Dinorado,Clay Loam,Wet,Transplanted,93.34367287110757,30.901563625733942,241.98057423956993,84.68541541596966,4.351900607241577,4.89
NSIC 218,Silty Clay,Wet,Transplanted,71.111504508673,23.72969524603075,397.5245298040129,88.91814118308119,3.3009081758162337,4.25
Dinorado,Sandy Loam,Wet,Transplanted,73.49512717857782,31.228731744878907,365.46600407072634,70.79959034190578,5.113279602406573,4.55
Dinorado,Silty Clay,Dry,Direct Seeded,145.90863288545023,27.227857330514173,45.278814220983286,79.9439783006819,2.5731042779774898,4.63
NSIC Rc 160,Clay Loam,Dry,Transplanted,180.9309928650689,29.155696354730722,72.0852002059489,65.04062247768292,4.171680286893324,4.3
Dinorado,Clay Loam,Wet,Transplanted,111.42444175183277,23.102444866805666,259.6964635597302,84.51099081661008,3.651550885594326,4.91
NSIC Rc 222,Sandy Loam,Dry,Direct Seeded,75.42802404941935,24.690335487759107,99.92173727171196,64.84103168863106,4.3117125866814305,5.74
IR64,Clay,Wet,Direct Seeded,163.4903747440782,31.585186081814264,399.92390233869014,69.77957102423248,3.5805161493141404,3.88
NSIC Rc 222,Clay Loam,Wet,Direct Seeded,174.87342116291728,24.661499469297315,278.5158116178741,74.7250456784095,4.653063735152941,5.89
NSIC 218,Clay Loam,Dry,Transplanted,182.08736646814498,24.96521720391146,53.575969204137444,77.83595006558251,2.5609943289202923,5.73
IR64,Clay Loam,Dry,Direct Seeded,141.02471433705998,23.975973848410796,21.157989263995795,76.78899072860195,3.717668316307429,3.74
Dinorado,Sandy Loam,Wet,Direct Seeded,179.1092839082127,23.290736653068294,191.7794491478502,63.06288035129992,4.9937907992272415,4.74
NSIC 218,Silty Clay,Wet,Direct Seeded,52.31224376726115,24.33257641453998,288.96867295667863,72.65028008591553,3.2506021533383076,4.56
IR64,Clay Loam,Dry,Transplanted,66.08537026542852,28.423268919507983,109.19455376504287,87.68727792617467,2.658252635140966,4.06
Dinorado,Sandy Loam,Dry,Direct Seeded,63.886410057814814,26.553677335035637,74.2623178093776,86.17105583255555,3.9895722236955056,4.42
NSIC Rc 222,Clay Loam,Wet,Direct Seeded,156.89070263820994,27.537558363378984,206.55144145091165,77.7235056976392,5.42960038158037,6.05
IR64,Clay,Wet,Transplanted,60.437267531536854,23.223648287660243,309.078210019063,77.16973726360804,2.69247568460541,3.71
Dinorado,Sandy Loam,Wet,Direct Seeded,124.45465586994605,30.021164471629,384.36004372098137,63.350255479479905,2.71016947824938,4.01
NSIC Rc 222,Clay Loam,Dry,Transplanted,120.90603479544336,29.84094700579848,87.90752285260885,66.0077835693091,4.2853496948400345,5.55
NSIC 218,Sandy Loam,Wet,Transplanted,96.60552853373613,22.215899111426754,346.54964420875706,67.57919227812289,3.2502031386343875,4.65
NSIC 218,Clay Loam,Dry,Direct Seeded,180.56077549131498,25.83515094510305,73.75609200294812,74.64587185571418,3.730693700911676,5.25
NSIC 218,Silty Clay,Wet,Transplanted,75.5649802819994,22.687706019711477,218.2909226047638,81.94068144287156,4.9915214589981725,4.84
NSIC 218,Clay Loam,Dry,Direct Seeded,102.86941765988598,29.921057794149583,134.65005048368744,73.82176066812775,3.0965460525475494,4.95
NSIC Rc 160,Sandy Loam,Dry,Direct Seeded,166.12572500343936,29.372696831257045,88.2242996032932,63.78183125512193,4.657899810944299,4.02
IR64,Clay,Dry,Direct Seeded,54.563347158992634,31.01988094293156,139.25875757924496,73.18046631034142,4.013456539802669,4.02
IR64,Clay,Dry,Direct Seeded,150.94256003695529,24.364039589531146,81.48054781784003,64.87899761246665,5.214873077242816,4.27
NSIC Rc 160,Clay,Wet,Transplanted,172.45965895423558,26.56295883127799,224.21465624150179,82.53442055078654,5.418886000880692,5.16
Dinorado,Clay Loam,Dry,Direct Seeded,189.84017582572508,23.844878771643977,50.96234271363946,64.99502581213737,3.9548823569601876,4.62
Dinorado,Silty Clay,Dry,Direct Seeded,181.44449607372275,25.712349344741195,59.761962204667526,74.4760196863337,4.253941177346401,4.81
NSIC 218,Clay Loam,Dry,Direct Seeded,97.90761752505279,27.222432515668842,83.09810110186997,80.80240807983279,4.73752762221266,5.66
NSIC Rc 222,Clay,Wet,Transplanted,137.95462119844288,22.53330789838589,167.322050772578,66.84594191835626,3.4560224256160152,5.28
Dinorado,Sandy Loam,Wet,Transplanted,61.59402397256988,29.148704106773852,221.46695891156935,62.280903229119794,3.1802210515697404,4.14
NSIC Rc 222,Clay,Wet,Direct Seeded,88.6805005322013,27.43293360371075,173.1561999194543,76.89898428224247,5.394055517329016,5.87
IR64,Sandy Loam,Wet,Transplanted,64.13335681212611,30.289590172106735,274.8621798314107,61.626079905131775,3.7978461736587343,3.93
NSIC Rc 222,Silty Clay,Wet,Transplanted,97.27809352309458,24.71780501191197,327.0867698745644,77.63305928904504,2.504772479547321,5.39
IR64,Sandy Loam,Wet,Direct Seeded,181.27808201880936,31.033211052692543,337.7952903747896,82.60495612758604,5.0131548955752505,4.52
NSIC Rc 160,Clay Loam,Dry,Direct Seeded,102.07502595114389,31.986942530304432,84.1985212927012,69.8794797501692,4.298992483873257,3.74
NSIC Rc 160,Clay Loam,Dry,Direct Seeded,134.28471545021398,31.192984383776746,106.22727821685284,74.65048227242076,3.0056756881609124,4.21
NSIC 218,Clay Loam,Dry,Direct Seeded,115.00712721724112,29.77892475833154,41.42928210612831,87.86285514674839,2.590419079531237,4.55
Dinorado,Sandy Loam,Wet,Direct Seeded,118.83747864481029,30.12368802873781,164.88230806204476,74.13326592526657,3.3744472931251934,4.53
NSIC 218,Clay Loam,Dry,Transplanted,195.43580777548374,27.737442425445863,102.23800599517024,89.89662184180166,5.283661286420994,5.72
IR64,Clay Loam,Dry,Direct Seeded,94.4231702395787,23.901538629126104,119.00232117330532,64.71007234073019,5.300473510106837,4.29
NSIC 218,Clay Loam,Wet,Direct Seeded,144.0986704284757,28.770406851477173,234.9889745595505,81.26801707449867,3.4330104589063546,5.37
NSIC Rc 222,Silty Clay,Dry,Direct Seeded,113.00940043691705,29.127530020599316,104.7228785253786,79.57855794591762,5.007792978462151,5.35
IR64,Sandy Loam,Wet,Direct Seeded,59.17192715715293,31.853851402679055,222.04294163685842,86.16914440578981,3.825535969771287,3.48
NSIC Rc 160,Sandy Loam,Dry,Direct Seeded,123.3996247436354,27.413013162563217,77.45593537446271,62.77329635971622,4.463034247409784,4.62
Dinorado,Clay,Wet,Transplanted,172.00149935676626,24.713690150250564,176.07508074683366,68.4061977450545,3.50333162761327,4.94
IR64,Sandy Loam,Wet,Direct Seeded,64.81294530225325,28.836725217395067,240.61782773300143,63.96537677281006,4.0479177888129545,4.33
IR64,Silty Clay,Wet,Transplanted,60.43877710944635,31.793758196664548,224.83002728480903,87.99285366815764,3.3813383396509797,3.85
NSIC Rc 222,Sandy Loam,Dry,Direct Seeded,73.04472805899,23.77213908269094,148.83529115635676,72.79905973935772,2.683343087069388,5.4
Dinorado,Silty Clay,Dry,Direct Seeded,164.66001670839591,25.259979185356027,66.67384227809026,87.30197536605208,2.9181345585746166,4.34
NSIC Rc 160,Silty Clay,Wet,Direct Seeded,158.5993076217107,27.418809537726812,308.62480733481914,68.83220983076468,3.372023483419712,4.84
IR64,Sandy Loam,Wet,Transplanted,134.7526653359166,23.702146348820047,370.82566593342824,63.79104304084956,5.42876135192839,4.44
IR64,Clay,Dry,Direct Seeded,120.23396061389485,22.222206395199382,24.92268604117609,68.89611818958049,5.397016450749975,4.12
NSIC Rc 222,Clay Loam,Dry,Direct Seeded,183.2488722053933,25.369831224412508,125.01059015702802,77.91523077984147,4.982990027453593,5.75
NSIC 218,Clay Loam,Wet,Direct Seeded,165.00467357502237,30.65370801501058,263.71043021830394,85.35697775353773,3.197518153288261,5.4
NSIC Rc 160,Sandy Loam,Dry,Direct Seeded,171.79133769527078,22.434683993237147,39.70817064325855,71.56172079674991,3.8248064216254676,4.32
Dinorado,Sandy Loam,Dry,Direct Seeded,171.98934520259814,26.289290590169173,109.85998020634189,87.44425977760453,3.8193485154721127,4.8
IR64,Silty Clay,Dry,Direct Seeded,146.40757321183372,29.622007729260822,35.056679580117624,67.32696179033786,3.6609197344545517,3.55
IR64,Sandy Loam,Wet,Direct Seeded,118.70219364739188,31.53182596910885,336.66629319170465,80.806220619113,2.634640915269237,3.41
NSIC Rc 160,Silty Clay,Wet,Transplanted,179.70166288784756,31.854753990044323,186.50259177766856,82.07140051446817,4.103582122672953,4.43
NSIC 218,Clay,Dry,Direct Seeded,188.9011126404876,26.219693806087417,12.362834720111513,68.21888757991849,2.7184359763745825,5.31
IR64,Sandy Loam,Wet,Direct Seeded,53.570906488751454,31.503842943791177,373.74159466096614,60.809096349015825,4.905756042153831,3.57
NSIC Rc 160,Clay Loam,Dry,Direct Seeded,57.733230989937695,22.35418973280864,32.37180453046359,70.95712026152266,4.573921428534344,3.68
NSIC Rc 222,Clay Loam,Dry,Transplanted,193.8114945362656,29.459169379985564,62.778417520615065,61.35588441918408,3.558211019930604,5.7
NSIC 218,Sandy Loam,Wet,Transplanted,91.57409207662921,28.42746034633613,188.14868455377308,87.02261326206533,4.4414091466373895,5.91
Dinorado,Silty Clay,Wet,Direct Seeded,181.0054159474128,24.49521857586152,198.02529514984732,88.60575788802174,3.1991110196772943,4.9
IR64,Clay Loam,Wet,Transplanted,108.3192678442104,27.07318500679649,176.61595089691912,82.06139747838002,3.295750194869897,4.62
NSIC Rc 160,Silty Clay,Dry,Direct Seeded,67.86500864140334,23.295537377604955,24.92655459817176,81.80053755941502,3.442400550776215,3.56
NSIC Rc 222,Sandy Loam,Dry,Direct Seeded,62.06648003140014,30.71597150951561,37.67507179299548,67.22678008235192,4.89103479980599,5.09
Dinorado,Sandy Loam,Wet,Transplanted,73.47618486206846,25.57898085545648,227.4198753801341,62.21776729674254,3.1320740405382534,4.39
NSIC Rc 160,Clay Loam,Wet,Direct Seeded,87.48397923010471,28.260444704657164,288.10261167888154,84.06313907582751,4.1883436824581155,4.38
NSIC Rc 160,Sandy Loam,Wet,Transplanted,123.27775308962393,23.587762862872623,396.9985278515817,76.77485794660103,3.101401343264455,3.76
Dinorado,Clay,Dry,Transplanted,155.22468508486753,24.06164844631207,117.04767887581501,80.44882592361525,3.3551122751872446,4.98
NSIC Rc 222,Clay,Dry,Transplanted,197.959786472795,31.919563708031518,117.7837051167983,83.3892320425869,3.2064438789594742,5.51
NSIC Rc 222,Clay Loam,Dry,Direct Seeded,116.22601149337567,29.53086394441329,124.44835180673674,72.28302806856807,4.435014013219858,5.81
NSIC 218,Clay,Wet,Direct Seeded,127.72774135146648,31.61971869774071,348.34200866438596,64.33639769934953,4.080186833367341,5.4
IR64,Silty Clay,Wet,Direct Seeded,128.27235520748835,24.958511652120443,245.10895072299547,83.85110398088686,4.66389743771666,4.44
Dinorado,Clay Loam,Dry,Direct Seeded,130.9151533231904,23.645628766198204,127.76173311666295,73.61296917685222,3.1598303119989577,4.81
Dinorado,Clay Loam,Wet,Direct Seeded,127.66109856566933,27.030684634788308,293.9615144758926,84.80772692567797,2.5274456071781115,4.78
Dinorado,Silty Clay,Wet,Direct Seeded,51.31621325928767,26.946682822273434,305.8270077348019,73.13097440280038,4.541528701391004,4.18
NSIC Rc 222,Clay,Wet,Direct Seeded,50.25872331647611,23.74946513757988,355.6818053118368,66.51049225371918,2.844561875485228,4.84
IR64,Clay,Wet,Transplanted,64.64994771891844,29.3321956958141,334.1129463549501,65.13015049961346,3.238915673271868,4.07
NSIC 218,Clay,Dry,Direct Seeded,65.23349051437683,25.61777534438734,68.86102524592576,82.31765269677504,3.4170584573836678,5.01
NSIC Rc 160,Clay Loam,Wet,Direct Seeded,155.73453634321942,23.863652309305174,292.3227817427851,77.2466736838199,4.740406276872604,4.54
NSIC Rc 160,Clay Loam,Dry,Direct Seeded,80.73740487739997,25.319833945432883,131.456952497094,72.13808701394059,4.377675431972282,4.34
Dinorado,Clay,Dry,Transplanted,184.20711571334192,27.63658699635015,83.63116250196603,74.76350268573997,3.0527963095774866,4.99
IR64,Sandy Loam,Wet,Transplanted,189.29094943655292,29.264709321804432,317.2957567599142,76.4891581585962,4.293663431859225,4.68
NSIC Rc 222,Clay,Dry,Transplanted,196.3840006843848,26.818908860574844,75.88359637104114,67.18249325477387,4.624443985331835,5.89
IR64,Silty Clay,Dry,Direct Seeded,190.86219573305303,27.255949898283735,110.59508605940862,71.34496739093068,3.6666916083705146,4.55
IR64,Clay Loam,Wet,Transplanted,90.78324828777869,23.389459359427484,336.47940274072494,68.77234395329205,3.237858742083556,3.61
NSIC Rc 222,Silty Clay,Dry,Transplanted,126.46652670552687,31.14690924708232,39.93457759038701,71.65271540236881,4.5369483187443675,5.39
Dinorado,Silty Clay,Dry,Direct Seeded,76.31824552954114,31.287241979920445,120.52963275584608,75.01686640553714,4.332673600424492,4.18
IR64,Clay Loam,Dry,Direct Seeded,170.93144827586497,28.834265904180036,70.12521571926845,65.20072617163098,2.7337364754124605,4.03
NSIC Rc 160,Sandy Loam,Dry,Direct Seeded,183.2647557716144,22.17631408934025,27.82135796052646,71.80545187946664,4.500038920701263,3.98
NSIC Rc 222,Clay,Dry,Transplanted,177.69332589462724,27.37074215903326,26.70366789237546,71.5648332992077,3.965553798505896,5.97
NSIC 218,Silty Clay,Dry,Direct Seeded,115.00504230452523,28.292189720886135,33.086944138538016,68.58011450526789,4.760106870933182,5.14
Dinorado,Clay Loam,Dry,Direct Seeded,163.80108270301713,31.946542229581098,134.68018279412954,89.95488974407357,3.0721526256394807,4.39
NSIC Rc 222,Silty Clay,Dry,Direct Seeded,64.63687543644042,31.960669551947966,148.73129511626664,62.20882526982874,3.274649253704129,4.67
NSIC 218,Clay,Wet,Direct Seeded,56.0367155928876,30.576112353255574,183.28601478335108,79.28853417857208,4.129938217292564,4.9
NSIC 218,Sandy Loam,Wet,Direct Seeded,162.98546214631415,22.638309920261136,200.11386532634498,65.23315819609307,3.9452005836765975,5.64
IR64,Sandy Loam,Wet,Direct Seeded,113.80329114930255,31.5327639077873,322.1460722268792,85.18571967855547,3.6590961131694897,4.14
IR64,Sandy Loam,Dry,Transplanted,199.3323897109354,28.12661247151999,59.976331888179686,87.42589608027902,4.738099943289367,4.89
IR64,Clay Loam,Dry,Direct Seeded,64.58813237832986,30.008867704791797,50.900139308741664,72.04433947826877,4.194254690884847,3.76
NSIC Rc 222,Clay Loam,Dry,Transplanted,178.34415223028506,26.071928496858536,40.627936163207224,84.70435348262129,4.630815561682356,6.16
NSIC Rc 222,Sandy Loam,Wet,Transplanted,121.99745982934876,25.1966947123459,362.60639049690803,67.4972834805018,2.9597648869573474,5.25
Dinorado,Clay,Wet,Direct Seeded,174.07252932558157,26.63244145483808,252.31557067494197,64.20205521987785,4.686964885436612,5.06
IR64,Clay,Wet,Transplanted,172.56909232552172,23.46874512968827,394.9725806178015,69.47634799207833,3.8845843243008757,4.09
NSIC 218,Clay Loam,Dry,Transplanted,187.3988002043116,25.57066138753306,125.33430680341436,70.25022041673142,2.6013038070537613,5.81
NSIC Rc 160,Sandy Loam,Wet,Transplanted,94.67750169291541,30.576174997682784,204.01793316834323,71.92072634356737,3.2034746619894974,4.51
Dinorado,Clay,Wet,Direct Seeded,192.46990301930046,22.379504862608815,254.17482051085972,71.18876825873457,2.577269175221734,4.55
NSIC Rc 222,Clay,Dry,Transplanted,72.75004405364304,23.508780468246044,39.289047538642656,72.33433358551511,3.870623565973131,5.66
Dinorado,Clay,Wet,Transplanted,62.29531663902358,23.251161596494857,244.63076086581327,81.30100097415391,3.4776392816652564,4.54
Dinorado,Clay Loam,Dry,Transplanted,114.74232760585237,26.03075542700228,139.37261819023777,67.36740398597206,5.462348679739754,5.26
Dinorado,Sandy Loam,Wet,Transplanted,174.2484452962764,31.969869008908617,382.57398518160727,60.55726787295365,5.1055123508705895,4.82
Dinorado,Silty Clay,Dry,Direct Seeded,121.01316959501683,23.733579302113828,103.42905305597958,74.69041654143815,4.977012581029448,4.34
NSIC Rc 160,Sandy Loam,Dry,Direct Seeded,174.3930016295771,23.454826495992602,135.59789083368725,73.44873732614592,4.003349647093737,4.22
IR64,Sandy Loam,Dry,Transplanted,159.4530208691458,31.150557297761544,87.56137961518048,61.801949695302916,4.9212624980523,4.46
NSIC 218,Clay Loam,Dry,Direct Seeded,81.41425792084003,30.820505169659658,106.69518070554955,64.01404204504242,3.3006089423882656,4.81
Dinorado,Clay,Dry,Direct Seeded,192.3322437349196,22.322403699965545,96.72413409207907,75.29762684054681,4.181948403539575,4.84
Dinorado,Clay,Wet,Transplanted,59.117175294410515,29.51705960179315,221.34462939313488,67.04252280058738,3.67875418395823,4.43
Dinorado,Clay Loam,Dry,Direct Seeded,184.74195613156925,28.554657014764295,126.36736388533156,86.3279488242434,3.014025734568189,4.84
IR64,Clay Loam,Dry,Direct Seeded,95.6665173485561,29.67740809852709,127.02051356602335,65.19877459378486,2.717840294105212,3.94
NSIC Rc 222,Clay Loam,Dry,Transplanted,125.0222124746599,26.94502454795922,92.57101997831752,60.603678955455486,4.1746551489148445,5.93
NSIC Rc 222,Clay Loam,Dry,Transplanted,113.35278090511017,31.913792184482958,98.55107090616812,73.42691308173181,2.7929174046406184,5.27
NSIC Rc 160,Clay Loam,Wet,Direct Seeded,75.77518353753743,22.438470187109633,267.6976945105539,89.58489331824767,4.654009290057948,3.74
NSIC Rc 222,Silty Clay,Dry,Direct Seeded,103.72202996025396,24.343715864038057,139.0626288696962,79.01617578919429,5.264405436178468,5.08
Dinorado,Sandy Loam,Wet,Direct Seeded,78.94016544391928,25.96545986973615,196.80845990383236,70.62089163785774,2.986318329134683,4.28
Dinorado,Sandy Loam,Dry,Direct Seeded,80.58297131907858,26.497779415657032,140.18130775509573,60.50604034403575,3.9128157355306845,4.46
Dinorado,Sandy Loam,Dry,Transplanted,78.05852540395705,31.213674026995186,102.99496974532543,74.5484531922668,4.716323779179476,4.24
NSIC Rc 160,Clay,Wet,Transplanted,123.35260705198914,27.60004364077259,280.316559640611,66.19398006415291,3.3605189830990803,4.54
Dinorado,Silty Clay,Wet,Transplanted,169.68970512669733,22.45110995520394,364.3510423658978,79.43262256339938,5.262293558898811,5.14
NSIC Rc 222,Sandy Loam,Wet,Transplanted,135.34550506418617,26.078629634256618,226.00986547264105,77.49025481193904,5.165396676609733,6.32
IR64,Clay,Dry,Transplanted,183.98098828262627,26.1649041236907,11.085598944242896,67.95641326161555,2.8112630671890337,4.51
IR64,Silty Clay,Wet,Direct Seeded,145.48167328650862,31.65490938437785,352.6980180407071,62.06648202656015,2.5821993145955204,4.02
NSIC 218,Silty Clay,Dry,Direct Seeded,153.40101734489065,27.99197091021108,24.61757006555174,82.65057594121004,5.429375448938206,5.25
NSIC Rc 222,Clay,Wet,Transplanted,150.1410844590505,28.356510711589387,377.8278955439065,77.56392283778827,5.369425074313393,5.8
Dinorado,Silty Clay,Wet,Transplanted,117.41887897756118,29.132530312512706,168.2394724286409,85.26378748525886,3.7668568133978897,5.03
IR64,Clay,Dry,Transplanted,153.40082333001243,29.70039315682123,130.11195444841826,67.79400046910149,2.651689972317917,4.21
NSIC Rc 222,Sandy Loam,Wet,Direct Seeded,60.456161970344176,28.35051070202489,339.10613407981276,79.58586194341237,4.356626658238084,5.14
IR64,Clay,Wet,Direct Seeded,178.97772078734948,24.371943511339353,213.8358590376227,63.56041501586055,3.3802303221659686,4.93
Dinorado,Silty Clay,Dry,Direct Seeded,166.6718215165876,30.74045914341164,21.85997629191221,68.75429723750531,5.310168960701663,4.72
IR64,Sandy Loam,Dry,Transplanted,86.78449373475182,29.3211980041063,39.892685319709294,79.69617335632108,4.883985775162911,4.66
NSIC 218,Sandy Loam,Dry,Transplanted,165.20486813811237,29.418704850969558,42.276535231031254,84.76743915434379,4.448781352400331,5.02
NSIC 218,Clay Loam,Wet,Transplanted,51.89639021000277,31.96556739234749,193.83191563415727,69.6277650523004,3.3535115425405855,4.83
IR64,Clay Loam,Wet,Transplanted,82.58698587213206,30.02526534863316,300.28059800625897,83.96560669669503,4.6038057383251525,4.37
NSIC Rc 222,Silty Clay,Wet,Transplanted,59.77058580063439,30.291514031551532,326.40065405717496,80.33257380819848,3.367504800277612,5.22
NSIC Rc 222,Clay,Wet,Direct Seeded,167.0340374926842,31.514055157101584,248.69024643380345,70.46024314522799,2.612892952455628,4.86
NSIC Rc 222,Clay,Wet,Transplanted,163.38112267675808,23.51133999848894,159.79342677054765,86.29190813233318,4.025303762860823,5.81
IR64,Silty Clay,Dry,Direct Seeded,172.0454035702746,26.977273764780676,94.03286776918668,75.27687198106294,3.966053634366073,5.18
NSIC Rc 222,Sandy Loam,Wet,Direct Seeded,50.672253998829326,27.805670235907876,377.17613104919826,79.44740467638246,4.789017919078701,5.3
Dinorado,Silty Clay,Dry,Direct Seeded,125.1849090017612,25.292757292224575,90.72859170372699,74.8689402571044,5.097021647063334,4.94
NSIC 218,Silty Clay,Wet,Direct Seeded,155.72542962760048,30.394033438945055,332.68672921187374,73.58159881472304,3.563405466082786,4.95
Dinorado,Sandy Loam,Dry,Direct Seeded,73.31016931085232,29.624196216457236,50.518453278856036,85.4393315171657,3.8484190306110126,4.26
NSIC Rc 222,Clay,Wet,Transplanted,147.46860912689368,29.20883074508124,217.91670167075367,68.84113245115877,3.9112012589335845,5.93
Dinorado,Silty Clay,Wet,Transplanted,62.616514896452856,31.97149439758167,274.21596393618495,61.09887667091174,3.472672253117138,4.58
NSIC Rc 222,Clay,Dry,Transplanted,77.19887841564697,24.593813734083906,39.065591179582,86.39347930634884,4.730160770875571,5.73
IR64,Silty Clay,Wet,Direct Seeded,121.36952224919015,29.354572516754214,156.9481974917695,84.75071859153549,4.066303555618898,4.4
Dinorado,Sandy Loam,Dry,Direct Seeded,148.0347729021653,27.514044749059007,117.03448418004662,70.99681423708839,5.24186732316592,5.04
IR64,Sandy Loam,Wet,Direct Seeded,71.88036904308441,25.12989182493876,234.82069545148545,65.56353416115634,4.450932315686758,3.76
IR64,Clay Loam,Wet,Direct Seeded,77.78349962464068,23.60586870723126,280.63380889627956,80.26600929145413,3.1356896766819173,3.41
NSIC Rc 160,Sandy Loam,Dry,Direct Seeded,80.66695505984944,30.958838370675473,140.96386178483667,62.36282710906918,2.994425946241109,3.9
NSIC Rc 222,Clay Loam,Wet,Direct Seeded,85.80512070484677,27.954554827078454,279.30590377906253,72.71264266616426,3.6171530137488763,5.66
NSIC 218,Silty Clay,Dry,Transplanted,83.98307727894368,30.249338376407948,17.392795188301417,62.575869646200935,3.5407796207709197,5.25
NSIC Rc 222,Clay,Wet,Direct Seeded,109.27236627464552,27.45344984001545,202.04621950213527,77.93729025986289,3.7213954745875304,5.5
NSIC 218,Sandy Loam,Wet,Direct Seeded,148.06844762550844,24.199770806540194,344.1868415459727,60.8162515142889,3.0507732109133263,4.61
NSIC Rc 222,Sandy Loam,Wet,Transplanted,115.70476747017045,25.37548813100325,224.71553963166087,78.87715126902935,5.434668010079468,6.28
IR64,Sandy Loam,Wet,Direct Seeded,166.39608631248322,25.815388424735467,295.10250579449314,80.1961671986819,2.9371293186061864,4.08
Dinorado,Silty Clay,Wet,Transplanted,157.8902758922922,31.72934812503702,217.8805563844937,74.61433423875454,4.457946322672963,4.58
Dinorado,Clay Loam,Wet,Transplanted,68.97903710736135,22.056332783813826,256.29196824669253,65.25021987892836,2.5392077051937694,4.11
NSIC Rc 160,Silty Clay,Wet,Transplanted,57.32624349811159,31.85666023024507,201.87865631255755,63.04181815881622,3.720883114957039,4.04
NSIC 218,Clay,Dry,Direct Seeded,181.6912345999409,31.804616351098307,28.645264778680797,69.3987704441101,3.4275501972851092,5.32
NSIC 218,Silty Clay,Wet,Transplanted,61.974659984431014,31.961507905301367,308.2519481330096,73.95620038800037,3.6460739132182556,5.07
NSIC 218,Clay,Wet,Transplanted,72.25087710795697,26.765881789196346,256.3960900353377,79.26624950534534,3.994232034319341,5.23
IR64,Sandy Loam,Wet,Direct Seeded,53.31999133371771,31.638089696209995,154.02932612194107,60.037503825554985,4.301125004572953,4.18
NSIC 218,Clay,Dry,Transplanted,144.25045479479806,25.955991818498273,99.90295841879905,81.33191757706089,4.2505340343829,5.63
Dinorado,Clay,Dry,Direct Seeded,137.3555844737523,22.262944406683868,122.6218032339996,81.38135796375829,4.392141010363339,4.81
IR64,Clay Loam,Wet,Direct Seeded,198.03554996528834,24.243471863717645,157.04124850419151,73.336134194775,5.033643047661371,5.08
NSIC Rc 222,Clay,Wet,Transplanted,183.0398594475758,31.452962449373846,267.78357961785554,70.30219337243855,5.1601514668439545,5.92
NSIC 218,Clay,Wet,Direct Seeded,111.62647662213647,22.137646933354,195.80646672633858,85.26925694011075,4.711750901682393,5.36
NSIC 218,Silty Clay,Dry,Direct Seeded,105.73787613688025,27.45994135422975,120.76641362869594,83.53762446093684,2.736826728773212,5.01
NSIC Rc 222,Sandy Loam,Wet,Transplanted,94.52780514199776,22.75601588894679,296.26051203618556,89.49828265553171,5.383877174529803,5.83
NSIC 218,Silty Clay,Dry,Transplanted,72.8610380056822,24.863965784275784,110.75564143157649,71.15792416016856,5.342194259041139,5.44
NSIC Rc 222,Silty Clay,Wet,Transplanted,70.71254849030136,22.880928507118867,252.04794544300535,87.20497814571294,4.635111383636061,5.76
IR64,Sandy Loam,Dry,Transplanted,69.84255620144081,30.595286211130563,134.23991362973288,62.622056576788566,4.052317214205772,4.49
Dinorado,Sandy Loam,Dry,Direct Seeded,67.11721357801679,27.910707096477058,40.428843139913795,72.34398198752557,3.2518550750076765,4.34
NSIC Rc 222,Clay,Wet,Transplanted,86.07680636083055,31.02106465718313,313.6049588849307,73.96122356245976,4.769053418496628,5.45
NSIC Rc 160,Clay,Wet,Transplanted,96.00029454696747,28.883531995402283,388.0987935159879,73.22622948610375,5.133580536148868,4.37
NSIC Rc 222,Clay Loam,Wet,Transplanted,194.23684565583739,31.710291312450998,282.18403369881344,78.7529456529337,4.495562802669814,5.18
NSIC 218,Silty Clay,Wet,Direct Seeded,136.77098765028285,27.098776547604068,346.8446508975249,65.10623516514507,4.3872178985853125,5.21
IR64,Sandy Loam,Wet,Direct Seeded,198.13936617699216,28.387105817628743,338.2602490789843,85.99356515178756,3.0790141137117586,4.56
IR64,Clay,Wet,Direct Seeded,105.87004217385099,27.763088198890564,380.4477760809663,76.55292055618918,3.5733895686825687,4.24
NSIC Rc 222,Sandy Loam,Wet,Direct Seeded,118.64399488841616,26.842604294466128,203.50446680950154,87.12628644039793,4.669408666097537,5.72
Dinorado,Clay,Dry,Direct Seeded,98.68679887479188,30.459593654230126,25.0207325088726,60.07894932064454,2.5506962165536704,4.05
NSIC Rc 160,Clay Loam,Wet,Transplanted,77.4331476344829,28.4452513567036,356.8317426962352,78.8996434077899,4.423792831566658,4.28
IR64,Clay Loam,Wet,Direct Seeded,71.47470616663688,30.013122648554727,376.38009462617174,72.373735405645,4.800010903030744,4.07
NSIC 218,Sandy Loam,Dry,Direct Seeded,191.7618796711748,29.86363936602413,96.15081581279156,75.15297185248373,3.504113458812345,5.87
NSIC 218,Clay Loam,Wet,Direct Seeded,198.02160226981337,23.910451606552954,248.19074523689443,82.31413532340856,2.728503307602367,5.54
Dinorado,Sandy Loam,Wet,Transplanted,56.736424476309736,28.501635325176437,228.45404864974205,66.81455245010069,4.957358136651996,4.67
IR64,Clay,Wet,Transplanted,72.55188120976499,23.99648019181334,388.0089774195719,66.14698305643164,2.9255104884550684,3.75
NSIC Rc 222,Silty Clay,Wet,Direct Seeded,113.52861384515339,27.833204782437708,306.908205534717,81.0902345321143,3.6124033179093207,5.84
NSIC 218,Clay Loam,Dry,Transplanted,77.9500214516611,28.774346844463004,125.11862481328053,75.64097276832541,4.621762315203339,5.05
Dinorado,Clay,Dry,Direct Seeded,104.58205904403249,31.97235071587587,91.48610098728025,67.00917294185071,4.950957962954301,4.25
IR64,Silty Clay,Wet,Transplanted,69.364452478945,22.305419781497385,245.16912131036707,74.52055904008246,5.0871457554655475,4.42
IR64,Silty Clay,Wet,Transplanted,118.47676350826853,22.91242394113721,347.95693023290755,73.78675217331478,4.091251574833347,4.47
IR64,Silty Clay,Dry,Direct Seeded,90.7541924253889,22.770266963712317,144.81964824424688,80.74333282245935,3.9276150893675967,4.13
IR64,Clay,Wet,Transplanted,102.78575836379912,25.9836128626674,226.11847540392876,60.079833108578384,5.044951831054089,4.54
IR64,Clay,Dry,Direct Seeded,64.14689771941214,30.215883614858136,121.3790245948505,77.6028079731445,4.189231285142414,4.06
NSIC 218,Sandy Loam,Dry,Direct Seeded,114.21920760652125,30.440563327871356,108.11085212729652,78.17034451536827,4.235952185245694,5.19
Dinorado,Silty Clay,Dry,Direct Seeded,197.48864164423549,29.369795957211515,18.436020722042702,82.3653041156376,3.801920103981402,4.79
IR64,Silty Clay,Wet,Transplanted,99.32495703217855,30.968782418299476,194.10189651746552,86.67691398106348,3.618441915763119,4.26
NSIC Rc 160,Silty Clay,Wet,Transplanted,181.46439122636525,25.228599441694527,285.99240894942636,73.20569391335067,3.9416225718694875,4.81
NSIC Rc 160,Sandy Loam,Wet,Direct Seeded,176.47987124355276,22.881546442522993,291.5530112276508,70.27560672926653,3.5945424810883817,4.07
Dinorado,Silty Clay,Dry,Direct Seeded,192.8087627445816,22.5815302798985,25.083913422435494,63.06961132533859,3.5306393499077156,5.11
NSIC Rc 222,Clay,Wet,Transplanted,168.51642684006418,30.521327196193862,356.4366205668345,70.105075346797,5.480993026023682,5.91
NSIC Rc 222,Silty Clay,Wet,Direct Seeded,148.93952405882226,29.304362943536912,264.25683875510754,62.05453993333223,3.508640482215544,5.73
NSIC Rc 222,Clay Loam,Dry,Transplanted,178.48766663411865,28.986153060111207,119.8772685627672,84.08460616024365,3.269151242598001,5.84
NSIC Rc 160,Clay,Wet,Transplanted,61.34670209860245,25.396763385456687,353.6466348763354,84.2101844353751,3.5617722695278795,4.31
NSIC Rc 222,Sandy Loam,Wet,Transplanted,119.42459857982116,25.799051886182262,227.8306698370846,72.51712971884335,4.272344021908318,5.59
NSIC 218,Silty Clay,Wet,Direct Seeded,198.38843579225883,31.581135288993192,293.842050544448,67.78923701629472,5.232971459869495,5.08
IR64,Clay Loam,Dry,Direct Seeded,165.44002269420986,22.63804744097935,37.753309580784105,63.540602263568154,4.863592750593283,4.21
NSIC Rc 160,Sandy Loam,Wet,Transplanted,194.31130670558346,29.737317369377926,202.11819472517897,85.53711498065539,5.026723417227104,5.58
Dinorado,Sandy Loam,Dry,Direct Seeded,166.94515342002188,25.096333237083932,14.036924651058678,86.32485835156216,5.077025832051573,5.07
Dinorado,Clay,Dry,Direct Seeded,181.23229511632164,22.39054618412556,137.50649600457507,67.98868843769442,5.261585189340602,4.69
IR64,Sandy Loam,Dry,Transplanted,155.97944484547867,29.42570110742456,134.71275231817276,78.65281645403292,3.2052136987266397,4.57
NSIC Rc 160,Sandy Loam,Wet,Transplanted,164.07530066258596,25.309118856783748,246.3614877291491,67.75960994371167,3.8750980931123067,4.61
NSIC Rc 222,Sandy Loam,Wet,Direct Seeded,128.4767014759251,29.221475187427966,364.38492445821277,66.75379881430736,3.6555929997293397,5.41
NSIC Rc 222,Sandy Loam,Wet,Transplanted,188.63565512211994,29.0765438311812,203.99704835893877,60.636241518942455,3.645630983840501,6.21
NSIC 218,Silty Clay,Dry,Direct Seeded,173.75583659350423,27.347868754331152,40.58773581240886,77.31478252758188,4.456850955106555,5.74
NSIC 218,Silty Clay,Dry,Transplanted,176.58274484984483,29.773731292105488,119.22887613021365,64.49824629556672,3.70540918095323,5.18
NSIC Rc 222,Silty Clay,Wet,Transplanted,150.95136514445784,27.810383241712437,352.559865724817,60.37113548600796,4.348990917751611,5.55
Dinorado,Silty Clay,Dry,Direct Seeded,95.68699206308736,24.866368528482607,16.717152569631715,63.14553493010452,3.6468380911834233,4.25
Dinorado,Clay Loam,Wet,Direct Seeded,55.3444693085209,29.34115301064419,220.71791446185154,69.41307574763441,3.4333845481732688,4.13
NSIC 218,Silty Clay,Wet,Direct Seeded,190.3482694114317,27.891398158777235,158.62242991986344,80.07489570335134,3.559231535329542,5.36
IR64,Sandy Loam,Wet,Direct Seeded,137.91805232082453,22.127272816899204,177.48364251421157,66.07869159996375,4.91127116804128,4.37
NSIC Rc 222,Silty Clay,Wet,Direct Seeded,94.72144567222104,31.016441777703093,336.469886330197,86.62771687595016,4.303153108686673,4.98
NSIC 218,Silty Clay,Wet,Transplanted,72.37026617713067,27.456436183243135,215.51773162553707,68.6546523114885,5.421993199049844,6.27
NSIC 218,Clay,Wet,Transplanted,174.4284748251132,30.686272654795317,313.53639806031805,69.9367886827095,4.997968679139198,5.47
NSIC Rc 222,Sandy Loam,Wet,Direct Seeded,175.4780291671368,30.827368389822446,324.7997256893083,66.53931539855932,3.9573418250021235,5.43
NSIC Rc 222,Silty Clay,Dry,Transplanted,172.1761952195797,26.449666567350885,49.90812053525683,67.61416011215515,3.2271290052822277,5.89
Dinorado,Silty Clay,Wet,Direct Seeded,146.76240379501792,27.07659996451231,236.27961610867123,62.224053436594254,4.521727334365435,4.69
IR64,Silty Clay,Dry,Transplanted,104.9023081387814,26.15754387675602,97.31336715592748,68.84311736148568,4.679938081935807,4.65
IR64,Clay Loam,Dry,Transplanted,95.61054271703856,26.494367753080454,116.84505946217396,85.7885237880187,3.892527939375877,4.54
NSIC Rc 222,Silty Clay,Wet,Direct Seeded,51.28321551772553,30.95147158971728,268.72974680278503,80.6527362418684,3.1897663972320722,4.91
NSIC Rc 160,Clay,Dry,Direct Seeded,175.04113380323605,29.88144013967911,11.45588643034654,86.2580461159685,4.171714953589795,4.36
NSIC 218,Sandy Loam,Dry,Direct Seeded,63.11490462404637,23.26525676315578,55.66920585832417,63.1457704313807,3.26148775707834,4.7
NSIC 218,Sandy Loam,Dry,Transplanted,144.61324970611514,28.103077815400958,40.00837840891436,73.66849892526477,5.319994952891313,5.98
NSIC Rc 222,Silty Clay,Wet,Direct Seeded,125.61124202601326,31.959066403863424,250.94177261395265,66.87764618940345,4.386652744101158,6.07
NSIC Rc 160,Silty Clay,Wet,Direct Seeded,129.0034038389527,27.95550701232486,386.8372490886335,81.63646771668444,3.3757928850076446,3.89
Dinorado,Silty Clay,Wet,Direct Seeded,189.006926796166,29.858716255931057,229.98721558789686,89.10713474177672,3.1471920650035736,4.51
NSIC Rc 222,Sandy Loam,Wet,Direct Seeded,54.74225169068632,29.69061473381171,195.8307605562402,84.46078437150864,4.650169850155363,5.46
NSIC Rc 222,Sandy Loam,Wet,Direct Seeded,166.00883369431585,25.503175258723285,241.39821071889457,61.05834500253019,4.623379840725258,5.39
NSIC 218,Clay Loam,Dry,Direct Seeded,57.80785975509607,25.71849302703959,149.8292568048213,69.49979083932702,4.291396694525725,5.32
NSIC Rc 222,Clay,Dry,Transplanted,55.72304089030658,29.240764217904033,103.9375125339329,60.857390713515706,4.342903075537664,5.49
NSIC Rc 222,Clay Loam,Wet,Transplanted,114.47265472120729,26.99983531604835,317.3789269005031,61.20500900792957,4.311607008476869,5.96
NSIC Rc 222,Clay,Dry,Transplanted,59.461276151445006,27.70570709130388,66.79400340316414,62.38545912493242,3.5803103404315517,5.33
NSIC 218,Clay Loam,Dry,Transplanted,168.3715926939368,29.129057903648377,20.591364277295902,68.28980786911686,5.31224323002242,5.71
Dinorado,Sandy Loam,Dry,Direct Seeded,129.43446404725057,29.775750270390503,93.81383605097493,69.12608302914393,3.9378353927887533,4.64
Dinorado,Clay Loam,Dry,Direct Seeded,54.35581739896617,24.715165777330714,99.83820593104899,72.01360539704665,2.5609837004367693,4.15
NSIC Rc 222,Clay,Wet,Transplanted,56.07510297228793,23.46793759436963,324.34067259036635,72.14793283398889,3.545084027164976,4.84
NSIC 218,Silty Clay,Wet,Transplanted,141.90027946092192,24.91794646723725,381.0143288400017,83.14227035529544,2.8908477359427986,5.2
Dinorado,Clay,Wet,Transplanted,170.91677264876074,27.075383250920755,370.43862121895233,64.24209730736699,3.5901513731436503,5.41
Dinorado,Silty Clay,Dry,Direct Seeded,115.66992969121603,25.42141317297039,124.29682985043891,64.73221847412773,4.324787455107198,4.77
Dinorado,Sandy Loam,Dry,Direct Seeded,133.18710073034367,27.683627588475936,50.4007594087109,78.79767155016702,2.567993423565772,4.45
NSIC 218,Clay,Wet,Direct Seeded,169.97441810748523,22.534657241256284,222.08013010431887,77.1522645657749,5.110601593683605,5.91
NSIC 218,Clay Loam,Wet,Transplanted,141.57592610627287,27.09750411613767,263.7908122418991,64.62014116446338,4.330927355404526,5.59
NSIC Rc 222,Clay,Dry,Transplanted,83.71403564882291,25.679849069377077,147.3999312672135,85.56793280561757,3.3861156287769845,5.81
IR64,Silty Clay,Wet,Transplanted,141.9578038804218,27.346667548928824,336.8172470458585,69.87178242303622,3.433615521772845,4.33
Dinorado,Sandy Loam,Wet,Transplanted,144.24191885978203,26.22533354884977,379.13432015050626,71.00902045633458,3.897004529548452,5.07
IR64,Clay Loam,Dry,Transplanted,160.116047132169,24.842258506375423,71.52520350395292,72.61380242503766,3.2442754180053806,4.6
NSIC 218,Clay,Dry,Direct Seeded,143.13112813352018,31.041079054576358,51.432125652329105,69.68105612216807,2.5130257832828384,4.69
NSIC 218,Silty Clay,Wet,Direct Seeded,195.3863195687057,23.84764988421357,234.29125321422296,76.7236515681788,2.57967234453779,5.27
NSIC 218,Clay Loam,Dry,Direct Seeded,79.59324630756026,28.8136557558056,58.7829067602041,71.65943169474596,3.5732220159160595,5.16
IR64,Sandy Loam,Wet,Direct Seeded,192.66360193506145,31.24644712582414,261.110358544249,67.78304177835862,2.872665029825825,3.74
NSIC 218,Clay Loam,Dry,Direct Seeded,130.75092355250246,27.38669959685433,82.74204741539734,87.13424603132323,2.567091023941246,5.03
NSIC Rc 222,Sandy Loam,Dry,Transplanted,150.7934210742368,30.764084885794823,141.13821903099782,69.25052220420464,5.077807810104521,6.06
NSIC 218,Clay Loam,Wet,Direct Seeded,64.91923961782848,23.248514784332844,374.8695676134022,80.95466776406465,3.3224119409285597,4.52
NSIC Rc 160,Clay,Dry,Transplanted,107.08639120671606,26.937887702564083,112.92223170871607,70.41680311070688,4.0093677315004035,4.65
IR64,Silty Clay,Wet,Direct Seeded,165.4068719694759,26.570252804809392,239.62096828960568,73.05659960632416,3.0382272525748695,3.98
NSIC Rc 160,Clay,Dry,Transplanted,156.03665226484856,22.081188070369947,90.79535092492952,67.07830570203996,2.640174916731287,3.97
NSIC 218,Clay,Wet,Transplanted,56.02090822481153,26.432573413593346,270.12824654793394,82.56988858161762,4.7345988984657446,5.57
NSIC Rc 222,Sandy Loam,Dry,Transplanted,131.98913952458668,25.69029756382598,32.793454317180654,82.1160975427876,2.87487056394035,5.28
Dinorado,Sandy Loam,Dry,Transplanted,63.241728945261414,28.697987277746154,30.909463524722035,60.66719837424301,2.577150707210976,3.88
NSIC 218,Sandy Loam,Wet,Transplanted,199.37846437672434,31.383297785765187,376.12603530451975,61.805821209038754,4.26169098479023,5.66
NSIC Rc 222,Clay,Dry,Transplanted,184.5944882799942,22.857910882620367,80.30756793389897,87.67129364234819,2.5404027172643486,5.65
IR64,Clay Loam,Wet,Direct Seeded,53.16209906428055,25.27476386714623,350.5608044974621,86.66480541713553,3.808857834430965,3.56
NSIC Rc 160,Clay Loam,Dry,Transplanted,178.79743683539462,26.440647373942518,112.01921864423088,75.18261578335591,3.3665081454334485,4.84
NSIC Rc 160,Clay,Dry,Transplanted,187.91444008376115,26.551853780343833,115.14170418571541,74.8007217467501,3.4582539548132587,4.58
NSIC Rc 160,Clay,Wet,Direct Seeded,103.03223338451826,29.748097208422536,210.8577312524507,84.37272523151378,2.5116971293420893,4.07
IR64,Silty Clay,Dry,Transplanted,157.92524825716487,26.43395665833441,41.628013742676174,64.15350440654638,5.3930382411483855,4.81
NSIC Rc 222,Sandy Loam,Dry,Direct Seeded,116.31556193116684,22.271613014536534,24.01393179861546,79.61097364037877,4.050889307450614,4.89
IR64,Sandy Loam,Wet,Direct Seeded,148.2848726864516,29.10104094592831,231.19876635298334,74.27948983461779,4.217536399125051,4.64
NSIC Rc 160,Clay,Dry,Transplanted,101.04761064472872,30.848296951456717,63.824538495530525,82.29993087946869,4.4983674547360835,4.48
NSIC 218,Clay,Wet,Transplanted,98.38388549499025,27.139047125496727,238.23968186483478,60.903083739359715,4.892565373149301,5.77
Dinorado,Clay Loam,Wet,Direct Seeded,113.66508332863685,27.811085216985052,378.184618357765,77.78176649171816,4.323727348927527,4.68
IR64,Clay,Wet,Transplanted,71.83516379787517,23.629364389690462,399.73343427613474,76.70184645646673,4.786594316479927,3.63
IR64,Clay Loam,Dry,Direct Seeded,174.67084466530738,24.20645944678957,138.5441560541704,85.22544988767555,3.846205883088627,4.77
NSIC Rc 222,Clay,Dry,Transplanted,102.3046843042455,24.351702391246118,86.35141537371351,80.30508892665084,3.613825421213465,5.45
NSIC Rc 222,Silty Clay,Wet,Direct Seeded,110.02243308587677,26.307419748812954,343.50107553886,86.40481075186912,4.969401722446555,5.39
IR64,Silty Clay,Dry,Transplanted,184.1081919053217,31.281452208956424,54.81396735644841,86.61819964927676,5.095931572520389,4.6
NSIC Rc 160,Clay Loam,Wet,Transplanted,124.4935721094757,27.21784766714886,271.08157562337664,72.24492002699154,2.9134200093608014,4.76
Dinorado,Sandy Loam,Dry,Direct Seeded,131.63808640262943,23.920976452013527,55.309273567477035,64.1230240125544,4.127980560880183,4.59
NSIC Rc 222,Silty Clay,Wet,Direct Seeded,193.47471871656478,24.660877358689497,152.54345451686973,78.90850967466564,4.550927291458478,5.7
NSIC Rc 160,Clay Loam,Wet,Direct Seeded,183.00895747174837,25.840150297271844,324.37201414948936,86.21238295225531,2.7507962098959005,4.6
NSIC 218,Clay,Dry,Direct Seeded,75.42000633326593,28.232589756927993,28.49218633110589,62.24860032584282,5.288790450228255,5.1
NSIC Rc 222,Clay,Wet,Transplanted,120.98225448771575,26.400331530040056,247.34029112444617,76.73769819253992,4.060329318151393,6.04
NSIC Rc 160,Clay Loam,Wet,Direct Seeded,195.69443411428182,25.92444844176925,308.24661755715135,63.44998579979472,4.436372251950257,4.55
NSIC Rc 160,Sandy Loam,Dry,Direct Seeded,105.8549447342904,27.647286003989947,76.25132305486211,60.80987975265606,3.034728244271061,4.39
Dinorado,Clay Loam,Wet,Transplanted,105.73596627743001,24.418349949544655,301.67349086560716,80.389060618225,3.2933040698662817,4.65
Dinorado,Clay Loam,Wet,Transplanted,79.25453476837315,22.78903272584582,270.2080141435968,80.45548835616492,2.863003650043607,4.65
NSIC 218,Silty Clay,Dry,Direct Seeded,67.14846711786879,22.24414314822222,120.79077499207739,78.01974134989086,3.2919961655616667,4.31
NSIC Rc 160,Clay Loam,Wet,Transplanted,161.04571861339727,24.51259163467127,386.0968494315807,85.77668411705392,3.9771902958753964,4.12
NSIC Rc 160,Clay Loam,Wet,Direct Seeded,165.50457030522747,22.915920341444686,155.7865863388354,62.42629319380435,5.000888798371889,4.54
Dinorado,Clay,Wet,Transplanted,195.35194452545,25.363406385207668,328.03312111814705,63.15780785096278,4.10117024506109,5.45
NSIC Rc 222,Silty Clay,Wet,Direct Seeded,166.01273163580447,29.729335403597556,252.4599670748865,85.93606313938342,3.233390794693288,6.1
NSIC Rc 222,Clay,Wet,Transplanted,86.50287410503981,29.162943304868385,328.44761262290285,75.09830159658789,2.633863224672184,5.05
IR64,Clay,Wet,Direct Seeded,56.01748674327732,28.109276227880287,318.804911884908,68.19158426514711,4.365909507721014,4.02
Dinorado,Sandy Loam,Wet,Direct Seeded,197.81560765544904,30.525002438794786,152.55950064399886,82.14470933955862,3.760479692099944,4.88
IR64,Sandy Loam,Wet,Transplanted,101.06760433154086,24.82067624544277,221.33462379366782,86.83211167813207,5.4530616004512105,4.83
Dinorado,Silty Clay,Dry,Transplanted,96.79573136486312,30.850537530299658,145.59821681382778,80.68809858608887,4.839279656235079,4.99
NSIC 218,Silty Clay,Wet,Direct Seeded,185.89328146240737,25.99239169669179,197.2728801259451,83.75797790035347,4.925088457820108,5.61
NSIC Rc 160,Sandy Loam,Wet,Direct Seeded,137.7649847817479,26.008933182666265,191.74658823562308,68.47491720585577,2.5367050686411905,4.4
NSIC 218,Sandy Loam,Dry,Transplanted,82.23067607737019,26.053516136255215,80.22329999411656,68.66326078231627,4.8333859987121714,4.88
Dinorado,Sandy Loam,Wet,Transplanted,183.36443640743593,22.980943662409814,332.11917103028316,85.92371641063897,3.0838399320264784,4.87
NSIC Rc 160,Sandy Loam,Wet,Transplanted,199.0041282582115,31.754904983310556,209.88783727328115,78.44588545965647,4.257387616864918,4.71
NSIC Rc 222,Sandy Loam,Wet,Transplanted,63.00178417262461,23.385067778251592,268.6844037468252,67.0248825502121,3.842264716947156,5.04
NSIC Rc 222,Clay,Wet,Transplanted,179.33774424537307,25.408857244691845,211.74724882141987,75.72485446386636,4.21481155173304,6.26
IR64,Silty Clay,Wet,Transplanted,108.5773546526591,25.193003203267573,295.0584558588325,80.57581414416748,2.9003305882689885,4.12
Dinorado,Clay,Wet,Transplanted,128.61086697600564,22.746794328167095,330.143442014992,66.55647243752364,3.870675044233439,4.88
Dinorado,Clay,Dry,Transplanted,187.2223963647471,23.522601301118765,33.41008821797638,79.64719224623208,2.6108340578549893,4.38
NSIC Rc 222,Clay Loam,Dry,Transplanted,196.00687936626758,22.448583361853856,105.61305597240104,61.26434549453303,2.6229980444788925,6.19
NSIC 218,Clay,Dry,Direct Seeded,89.3245865613199,24.924044935605135,115.95078798434135,69.11074869012484,4.473214392322209,5.37
NSIC Rc 160,Sandy Loam,Dry,Transplanted,81.92761564398707,30.666569240289064,20.03796491923431,80.21915435178344,5.355095120416539,4.54
NSIC 218,Sandy Loam,Dry,Transplanted,62.07748378872678,25.394422057373845,129.01947814837203,64.48047196469705,4.832178756114349,5.09
NSIC 218,Clay Loam,Wet,Direct Seeded,134.2696778993207,23.23691832067379,232.76868467454412,66.66597091927497,3.9074673417129313,5.7
NSIC Rc 222,Clay Loam,Wet,Direct Seeded,52.040659317600245,28.45693868383918,300.75521207178053,86.37279871075168,2.667612220277119,4.77
NSIC Rc 222,Clay Loam,Wet,Direct Seeded,111.78474464149048,31.966009120549103,356.21369360343476,80.22963298294826,2.6350604483713127,4.87
NSIC Rc 222,Clay Loam,Wet,Direct Seeded,61.00760249780129,24.323237895319274,173.55607129112292,74.96756130770021,2.973676783324174,5.53
IR64,Clay Loam,Wet,Direct Seeded,110.7838674394001,24.795710053705694,327.6676497603178,66.32680176382357,5.42743151180208,4.45
NSIC 218,Clay,Dry,Direct Seeded,55.98982838984139,31.718470542807886,126.10513459942004,70.24228969746774,3.6959831993234893,4.4
Dinorado,Clay Loam,Dry,Transplanted,175.28258909131534,23.78776287550487,76.15574756547652,77.22991494862077,5.030221875617935,5.34
NSIC Rc 160,Clay,Wet,Direct Seeded,81.46084909078488,27.11214067459164,230.78623610884506,64.65937781714005,4.615427316845791,4.59
IR64,Silty Clay,Wet,Direct Seeded,99.2463065536868,24.39652133016095,180.66248913123607,74.45232239694568,4.3162859776481985,4.17
Dinorado,Clay Loam,Wet,Direct Seeded,180.50719949095878,31.32351897901244,286.4135519035872,72.26923182414068,5.343478334961225,4.52
NSIC 218,Clay Loam,Dry,Transplanted,161.93990919983077,31.81521014576294,88.45915260622156,74.30062024282854,3.191234711857066,5.33
NSIC Rc 222,Clay,Dry,Direct Seeded,82.85575424630878,30.146978461200156,109.87712891952867,63.16682463840898,3.8646689874074607,5.2
NSIC 218,Silty Clay,Wet,Transplanted,60.784912798624404,25.147838158128106,206.56557981693294,63.19491261135086,5.094168897023787,5.56
NSIC Rc 160,Clay,Dry,Direct Seeded,157.35106652830092,26.03487475280505,104.7447375088003,88.92332858238964,4.155283922926731,4.16
IR64,Clay,Wet,Direct Seeded,108.6053826032164,24.423056836664212,355.3404481672894,89.38103201174306,3.239335418878333,3.76
IR64,Clay Loam,Dry,Transplanted,164.9119998677332,30.907579670089916,12.315036947049268,72.78493973735455,3.1267492505268306,4.26
NSIC Rc 160,Sandy Loam,Dry,Transplanted,116.79421585628157,31.145582776881582,27.14094253878801,83.66986360952512,4.758643003126903,4.72
Dinorado,Sandy Loam,Wet,Direct Seeded,101.90036194584147,26.188706622460472,160.72397738276902,79.6737428076923,2.538366682756266,4.44
Dinorado,Clay,Dry,Transplanted,117.68081123185948,28.56533069903002,32.762677809374395,63.50750563855167,5.242576232208648,5.22
IR64,Clay Loam,Dry,Transplanted,162.2838478506015,23.65553179774694,115.79462447009384,68.90035972004094,2.555253964345609,4.5
IR64,Silty Clay,Wet,Direct Seeded,185.3330429810561,26.349359003634092,174.66322406772437,69.40954225933561,4.392967140642112,4.85
NSIC Rc 222,Sandy Loam,Dry,Direct Seeded,57.46507948828633,28.314991066734976,71.61169880493321,77.87323304577671,4.314243884326022,5.0
Dinorado,Silty Clay,Wet,Direct Seeded,128.61673118404326,25.854031185180197,280.2490314964542,77.3993013694341,4.2352334531643425,4.54
NSIC Rc 160,Sandy Loam,Dry,Transplanted,54.92531436258164,25.575995256864598,86.37036769415552,87.70526081108267,3.9230291526002667,4.36
Dinorado,Clay Loam,Wet,Direct Seeded,120.26143175365381,22.009989922669426,297.2354460192392,83.70108941928822,5.057290998065834,4.41
NSIC Rc 222,Clay,Wet,Direct Seeded,182.79242436453507,30.04293463777114,332.4716661306867,85.70542993808921,4.4779986108714525,5.52
IR64,Silty Clay,Dry,Transplanted,104.23853996304645,30.893376120214484,118.17624116536778,86.73685840833028,4.845586844498181,4.3
IR64,Silty Clay,Dry,Transplanted,189.86756316209647,31.69463529545832,57.737517668972714,84.03830017664941,2.8465654179375695,4.18
NSIC Rc 222,Clay,Wet,Direct Seeded,144.5912707475914,29.192713850692154,214.81518206304844,69.98643783171323,2.6496959123723274,5.77
NSIC Rc 160,Silty Clay,Dry,Transplanted,190.12330156895095,27.487923123698845,114.84463182462824,66.450389140035,2.5855855267893357,4.6
IR64,Sandy Loam,Dry,Direct Seeded,163.57499381187796,24.69284519808709,71.92189844813835,77.15302014063141,2.941617956420778,4.31
NSIC 218,Clay,Dry,Transplanted,65.51527499731435,31.992994759634982,62.80522628838892,80.68704949359956,4.501023670763248,5.03
IR64,Sandy Loam,Wet,Direct Seeded,84.67270513440155,27.897528545321055,360.44010205332296,71.59703906889497,3.982065267223512,3.57
NSIC 218,Sandy Loam,Wet,Transplanted,109.12556818752593,28.81154072330446,388.28558494344577,85.4501594989353,4.756756768486213,5.35
NSIC Rc 222,Clay Loam,Wet,Transplanted,75.5160323018114,28.824061619553177,274.7598258987159,88.8169977845395,3.0751910102263222,4.79
NSIC Rc 222,Sandy Loam,Dry,Transplanted,124.23674071649907,30.452517957571814,56.62521696766361,77.08187178412057,3.600889125911385,5.2
IR64,Clay Loam,Dry,Transplanted,120.7052233552236,22.096725388469192,145.0922741689336,73.69776186648654,5.165492645648635,4.57
Dinorado,Silty Clay,Wet,Direct Seeded,193.4388797041072,24.202469404313717,340.1328412424503,85.28661350827554,5.3071436380856,4.96
NSIC 218,Silty Clay,Wet,Transplanted,115.05918243439666,28.65534000170014,281.2120886359482,60.7280864096816,5.265187464967515,5.19
NSIC Rc 160,Clay Loam,Dry,Direct Seeded,167.84402064319966,30.951457368245677,118.07627749925703,63.870378475027444,4.954915132602288,4.26
IR64,Sandy Loam,Dry,Transplanted,191.28658172772197,28.853387819213562,12.827431708294112,85.36972977018803,4.564707635793676,3.94
NSIC Rc 160,Clay,Dry,Transplanted,181.54832464609783,26.134912914936802,144.03816811254825,81.96085756943978,5.241033682082391,4.77
IR64,Clay,Dry,Direct Seeded,81.30014367673877,25.615554958702617,118.56154816173427,72.48410094612979,4.642544775497917,4.35
Dinorado,Clay Loam,Wet,Transplanted,124.40448413803163,29.379480082833204,167.36675735305266,86.66555573173216,5.361808746176481,5.0
Dinorado,Silty Clay,Dry,Transplanted,102.16096734438887,29.412376971371934,30.88446002359578,70.54374862936162,2.574364996110665,4.38
Dinorado,Silty Clay,Dry,Direct Seeded,109.97880427058232,28.070579925056904,20.6873375575844,79.01536073600752,5.264926257683731,4.67
Dinorado,Clay,Wet,Transplanted,104.12102393686268,24.914670240973372,231.52787821065527,79.03003410977747,4.167221608418124,4.88
NSIC Rc 222,Clay Loam,Wet,Direct Seeded,173.95388152625063,31.251548183905435,171.87167240675376,65.52995677842709,2.8353932554613746,5.78
NSIC Rc 222,Clay,Dry,Transplanted,117.82085826836712,27.51879942118639,53.14717311232347,68.54555208492174,3.144733809211884,5.52
NSIC 218,Sandy Loam,Wet,Transplanted,128.55414983670323,29.904923562483305,397.21977981375335,87.48020768088257,5.056477851744741,5.52
NSIC Rc 160,Sandy Loam,Dry,Transplanted,197.3671035570612,24.143082621618316,97.38541410844864,65.50244561380251,4.018350864539547,4.1
IR64,Clay Loam,Dry,Direct Seeded,58.996890828727466,25.440407886147277,96.31653648092544,65.20723865542874,5.44845317048571,4.48
IR64,Clay Loam,Wet,Transplanted,123.19364596861232,30.745795163873424,207.2564780183443,74.38846421201622,2.852593328514913,3.98
NSIC Rc 222,Sandy Loam,Wet,Transplanted,166.10925604191743,22.501070299399686,308.9751048539297,62.76592104713523,3.7375103917003876,5.34
IR64,Silty Clay,Dry,Transplanted,72.67429372823398,27.12315311256662,48.619017520890864,86.8387856695312,3.4956233292422803,4.0
NSIC Rc 222,Clay Loam,Wet,Transplanted,141.72973919221607,26.81705479844009,221.08627548623434,63.00447414937413,4.048406308194766,6.39
NSIC 218,Sandy Loam,Dry,Transplanted,85.91971693017001,29.51230188908082,72.3944970120385,78.49672430522384,4.4003134566091555,4.97
NSIC Rc 160,Sandy Loam,Dry,Transplanted,180.11061698368513,24.818937705993324,39.66462179992297,70.19345569335954,4.484888408144963,4.49
NSIC 218,Silty Clay,Dry,Transplanted,99.0649498100119,24.190668218595995,17.081015923343244,84.12818656413101,2.5038876397353342,4.62
Dinorado,Silty Clay,Wet,Transplanted,99.35942253513643,31.261328387732338,313.31155383898147,77.69432237302615,2.7668813013447036,4.39
Dinorado,Silty Clay,Dry,Transplanted,139.72908177768403,27.717096519584647,82.37586543976302,71.64918423238315,2.6051915009678557,4.93
Dinorado,Silty Clay,Dry,Direct Seeded,77.53443621798631,23.046895682836546,58.57875879528533,89.51618953634433,5.093797439194832,4.77
NSIC 218,Clay,Dry,Transplanted,92.73329583545916,23.93036162214321,86.00354052171019,61.98692965396592,3.4398767594789668,5.67
IR64,Silty Clay,Wet,Direct Seeded,112.49477751791173,31.988260595142485,202.6004227176206,77.33358909692029,3.601190325629093,4.23
NSIC Rc 160,Clay,Dry,Direct Seeded,103.04567947101656,23.956089962521926,142.51102514586324,89.68704934632134,3.851113746840078,4.28
Dinorado,Clay Loam,Dry,Direct Seeded,128.73158270083735,28.104755113536786,30.071843637344955,80.7285792963905,5.047913191760728,4.44
Dinorado,Sandy Loam,Dry,Transplanted,139.94602161034493,26.20128078995618,10.274682563533746,82.19308894926579,2.5424987828864047,5.03
Dinorado,Clay,Wet,Direct Seeded,135.00011806252468,30.855990948498352,346.31751647751867,60.962734337384575,2.855854823139551,4.29
NSIC Rc 160,Clay Loam,Dry,Direct Seeded,148.12524679878985,29.551685922953276,20.762949859497525,60.640894892908875,4.555489366422702,4.24
Dinorado,Clay Loam,Dry,Direct Seeded,96.16242749117303,27.96951396261816,74.77916145422806,61.08330335946579,5.391677568122791,4.85
NSIC Rc 160,Clay,Wet,Transplanted,68.96393407325421,22.107389817979826,177.70290070915888,89.75171706528695,4.428359263891023,4.1
Dinorado,Clay Loam,Wet,Direct Seeded,164.12113121466155,30.797952074934596,373.78760002257,89.38559282222555,3.28337040540257,3.82
NSIC 218,Clay Loam,Dry,Transplanted,177.61705739460228,26.446674708387164,108.97048417232529,70.03526777292785,4.059593286359852,5.94
NSIC 218,Clay,Dry,Direct Seeded,88.55093483336483,31.315776530185765,91.30690446440646,68.72945448797486,5.424941426744303,5.4
NSIC Rc 160,Clay Loam,Dry,Direct Seeded,111.06379342370296,26.955390128542014,79.28524503232458,64.37876236553532,4.084229639703373,4.54
NSIC 218,Silty Clay,Wet,Transplanted,124.78538254453329,28.942244891827254,360.10542313519863,69.87420897494275,3.620522889184607,5.25
NSIC Rc 160,Silty Clay,Wet,Transplanted,129.99902641294045,22.692926494666423,319.7018359095964,71.10449791641811,3.650276664516161,4.27
NSIC 218,Sandy Loam,Dry,Direct Seeded,148.92352566314776,29.451516535267857,59.554838352937736,82.44848450277101,5.401100525775192,5.43
NSIC 218,Clay Loam,Wet,Direct Seeded,56.240485003298204,25.379960313119227,166.85365678571196,85.98880658759204,4.656749580195117,5.25
NSIC Rc 160,Sandy Loam,Dry,Direct Seeded,158.22156241010254,25.51359014331781,53.39638401441014,82.40205359224164,4.561518566866141,4.45
IR64,Silty Clay,Dry,Transplanted,59.295651046911544,23.1865584470939,62.680064514697214,79.39425303286717,3.1961629650722405,3.81
NSIC 218,Silty Clay,Wet,Transplanted,120.24328515093018,23.468571486402023,202.14225708223208,82.97700234266394,4.178453913290723,5.89
Dinorado,Silty Clay,Dry,Direct Seeded,174.15067033537912,23.8575905620621,95.62889356126999,82.15492437455416,3.5702355955669405,4.78
IR64,Clay Loam,Wet,Direct Seeded,117.68229699175944,25.282061685714226,364.840398922769,74.27249081191184,3.2206045775618497,4.01
NSIC Rc 160,Clay Loam,Wet,Transplanted,72.36346231523717,30.919699127756054,180.49360857564878,70.07554207384074,5.186656858042314,4.67
IR64,Silty Clay,Dry,Transplanted,197.75507675089395,25.682602382300804,33.485553821175074,68.48342150632799,3.64946742628784,4.76
NSIC Rc 222,Sandy Loam,Wet,Direct Seeded,183.3928193111395,29.243627065632182,188.983024077005,80.38066378538345,3.348361487414193,6.03
NSIC Rc 222,Sandy Loam,Dry,Transplanted,165.6970449837521,22.827475038898715,117.9906916276476,88.77912373335676,5.295161189825104,5.73
NSIC 218,Clay,Wet,Direct Seeded,111.72674043488156,27.910987992719924,286.0008309388802,77.4316415680689,3.0920391893683763,5.01
NSIC 218,Silty Clay,Dry,Transplanted,77.57685903339467,26.818912312704395,90.53545361303544,87.37579507416798,4.736514354149568,5.26
Dinorado,Sandy Loam,Dry,Direct Seeded,191.2116772127752,31.779579469545045,47.68189286559987,60.42688112918842,4.4582414333927884,4.8
IR64,Silty Clay,Dry,Direct Seeded,129.85266897757086,30.462077698789628,80.16141479357972,83.83411940208018,5.261453285116857,4.45
NSIC Rc 222,Sandy Loam,Wet,Direct Seeded,177.85331905812276,26.548297724386497,218.54435991858594,85.60807973880239,4.996141412701835,5.83
NSIC 218,Clay,Dry,Transplanted,101.31425086391386,29.751427640453386,144.7890162759233,78.92981513831087,4.615885653818925,5.53
IR64,Clay,Wet,Direct Seeded,100.2932475619206,23.930387412937776,205.51892498598238,88.02182998085189,3.443714982091287,4.47
NSIC 218,Silty Clay,Wet,Direct Seeded,197.83107210110586,27.623363273917782,293.9533579620452,77.69738978643899,3.9867070338116477,5.59
NSIC 218,Sandy Loam,Wet,Transplanted,128.27495727422746,22.746190555687082,243.14416911450726,67.21610707580248,5.3334872840415395,5.62
NSIC Rc 222,Clay Loam,Wet,Direct Seeded,71.10431357911195,25.48089032251683,185.13997419241718,66.47151688344583,2.5696078917444805,5.49
NSIC Rc 222,Clay,Wet,Direct Seeded,82.95120169920611,24.258621816221705,283.7134418863661,76.67508800078146,4.8829954714601165,5.11
NSIC 218,Silty Clay,Dry,Direct Seeded,122.29164190890812,29.18909815325211,12.868814080327164,87.19451791488632,3.2554310513616382,4.95
NSIC Rc 160,Silty Clay,Wet,Transplanted,56.3706365732617,26.900906912143615,246.75310081965569,62.17103837265231,3.055050829881375,4.67
NSIC 218,Sandy Loam,Dry,Transplanted,119.38009780674507,29.510704788480105,37.93316972617208,78.13171536632733,3.1966738432669586,4.93
NSIC 218,Silty Clay,Dry,Transplanted,112.84112631201914,27.152954376314455,72.77323358645893,83.09410418946074,2.6792529744905416,5.47
Dinorado,Clay,Wet,Transplanted,166.90043979792304,22.864844421516384,333.62919356844236,63.46206208870707,5.475939472858503,4.97
Dinorado,Silty Clay,Dry,Direct Seeded,103.24129467338626,29.353676497325267,99.38156104917593,63.50309072136039,5.109607429675435,4.5
Dinorado,Silty Clay,Dry,Transplanted,197.3823142309399,30.332292639878055,39.711957279967926,70.98383990008764,4.063167905896682,4.88
NSIC Rc 160,Clay Loam,Wet,Transplanted,77.11548789513547,31.035312259127927,175.6888605801473,68.21643520649151,4.6453095356712755,4.29
NSIC Rc 160,Clay Loam,Dry,Transplanted,138.64800274522025,27.71991945306708,140.39655277266746,65.9494247668107,4.169786088770523,4.58
NSIC 218,Clay,Wet,Direct Seeded,63.4548945512382,29.53585358999495,305.15331098649347,65.96082520834035,4.934736833352497,4.97
Dinorado,Sandy Loam,Wet,Direct Seeded,160.0795975990973,29.52044336882627,259.1233317358119,63.92007097274507,5.0342955746710345,4.95
NSIC Rc 160,Clay Loam,Wet,Direct Seeded,199.21305320929574,23.557497597989443,251.515468763101,78.32562039245857,3.1983712844596037,4.46
NSIC Rc 222,Sandy Loam,Dry,Transplanted,172.87079566274483,23.642206874595708,99.96008173944989,80.64376810752262,3.879243311950737,5.7
NSIC 218,Clay,Dry,Direct Seeded,133.35553110804517,22.70885505809126,132.84047285390028,81.08808680637134,4.404543202568712,5.24
IR64,Clay Loam,Dry,Direct Seeded,122.71120360995381,25.199136351403013,56.10451023504459,75.97061928415819,5.4353224918248255,4.5
NSIC 218,Sandy Loam,Dry,Transplanted,175.25449419002703,26.735085877410647,126.05355080292814,88.587188089967,4.548068137288494,5.59
IR64,Clay Loam,Wet,Direct Seeded,190.39611270660865,31.978978527542168,208.0719220020853,86.41598332770198,5.192905032232472,4.57
Dinorado,Clay,Wet,Transplanted,198.38097886971394,26.309933420681695,157.60650705067778,88.72893427998841,5.0383361529612625,4.99
IR64,Clay,Dry,Transplanted,109.48088413467262,29.26242588507371,62.950690365922476,71.66386434381533,4.246189191035692,4.24
Dinorado,Clay Loam,Wet,Direct Seeded,198.63762121917685,28.933970262725346,361.9222985911614,86.33349479865075,5.180966080185667,5.04
NSIC Rc 222,Sandy Loam,Dry,Transplanted,73.38893782607472,24.044819502505796,45.38524814456869,82.88624098220652,3.6322651834757034,5.38
IR64,Silty Clay,Wet,Transplanted,88.03246638978638,22.585071514494363,231.60252150860646,70.19918709102039,3.637850591344934,4.19
NSIC 218,Silty Clay,Wet,Transplanted,63.35241871008443,27.460067515335876,320.2727599324618,63.19779775512658,4.842896929728006,5.51
Dinorado,Clay Loam,Wet,Transplanted,90.76077747267226,29.00305592314476,386.89684994417684,80.47863749690423,2.903630996905033,4.37
NSIC 218,Sandy Loam,Wet,Transplanted,165.19063274270167,31.982517901862558,291.2475745205329,64.09356972365642,3.417475652375257,5.08
NSIC Rc 160,Silty Clay,Wet,Transplanted,177.93865372676746,25.58611052281171,249.28672562996655,68.81327421003336,4.3257173526200265,4.66
Dinorado,Clay,Dry,Direct Seeded,166.83389676538576,30.963645620810965,137.63174748293102,75.01093729331362,3.760196796600846,4.6
IR64,Sandy Loam,Dry,Transplanted,144.65986672515444,25.819324558691864,22.91058659503964,80.3964760544542,5.322171129664685,4.39
Dinorado,Silty Clay,Wet,Transplanted,127.09497687839684,28.89411708430513,217.06839158717594,87.78682971591914,5.375518208857409,5.18
NSIC 218,Sandy Loam,Dry,Transplanted,156.30564338204698,27.98252930517052,142.0044314478966,77.7972013454699,4.007743926441368,5.56
NSIC Rc 222,Clay Loam,Wet,Transplanted,108.62503239008328,22.52978793302597,383.51094816187333,80.14239299016285,4.117185671097044,5.43
Dinorado,Sandy Loam,Wet,Direct Seeded,176.1962527249553,22.783884269702586,320.5192045127857,69.30041550452934,4.673881275471313,4.7
IR64,Silty Clay,Wet,Direct Seeded,151.5785140965178,22.20764089724461,316.3203483141399,80.61877849285617,3.8717947757025204,4.17
NSIC Rc 160,Clay Loam,Wet,Transplanted,154.67070477416127,25.708340845939894,256.5395812863193,73.13370362190224,3.0702954038214303,4.77
NSIC Rc 222,Sandy Loam,Dry,Direct Seeded,130.3903989693607,29.458010487660108,74.19212882146478,85.70793548651321,4.740907505868792,5.49
NSIC Rc 160,Clay,Wet,Transplanted,182.7843476316759,23.727553939907228,361.2621782168577,71.77351541704422,4.713357668058995,4.6
Dinorado,Silty Clay,Dry,Transplanted,87.80221005185787,28.05852968383896,148.96756628802063,74.04816064969671,3.234943310175338,4.85
NSIC 218,Clay Loam,Wet,Transplanted,107.1721480041576,24.888277800310778,328.41804675237177,72.97763270730773,4.998749559343023,6.06
NSIC 218,Sandy Loam,Wet,Transplanted,166.64638545165337,29.969926239790723,220.79581794525404,84.33368502922156,4.340947589260482,5.45
IR64,Clay,Dry,Direct Seeded,123.91233441940065,29.98396149002991,85.54325152290403,88.61097591035715,3.2089048309460964,3.99
NSIC 218,Silty Clay,Wet,Direct Seeded,183.3821020136286,29.754145149664236,299.894665006262,69.81828902949822,4.456117432506113,5.17
NSIC Rc 222,Clay,Wet,Transplanted,101.95989796442785,27.24833513801377,257.5484886503164,74.2508370228623,3.200828578871682,5.71
NSIC 218,Sandy Loam,Dry,Transplanted,105.39952532294672,24.845667100798515,116.04834409152244,81.17778800079707,3.2956988622400534,5.05
IR64,Sandy Loam,Dry,Direct Seeded,183.3103684079938,30.094440438786346,10.98994228732056,86.86144866104193,5.0440279204094685,4.29
Dinorado,Clay Loam,Dry,Direct Seeded,119.65554802730615,23.861005619392415,79.53335479442312,74.81102090538062,5.288474707719457,4.71
Dinorado,Clay,Wet,Transplanted,127.41868763037301,24.89759602028656,151.64754070742825,63.266805246801816,3.2706479750746333,4.68
NSIC 218,Clay Loam,Wet,Direct Seeded,99.9145573003519,23.839477061606217,351.9058578754493,71.06014150503965,5.2841531112555575,4.68
NSIC Rc 160,Silty Clay,Dry,Transplanted,91.50049132686229,28.742101603876478,113.24348602653613,76.51085656320339,3.2163965395070604,4.67
Dinorado,Clay Loam,Dry,Direct Seeded,148.3923066257588,28.862360281158182,119.59578279418287,72.52573817898097,2.851802096627757,4.82
NSIC 218,Silty Clay,Wet,Direct Seeded,67.97609923118058,28.52509992786753,180.7075872299252,65.5966718036421,2.6746716342137837,4.95
IR64,Sandy Loam,Wet,Direct Seeded,181.8908961774364,26.156014668646677,277.48862650065354,61.109684860296525,3.2263397224979,4.23
NSIC 218,Sandy Loam,Dry,Direct Seeded,166.8804705147662,23.001710072014333,32.126801564223726,80.62225998239686,3.6557396220317058,5.04
Dinorado,Clay,Dry,Transplanted,78.61223955587042,31.111695845150212,68.65593305358901,89.78211572331428,5.282645140327914,4.66
IR64,Silty Clay,Dry,Transplanted,154.1029918736848,27.07730964012238,68.67007413670743,87.57619901689851,3.226473999118086,4.71
NSIC 218,Sandy Loam,Dry,Direct Seeded,140.39493819284525,26.069721949110914,24.509713189867824,80.49812732582441,3.5963960348526802,5.34
NSIC Rc 222,Clay,Wet,Transplanted,77.68025761049662,27.88824893248293,234.0565482712039,85.24589425549289,4.7024676242307155,6.1
IR64,Clay,Wet,Direct Seeded,90.98052590753487,23.927904358191057,235.52226030016936,67.67182855401579,3.4062222639618445,3.58
NSIC Rc 222,Clay Loam,Wet,Direct Seeded,111.34797556007516,23.325487791048744,269.341220853452,78.67303308235338,4.553104455038742,5.41
NSIC Rc 160,Clay,Wet,Transplanted,154.88641028682108,26.055252214579436,399.25577600493625,61.818126461968966,3.7962334577455072,4.73
IR64,Sandy Loam,Dry,Transplanted,145.80851132255088,24.272206940999105,72.02637107680533,81.21551781937373,3.0893348579775166,4.0
NSIC Rc 222,Clay Loam,Wet,Transplanted,129.83522715150468,24.442902945371646,252.09492015786896,89.09617017072806,4.702176702907408,6.22
Dinorado,Silty Clay,Dry,Direct Seeded,165.26158146710515,30.925114877785294,122.99301421744076,85.82391921653577,2.5811165000700522,4.92
Dinorado,Silty Clay,Wet,Transplanted,163.6906609409249,27.30759177185825,195.5823074541431,76.03322624314913,3.3770044752189365,5.51
NSIC Rc 160,Sandy Loam,Wet,Transplanted,142.67887310933838,26.83469064323351,303.4015845123422,83.6622065793833,3.568544617505136,4.81
IR64,Sandy Loam,Wet,Transplanted,168.04851250772379,28.894795937285974,209.0719270098803,88.31696429844494,3.874654764962908,4.63
IR64,Clay Loam,Dry,Transplanted,100.13950621688139,31.5154811367674,52.02530326665818,66.48052733817646,4.539607695928418,4.19
IR64,Clay Loam,Wet,Direct Seeded,182.18742924839086,23.121985644705642,176.3872841782376,83.79775538932134,3.8782149825581107,4.12
NSIC Rc 160,Sandy Loam,Dry,Direct Seeded,142.2365128702911,30.335345671092572,70.56043306514363,68.0954087390656,4.2829723368586485,4.04
IR64,Sandy Loam,Dry,Direct Seeded,173.3545270718646,27.84019179867846,144.53421590869996,86.30842265819,4.287337235253451,4.44
Dinorado,Silty Clay,Wet,Direct Seeded,131.9418657185426,23.461653538118373,162.5435430164823,62.950635170704366,3.619814949688023,4.61
NSIC Rc 222,Silty Clay,Dry,Direct Seeded,82.76573674830206,24.971493186889916,14.43913062481871,65.34655256609524,5.3019137972640955,5.27
Dinorado,Silty Clay,Wet,Direct Seeded,131.36151930174628,26.823614164647395,155.72031850492095,81.61849390415405,5.367561492629328,5.18
Dinorado,Sandy Loam,Dry,Direct Seeded,105.66674956648822,28.911771445774228,92.8130475053498,65.24332511589746,4.245552652283397,4.76
NSIC Rc 222,Clay,Wet,Transplanted,154.62485540556418,24.426070169534523,257.79116207776593,64.74162905709133,2.7150726408862957,5.5
Dinorado,Sandy Loam,Dry,Direct Seeded,121.36906876021037,27.348788154675898,114.08105284886808,76.66400632196616,3.973382692767807,4.77
NSIC Rc 160,Sandy Loam,Dry,Direct Seeded,175.41692073915317,28.846716274158616,116.52354076436498,85.04961713127213,3.0532579803820217,4.3
NSIC Rc 222,Silty Clay,Wet,Direct Seeded,151.7108768482875,26.487407508475062,256.6814449683484,68.05402275823887,3.949643565618711,5.88
Dinorado,Sandy Loam,Wet,Direct Seeded,152.6816649546986,30.630259611201758,196.38635001948825,85.23414548116455,3.0654494634956255,4.8
NSIC 218,Clay Loam,Wet,Transplanted,82.57330002365975,30.694591028404044,346.0047634428023,84.23860189637924,4.611565736946654,5.35
Dinorado,Sandy Loam,Wet,Direct Seeded,197.63746497369357,26.706912176404458,182.31765697996968,77.37316202878006,2.7412873601990277,5.17
NSIC Rc 160,Sandy Loam,Dry,Direct Seeded,176.2512813907233,31.729257104088994,110.2313234837662,79.3968826106181,5.359912229187772,4.61
IR64,Sandy Loam,Dry,Transplanted,168.35073268410417,22.755850924054474,111.7032020855811,61.213235598357244,3.0861276683000582,3.92
Dinorado,Sandy Loam,Dry,Direct Seeded,99.53228377400411,22.033623783229366,18.26177319422698,71.0140667491114,4.481969008147736,3.89
IR64,Clay,Dry,Direct Seeded,130.34474792708477,25.80668263803919,84.77912667908659,67.90184793355057,5.250887052188468,4.24
NSIC 218,Sandy Loam,Wet,Direct Seeded,70.5654782111493,28.010970613725092,378.8292981598256,64.50011582182417,3.2436589419521873,4.86
Dinorado,Clay Loam,Dry,Direct Seeded,130.7713964994059,28.29200157449661,119.61567003201584,71.68977987470944,5.3028906971113905,4.63
NSIC Rc 222,Clay Loam,Wet,Direct Seeded,71.8833869724931,26.764457362938288,296.8939944108181,70.64712589042298,3.666023996980818,5.5
IR64,Sandy Loam,Dry,Direct Seeded,132.95567659844016,23.24883313240646,23.169106865226144,81.86675034389181,5.38159245175777,4.2
NSIC 218,Silty Clay,Wet,Direct Seeded,147.30828202323585,23.704975217878943,156.9040940262324,77.9428902143026,5.414091574403576,5.05
NSIC Rc 222,Clay,Wet,Transplanted,108.52939508748536,30.521479838520094,390.7431564356791,87.39300206406058,3.0642397152077194,4.92
NSIC Rc 222,Sandy Loam,Wet,Transplanted,124.78173174969399,30.67911131739261,226.9853148864634,64.36222749167517,4.993262010793163,6.11
NSIC Rc 222,Sandy Loam,Wet,Direct Seeded,181.34800815118788,28.738985378607204,262.4937398944634,61.79245815970578,3.080263038500651,5.86
NSIC Rc 222,Sandy Loam,Wet,Transplanted,66.28447170542141,28.642179722788825,221.06717324863803,76.03823362473386,3.1793218609932445,5.3
Dinorado,Silty Clay,Dry,Direct Seeded,168.75993394994794,27.976821280278074,11.6869891341615,60.03081415832355,2.7523795120701946,4.26
Dinorado,Silty Clay,Wet,Transplanted,75.61318264942946,24.029258857019883,332.10532450844437,83.63156829404898,2.9696108394945337,3.71
Dinorado,Silty Clay,Dry,Direct Seeded,55.50619742069426,26.282507002599033,124.03865642395213,75.17918666055029,4.396656904741324,4.91
NSIC 218,Clay,Dry,Transplanted,77.83619041175717,28.958946514633787,109.7212142593085,74.64196728173681,3.8477581901553592,5.22
NSIC 218,Clay Loam,Wet,Direct Seeded,164.75647849557345,27.372522720033388,271.4200551798847,70.87487936172523,4.872832711506505,6.19
NSIC 218,Clay,Dry,Transplanted,110.768911000529,22.18580334055099,67.70889836802196,71.24921508446288,3.495990444479866,4.93
NSIC Rc 160,Silty Clay,Dry,Transplanted,180.87807752692729,31.535568067200984,141.65550056038407,72.93401034751967,5.405873701903177,4.92
NSIC 218,Clay Loam,Dry,Direct Seeded,128.70613117733987,30.448160525721434,117.32373325120597,60.480970332780906,2.649617622458124,5.19
Dinorado,Clay Loam,Wet,Direct Seeded,53.337552788949644,24.60545014109738,183.09323985062565,62.50637361648614,2.6888078632073245,4.68
Dinorado,Silty Clay,Wet,Transplanted,157.50704144028902,28.16458935166296,176.05098808986344,75.15144060033711,4.6041246964544085,5.39
NSIC Rc 160,Silty Clay,Wet,Transplanted,66.53493630818491,31.232393837281876,331.3438533311437,64.50366795659413,5.16261665491858,4.21
NSIC Rc 160,Clay,Wet,Direct Seeded,168.40694501928866,22.960110121136513,209.27035123281786,83.36287825040995,4.886500574902448,4.64
NSIC 218,Silty Clay,Dry,Transplanted,75.215382470777,27.030294807967007,145.50053182492084,68.23455522013577,3.969451263600741,5.2
IR64,Clay Loam,Dry,Direct Seeded,101.81695787082703,26.562430258462946,140.1041363366454,62.93698912047972,3.30892408391506,4.15
NSIC Rc 160,Sandy Loam,Dry,Transplanted,164.19071444380404,26.102050052835324,77.381104417103,67.0562977771035,2.5403545879141447,4.49
NSIC Rc 222,Silty Clay,Dry,Transplanted,193.13470362146325,30.35588608892925,115.65925701009924,70.71294690467364,4.028354361759327,6.28
Dinorado,Silty Clay,Dry,Direct Seeded,105.71509259700986,25.806461466974575,103.68679443306945,61.059498257846506,3.9269085919278295,4.49
NSIC Rc 222,Clay,Dry,Direct Seeded,174.41003302984035,22.636633332410074,123.6023294129488,64.25026573158988,3.5327376984107195,5.77
Dinorado,Clay,Wet,Direct Seeded,78.61883982137581,22.658377421643024,184.44834365961813,69.71540263432559,4.234218363917455,4.41
Dinorado,Silty Clay,Dry,Transplanted,171.07696553037368,22.42744606524609,120.27637631513888,69.31441421429292,4.6864440921438195,5.26
NSIC Rc 160,Clay Loam,Dry,Transplanted,148.62410888843766,26.091454218740374,31.452475804651744,84.01160089679517,4.602664708684728,4.84
NSIC Rc 160,Clay Loam,Dry,Transplanted,78.91152608185527,29.184062776983602,42.722974453196485,85.29766425937959,3.2897585253526467,4.26
NSIC Rc 222,Sandy Loam,Wet,Direct Seeded,95.37559405271173,24.037224619305157,274.8568992494607,65.8025579743065,4.2559110658437795,5.62
Dinorado,Silty Clay,Dry,Transplanted,69.7656332895554,28.464685204315494,47.20242080485943,63.71819651738542,2.946323435751995,4.58
NSIC Rc 222,Clay,Dry,Transplanted,107.44505165964699,28.870884721037044,124.58979829038148,79.02487452964255,2.8648055316650636,5.79
IR64,Clay Loam,Wet,Direct Seeded,80.54729616849161,24.55202124015598,350.69132188407605,84.13870667086294,4.857567508777354,4.57
NSIC Rc 222,Sandy Loam,Dry,Transplanted,146.59969304457104,28.005576560606293,123.50383855008644,88.91169291672395,4.581237706286608,6.4
NSIC 218,Silty Clay,Wet,Transplanted,199.1757656330838,28.848683400268474,219.69568646828262,60.203888542395426,4.803786701894886,6.14
NSIC Rc 222,Clay Loam,Wet,Direct Seeded,51.80137446263962,26.66613622802126,219.10790292520193,72.41034340280413,2.9573868226126625,5.26
NSIC 218,Silty Clay,Dry,Direct Seeded,131.1379719930948,25.36716597280095,79.3469485715219,82.01963502283157,5.24385576811138,5.51
NSIC 218,Silty Clay,Dry,Direct Seeded,136.04998963235147,28.191515515743273,91.31651629526897,84.85677896623064,2.8993348396670764,4.67
NSIC 218,Clay Loam,Wet,Direct Seeded,187.13131845212177,31.77847087328057,358.4703150650942,61.868578460492934,5.110110904593187,5.53
IR64,Clay Loam,Dry,Direct Seeded,125.90080021504063,26.26841409368978,125.76910141557599,80.41843558392382,3.5571378739177937,4.06
NSIC Rc 222,Clay Loam,Dry,Direct Seeded,131.55521294673764,25.91735096285121,53.76310409488405,68.6681615219691,2.816302279102418,5.65
NSIC Rc 222,Silty Clay,Wet,Direct Seeded,120.74792019925829,26.64266902426113,186.95844864219566,62.23790877999376,3.3603068816965775,6.21
IR64,Silty Clay,Wet,Direct Seeded,90.33564568422221,22.762183934450483,304.1818979466368,74.67307745264002,3.044344042641649,3.38
Dinorado,Sandy Loam,Dry,Direct Seeded,58.40436998733705,27.5316327967139,17.025028768290863,64.74460029612437,3.9720091560751425,4.25
NSIC Rc 160,Clay,Wet,Transplanted,111.29865233147541,25.286973872172638,388.7533707456464,82.11022554185054,5.349236044119306,4.23
NSIC Rc 222,Silty Clay,Dry,Direct Seeded,57.88872068610178,23.214221223312624,77.5635013590834,82.23785399098361,3.4836134847475555,4.54
NSIC Rc 160,Clay,Dry,Direct Seeded,132.57387041988767,26.662567411173733,137.92040013881405,85.26203294962528,4.336296957046342,4.57
IR64,Clay Loam,Dry,Transplanted,96.09404648634397,22.033839865739775,120.66555653441021,71.32706055443256,5.1751626272198905,4.45
Dinorado,Silty Clay,Dry,Direct Seeded,130.04036022881417,26.01785245162759,61.326422435188,60.39929391691931,4.390221789088696,4.89
Dinorado,Sandy Loam,Wet,Transplanted,70.144544659278,23.057352679264504,360.3257873943269,67.79207815123439,3.586597422609293,4.26
Dinorado,Sandy Loam,Dry,Transplanted,189.89449486090393,22.242927033997802,19.06799046759714,74.03435098575831,5.472517381527638,4.48
IR64,Clay,Wet,Direct Seeded,184.17818653249023,30.24475046244502,165.4538084449323,80.82033838248151,3.062240804321601,4.37
NSIC 218,Clay Loam,Dry,Transplanted,78.49947638034267,31.162488032826346,99.1687307535514,71.46121757060224,4.0697680446865245,4.7
NSIC 218,Clay,Dry,Direct Seeded,101.51664249410149,24.076746483591066,126.82871142187281,76.08145188201414,4.890116496210392,4.86
NSIC Rc 160,Clay Loam,Wet,Direct Seeded,142.02391577779696,27.392982638342612,229.97771914040635,75.72790762367151,2.501946608731673,4.2
NSIC 218,Sandy Loam,Dry,Transplanted,64.35293109588594,24.779581571309848,103.09279930364939,64.9494704807495,4.606129756427311,5.48
NSIC 218,Clay,Wet,Transplanted,103.18517316742262,26.93577438672182,185.5936163981541,78.69148500240038,3.2994966901178158,5.67
Dinorado,Sandy Loam,Wet,Transplanted,87.66684302285091,26.3663132089416,387.31015942178493,73.17755184616193,3.0091801680756314,4.5
Dinorado,Sandy Loam,Dry,Direct Seeded,187.3275093075045,24.690510550804856,69.51045306682275,84.2375610495748,3.3225833901048745,4.45
NSIC Rc 160,Clay Loam,Dry,Direct Seeded,177.87659544338078,29.003935796352977,27.269505845069986,80.718336243867,5.400449277519352,4.52
NSIC Rc 222,Clay,Dry,Transplanted,136.97491119002956,23.264909593202542,137.5083941792297,63.34407558592664,5.175805777719057,5.53
NSIC Rc 160,Clay,Dry,Direct Seeded,128.05195053073612,22.530727821713672,48.63416560547362,74.66275230109706,3.1412633693911074,4.23
NSIC Rc 160,Sandy Loam,Wet,Direct Seeded,189.60886918180958,29.67675433037279,396.4853915555203,81.07483075482563,2.851080319355334,4.69
IR64,Sandy Loam,Dry,Transplanted,189.8641674468223,28.6593003122068,41.4001851090143,62.61035177422028,3.592457813543403,4.65
IR64,Clay Loam,Dry,Transplanted,195.39951880274907,26.98526124146398,124.23673318535157,83.77491097669895,4.277009440300221,5.16
NSIC Rc 160,Silty Clay,Dry,Transplanted,68.80683261622815,26.677897704725417,147.37079142134,66.66013543933198,5.101433885743361,4.64
NSIC Rc 160,Silty Clay,Dry,Transplanted,74.08367161447553,26.974113794914263,102.42243622426645,75.09254386421068,5.398270375120234,4.28
NSIC Rc 160,Sandy Loam,Dry,Transplanted,151.510504801983,26.37024076098673,97.47346846343709,88.21683862417908,4.753460104519297,4.61
NSIC 218,Silty Clay,Wet,Transplanted,131.21517149147672,25.92892295831179,208.74825513500946,77.14002704466851,4.297021638104967,5.63
IR64,Silty Clay,Dry,Transplanted,52.7698857339854,26.996906028861204,54.72032169094876,72.72163355111843,2.9269960783930506,3.93
NSIC Rc 160,Silty Clay,Wet,Transplanted,59.2962553984279,27.285151711597607,317.4247612071881,60.20384782197428,2.7220851291199333,4.0
Dinorado,Silty Clay,Dry,Transplanted,183.21205733882078,28.91902314083621,12.857883095918108,64.00240868322234,4.288080635587603,4.95
Dinorado,Sandy Loam,Dry,Transplanted,180.33061933090795,29.112071607340226,36.85170121517935,77.35991655293962,4.117192317300781,4.69
NSIC 218,Silty Clay,Dry,Direct Seeded,103.59063829940678,25.776290801401444,91.82026111792007,74.81475121961215,5.0382643232023065,5.88
NSIC 218,Silty Clay,Wet,Direct Seeded,183.6575925395802,26.135405227434887,360.4079330117796,70.91487526940494,3.4678175525653114,5.01
NSIC Rc 222,Clay Loam,Dry,Transplanted,139.05126115968528,25.73697169736223,31.18430465424637,87.69647656182352,2.6190725720494306,5.73
NSIC Rc 222,Sandy Loam,Wet,Direct Seeded,170.8858470528353,27.365357736257103,208.42007110361914,69.97447612277823,3.7711248072730994,5.9
NSIC Rc 222,Clay,Wet,Direct Seeded,114.11466067403214,26.533535379141952,196.92015858024436,76.1145226933232,5.407546911813218,6.1
NSIC 218,Clay,Dry,Direct Seeded,67.0097491017363,30.895964631361934,133.7370129703858,77.0614022857239,4.886724714809569,5.14
NSIC 218,Clay Loam,Wet,Direct Seeded,115.05905939690244,28.963612669164725,152.80275581182008,75.82405170191768,2.6013165209268196,5.13
NSIC 218,Clay Loam,Dry,Direct Seeded,118.59496969953469,30.986563837544455,36.340256299403926,74.32756174620297,5.124036711694526,4.81
Dinorado,Sandy Loam,Dry,Direct Seeded,132.64162907609045,29.091369915594257,83.09462342166621,70.11191208035724,3.9150684688639523,4.49
NSIC 218,Clay,Wet,Transplanted,65.8374069356642,31.70992148523814,252.99061423538149,87.26290899118858,3.594304095453867,5.02
Dinorado,Silty Clay,Dry,Transplanted,198.71027945744171,28.357367782552693,81.68185440763129,73.52409785277435,3.540218622408375,5.1
NSIC Rc 222,Clay Loam,Dry,Direct Seeded,86.62052312103594,31.635501381630547,94.55238821815108,75.85346602038227,4.285432759116594,4.94
NSIC Rc 222,Clay,Wet,Direct Seeded,79.78286053056394,23.58169890409426,374.8593655986791,79.69433951490727,4.091798255322288,5.39
NSIC Rc 222,Sandy Loam,Wet,Transplanted,129.02043782839047,22.52477680829404,375.74491226408725,62.02968127294604,4.469881732504789,4.81
NSIC Rc 160,Silty Clay,Wet,Direct Seeded,130.5812269092333,27.79125185203859,181.93578187725407,83.43864424389736,4.220924395120139,4.58
NSIC Rc 160,Sandy Loam,Wet,Direct Seeded,115.97311067498664,31.834932057997747,201.08812013209874,75.37521930258107,2.9318337245251556,3.83
IR64,Clay Loam,Wet,Direct Seeded,165.78382194878816,26.17605247302397,252.0118327336334,79.715308075349,3.2717080262749545,4.53
IR64,Clay,Wet,Direct Seeded,127.49816010929041,24.120433621929596,345.1561362909255,83.16036196241075,5.0230887163055025,4.46
IR64,Clay,Dry,Direct Seeded,141.45431827174764,27.21541449193514,55.84076976052546,86.22298172292643,4.489775544086889,4.05
NSIC Rc 160,Clay,Wet,Transplanted,158.56195781116782,28.487986245788885,302.9628708829322,71.76661250858793,3.8452018762442233,5.25
NSIC Rc 160,Clay,Wet,Transplanted,53.753765234579994,25.15178695515889,278.4624358800541,84.34289678046765,3.047804295501596,4.17
IR64,Silty Clay,Dry,Direct Seeded,135.59662738175672,29.147693584992595,132.29478814914415,67.76510686697705,2.5230731079319355,4.19
IR64,Silty Clay,Dry,Transplanted,182.6291706842554,31.751145070457255,72.20221503650974,79.81006952872099,3.435662209565854,3.94
NSIC 218,Sandy Loam,Wet,Direct Seeded,52.608311438815086,30.96963121710617,297.98297105565075,63.081219020389184,2.664540870780006,4.52
IR64,Silty Clay,Wet,Direct Seeded,110.77731557014417,24.915853735121953,174.04992345057417,60.60091402272226,3.946852399262365,4.54
NSIC 218,Clay Loam,Dry,Direct Seeded,188.9341175308745,25.267236831445985,108.02150102312036,62.87289378337919,4.9654043582746255,5.74
Dinorado,Clay Loam,Wet,Direct Seeded,102.97316034238068,25.715412244495887,269.41591056372675,69.58147459687427,3.356195984146892,4.6
NSIC Rc 160,Clay,Wet,Direct Seeded,118.80932363003613,25.945527783936452,398.0158223847821,60.932838414739926,5.043262484665149,4.3
IR64,Clay Loam,Dry,Direct Seeded,197.23120895664692,23.003194991932794,99.02752053533844,78.91473816561788,4.613693188259768,4.12
NSIC Rc 160,Sandy Loam,Wet,Direct Seeded,79.89857884258608,29.61962838889289,172.11153673477196,69.49633615146794,2.875786988064596,3.68
NSIC Rc 160,Silty Clay,Dry,Direct Seeded,59.788278368750895,25.653392636107004,26.401851636758458,82.09128203142893,4.43368567380875,4.31
NSIC Rc 160,Silty Clay,Wet,Direct Seeded,178.91338862919565,30.79819976705452,279.8116694087216,61.37745408808817,2.95503942191663,4.51
Dinorado,Silty Clay,Dry,Transplanted,180.26980118185529,31.26940623120109,97.16950937836559,66.50104699642495,4.464372760824756,5.19
NSIC Rc 222,Clay Loam,Dry,Direct Seeded,120.81167520200198,22.24431309307688,87.09837491735344,72.24010275989096,2.928143454184318,4.91
IR64,Silty Clay,Dry,Transplanted,127.13107617159294,31.885030699282062,135.80456885582683,71.47954686882139,3.677534098046698,4.18
NSIC Rc 222,Clay,Wet,Transplanted,175.3709554426754,29.100227315001845,223.91231541434365,63.929960185090216,4.199782810714581,6.4
NSIC Rc 222,Clay,Dry,Direct Seeded,160.78392471736927,27.203922259929623,133.32272910788646,89.82410440744971,2.651122514271825,5.36
NSIC Rc 222,Clay,Wet,Transplanted,89.7723503325516,25.895276083725534,284.97832421548975,68.53318742501507,2.9599250345635824,5.79
NSIC Rc 160,Clay Loam,Dry,Direct Seeded,52.53400326072777,27.18518132609713,31.13367023763049,81.63096253954389,3.461226475156739,3.81
NSIC 218,Silty Clay,Dry,Direct Seeded,121.95502438003186,25.246247239784445,21.435920382125072,66.60080091635155,3.886960257315584,4.84
NSIC Rc 160,Clay Loam,Dry,Direct Seeded,178.8368489143462,28.22687813696548,51.24291068952162,86.33553632178251,5.075461881764303,4.68
NSIC Rc 160,Silty Clay,Wet,Direct Seeded,184.37520150352432,22.929802764447913,293.45469000843667,71.63274930449077,3.0618192650619465,4.0
NSIC Rc 222,Sandy Loam,Wet,Transplanted,193.43392956142307,28.2112260291181,294.36822452986894,87.02707466967314,3.542412851507577,5.51
NSIC Rc 160,Sandy Loam,Dry,Transplanted,181.93448564191718,24.75344850138444,148.12579993580323,70.25504758901913,3.927328708840542,4.81
NSIC Rc 222,Clay Loam,Wet,Direct Seeded,137.00653329471476,22.176348290523464,363.0521963277216,60.259314644907406,3.3873356679681064,5.28
NSIC 218,Clay,Wet,Transplanted,116.69083988541513,27.527057661628774,247.4368536684152,75.51061293235384,4.377243336162612,5.95
IR64,Clay Loam,Wet,Transplanted,166.22747698011486,27.784477558526966,279.088540666624,75.74363808453289,3.2698073043279106,4.79
NSIC Rc 222,Clay,Dry,Transplanted,160.97324515483945,26.26569004711536,13.020328696884345,63.595025483659064,4.81705126333973,6.4
NSIC 218,Silty Clay,Wet,Direct Seeded,130.72151451221816,22.72286232550317,152.73209974193713,67.04890720257877,4.01546228455355,5.51
IR64,Clay,Dry,Transplanted,63.09910588377036,30.933429528041913,104.20491354020275,83.50486772944048,2.7589146503833306,4.0
Dinorado,Clay,Dry,Transplanted,188.91220201803782,28.114308072278888,95.1919227377368,61.102674738859776,4.380996685695873,5.31
NSIC Rc 222,Silty Clay,Dry,Transplanted,118.34038062524932,23.157132995689697,100.52095926409436,74.68580060060042,4.207730511396272,5.89
NSIC Rc 222,Sandy Loam,Wet,Direct Seeded,104.50006728743965,27.10930576594148,347.3876503949417,75.91224370240688,3.515792062620018,4.84
Dinorado,Silty Clay,Dry,Transplanted,144.43510927531577,26.972543159484715,40.56002456790381,80.66136182028372,2.533471235167064,4.6
Dinorado,Clay Loam,Wet,Transplanted,151.07569417504652,22.60401868792927,214.87192684396322,61.12368802200405,3.1021046265231176,4.32
NSIC Rc 222,Clay Loam,Wet,Direct Seeded,81.60318755454522,28.068597036029473,354.1387560101291,77.56938981271392,3.717128586647058,5.44
Dinorado,Clay Loam,Dry,Transplanted,175.54082672149343,30.083263989215645,41.74042841197899,60.092941097345495,3.099742101379892,4.52
NSIC Rc 160,Clay Loam,Dry,Direct Seeded,93.49056404935668,29.490080542484783,70.28989150433544,67.95535101867571,4.232473362819033,4.9
IR64,Clay Loam,Dry,Direct Seeded,78.00258888714751,24.029694141641833,23.420092989373888,74.99052765949443,4.636974681778771,3.78
IR64,Sandy Loam,Wet,Direct Seeded,110.95997792817462,30.622925295542114,216.4096665950793,87.33844012276852,5.0680529702525074,4.36
IR64,Sandy Loam,Wet,Direct Seeded,159.5840121346198,25.42542165659351,152.69712406562306,63.797694480166065,4.440947856051246,4.44
NSIC Rc 160,Clay,Dry,Direct Seeded,194.81872676597052,31.465083782919415,20.445849262651627,65.07867387009826,4.5670276637644385,4.2
Dinorado,Clay Loam,Dry,Direct Seeded,171.392189655715,22.71747964225714,22.370323488053607,80.07750193151483,4.325325595691574,4.23
NSIC 218,Silty Clay,Wet,Transplanted,191.05225665052876,26.862086885198426,188.7078295483617,71.24585081467197,5.456458172838111,5.92
Dinorado,Clay Loam,Wet,Direct Seeded,71.09087061147902,27.97124377177549,396.420725643042,78.70264205768615,3.2830017072397246,3.65
NSIC Rc 222,Sandy Loam,Dry,Transplanted,60.676519829551516,24.476500984746046,90.21708398287609,89.92362501402802,3.298776041538275,5.39
IR64,Clay Loam,Wet,Transplanted,133.65571428600066,29.713801887202276,229.95031148699712,89.60614984046562,2.879000924265579,4.28
Dinorado,Sandy Loam,Wet,Direct Seeded,93.54462245660515,28.26895679810717,177.20597550318678,70.61140738483265,3.957052977608597,5.15
NSIC 218,Clay,Wet,Transplanted,174.20824594539093,22.181094372879556,179.68970090643762,75.11776061474498,2.7884851108927657,5.05
NSIC Rc 222,Clay,Wet,Transplanted,150.7981807103489,28.08368590696236,227.58567851430595,87.1407047588818,3.310439790694311,6.3
NSIC Rc 160,Clay,Wet,Transplanted,195.60922459786917,26.914782344184463,159.41126027919077,62.765029872256726,3.9480427863141747,5.46
NSIC Rc 160,Sandy Loam,Wet,Direct Seeded,88.21885335969563,23.960292017035076,277.87214703048846,73.56911711510541,5.372786847790052,4.62
NSIC 218,Clay Loam,Dry,Transplanted,122.86761715328485,31.957482270595296,65.68385996570512,71.32732044949377,5.391438981520502,5.39
NSIC Rc 222,Clay Loam,Wet,Transplanted,125.186071613803,30.97162194827615,203.43522887233004,68.84648317982992,4.731220702409667,5.8
IR64,Silty Clay,Dry,Direct Seeded,85.87651922860643,24.925076950290634,51.1063492920183,89.82612635767045,3.667750484727055,4.22
Dinorado,Sandy Loam,Dry,Transplanted,138.51400992320117,27.410709207986162,54.21471315118278,82.00647881917133,5.095483820129639,4.85
NSIC Rc 222,Silty Clay,Wet,Transplanted,116.49289791188593,25.16502139910291,279.82766034921804,71.66240977178767,5.12636740572292,5.98
NSIC Rc 160,Clay,Dry,Transplanted,117.00823339848104,29.754957516360783,39.01966281887032,84.87065674996258,5.230592142389657,4.46
NSIC 218,Clay Loam,Dry,Direct Seeded,104.41049719587255,31.30331433196455,67.61074694507089,74.68998302136171,4.420075144645639,4.74
NSIC 218,Sandy Loam,Dry,Transplanted,52.53940286383026,25.588286069143834,38.42812968799544,86.18473237103576,3.1053783868236415,4.95
Dinorado,Silty Clay,Wet,Transplanted,128.31428553721835,30.055842491436273,185.19105467480506,67.99139536891735,2.773242318312045,4.92
NSIC 218,Silty Clay,Dry,Direct Seeded,100.28717535504967,26.984075427132048,107.72644592190656,66.70800682161196,5.24432651212039,5.25
NSIC 218,Silty Clay,Wet,Direct Seeded,50.19798034764945,25.965785613115774,257.46430725437307,67.41860043742342,2.666638324364809,4.99
NSIC Rc 222,Clay Loam,Dry,Direct Seeded,96.1915561492898,31.384218520987698,27.350551771551057,76.15441728375157,3.3876701783139844,4.43
IR64,Clay Loam,Dry,Transplanted,91.79424996346356,27.104046887190314,142.7538918413185,68.73940173465404,3.960885301113211,4.27
Dinorado,Clay Loam,Dry,Direct Seeded,109.01722298354537,26.67410500257465,22.57465161781951,64.41359052439152,2.5659300786204273,4.22
NSIC Rc 222,Sandy Loam,Dry,Direct Seeded,69.77779844650954,28.72434401962343,142.08449999918264,89.83883755517196,5.220736776034732,5.64
IR64,Clay Loam,Wet,Direct Seeded,126.15257369526266,24.612342010182843,299.47921460031114,87.0129968232423,3.361362984616705,4.33
NSIC Rc 222,Sandy Loam,Dry,Transplanted,153.86605287771948,25.24792870788316,126.66129601285694,79.05037312479239,2.5855143967617256,5.69
NSIC Rc 222,Silty Clay,Dry,Direct Seeded,144.52783535818588,31.320458362386226,105.29969688587326,86.74628621771838,5.480769991679555,5.79
NSIC 218,Silty Clay,Wet,Direct Seeded,170.5632421353786,28.785298454369425,165.499984584527,88.06388212523456,3.434179542452546,5.43
IR64,Clay,Wet,Direct Seeded,117.80124319806217,30.266371477710056,249.68732731276464,80.28324875597507,5.130294722456119,4.45
Dinorado,Clay Loam,Wet,Direct Seeded,127.86375955095923,24.711117619354297,225.63095524742192,75.56039336073924,3.860423361762643,4.84
Dinorado,Silty Clay,Dry,Direct Seeded,171.5602911288475,27.437901899298723,137.7222317791677,86.46005376644032,4.4893777031649975,4.96
IR64,Clay Loam,Wet,Transplanted,114.15517562288578,31.713962669894983,210.0899541221585,77.03390990738728,3.2232704486120642,4.15
NSIC 218,Sandy Loam,Wet,Transplanted,155.23990248493953,25.187038990282176,301.1336565211241,63.80401628561622,4.0086259809310665,5.68
NSIC Rc 160,Silty Clay,Wet,Direct Seeded,115.19035530769878,23.60476476317042,297.13549644135185,71.00568001372517,3.272953577275081,4.52
NSIC Rc 222,Clay Loam,Wet,Direct Seeded,112.6604291767344,27.10886008224664,307.6749516694234,73.37762855206131,5.353251643795311,6.13
NSIC 218,Silty Clay,Wet,Direct Seeded,164.03084367937404,25.878210887248763,189.72066760813033,88.06107048406787,2.682836237248739,5.15
IR64,Silty Clay,Wet,Transplanted,76.22553731993168,23.595772327867135,221.42731121558194,79.77556416917467,3.324021782514542,3.88
NSIC Rc 222,Clay Loam,Dry,Transplanted,100.78789579123604,30.88551382703368,29.49063109243276,86.25832688387672,5.179326629649636,5.39
Dinorado,Silty Clay,Wet,Transplanted,83.62584151203527,31.907239105537776,202.41969449876967,82.72775102519809,3.9401078725218515,4.63
NSIC Rc 160,Silty Clay,Dry,Transplanted,103.86649144513956,27.685821806899977,34.68406838616815,69.2958265956805,4.30025233571251,4.46
Dinorado,Silty Clay,Wet,Direct Seeded,84.55622335490361,29.74676768373454,285.12590124946047,81.5612697919255,4.455080114486927,4.8
IR64,Silty Clay,Wet,Direct Seeded,136.91084466299822,30.590383695462997,265.26642230240407,65.85899207771624,2.7127825353206902,4.34
NSIC Rc 222,Sandy Loam,Wet,Direct Seeded,169.72562039267677,29.009820060218267,232.57343439818752,72.24437435152403,2.553216222725755,5.6
IR64,Silty Clay,Dry,Direct Seeded,167.99195918268526,22.44156049111731,45.30136288823421,84.18275571467797,5.31352315513392,4.23
NSIC Rc 222,Clay,Wet,Transplanted,104.67514468231886,23.576342317168177,346.5037022171083,78.35787485745685,3.314508535890642,5.44
NSIC 218,Silty Clay,Wet,Direct Seeded,198.31406088413925,22.709891911513864,173.4934361020957,84.76237517857845,3.6409393313065865,5.7
NSIC Rc 160,Clay Loam,Wet,Transplanted,139.07815470587013,22.098796066420565,393.72417218891053,67.64110747050154,4.546279512170649,4.39
NSIC 218,Clay,Wet,Transplanted,109.91004526674422,25.059964087572364,179.13601945382968,82.49246497281885,3.2089116312181636,5.28
NSIC 218,Sandy Loam,Dry,Direct Seeded,175.3308918862138,25.923559604815598,44.27361374722473,66.0697308432551,4.699214110502554,5.31
IR64,Clay,Dry,Transplanted,159.48110189639613,24.41029732335926,53.518757929802426,76.35912517194022,3.8747265464898097,4.11
NSIC Rc 160,Clay,Dry,Transplanted,162.39130052361566,22.64604648086321,90.58832575823307,73.00603783363294,5.0698294158621735,4.66
NSIC Rc 222,Clay,Dry,Direct Seeded,79.42090246008074,27.298630908366775,13.944165582714646,76.69427573312421,3.335621907296447,5.34
NSIC Rc 222,Clay Loam,Dry,Transplanted,120.24864610528327,24.733193199571417,63.51816330559661,64.06600272084818,3.1114674413898955,5.67
Dinorado,Clay Loam,Wet,Transplanted,179.2742196236904,29.96037154863562,343.2677031420924,70.83683626539035,4.995065061624616,5.34
NSIC Rc 222,Clay Loam,Wet,Direct Seeded,125.60570114431358,22.080526216252814,242.05754729020796,80.0071149259852,3.478978194978501,5.71
IR64,Sandy Loam,Wet,Transplanted,152.51791151315757,30.425270512876104,366.31555728295143,76.75592382243082,3.735605938001515,3.88
NSIC 218,Clay Loam,Dry,Transplanted,138.1900599551397,31.54753678945957,44.49391790496351,76.4690927673546,4.881123498063979,5.41
NSIC 218,Clay Loam,Wet,Direct Seeded,176.35351815775732,29.161350631535697,168.54248719604053,75.32490336393764,4.4067296121237245,5.74
NSIC 218,Clay,Dry,Transplanted,92.6841259642404,29.336440652625665,94.92817872738108,88.31654730116635,3.825177671296807,5.19
NSIC Rc 160,Clay Loam,Wet,Direct Seeded,136.32129168295472,31.33562311602733,243.68042754808445,88.03709093819202,3.2496715267136738,3.99
NSIC Rc 222,Silty Clay,Dry,Transplanted,68.4852002014706,24.09071285300349,147.923706347215,70.80434918394883,4.792602906555293,5.99
IR64,Clay Loam,Wet,Transplanted,153.53161650492018,31.945655682085764,233.86085162505907,70.55685034752614,3.041293103470171,4.16
NSIC Rc 160,Sandy Loam,Wet,Direct Seeded,159.7951757529068,29.734812033785417,398.28925955638385,76.64695369719183,5.284838801759284,3.83
Dinorado,Sandy Loam,Wet,Direct Seeded,56.42559817834976,29.26570708327794,396.3872487224064,62.86818852417623,2.9509482073689917,3.94
IR64,Silty Clay,Wet,Transplanted,151.36864454419776,25.610905789952927,197.450989666597,69.09020102302547,4.914801075841888,4.85
IR64,Sandy Loam,Dry,Direct Seeded,112.20352312486796,27.457774854056105,82.47164570567216,66.92602697403518,3.7727466001844014,4.66
IR64,Sandy Loam,Wet,Transplanted,68.61453141645235,28.53917788273347,307.4867401745847,66.70169005009285,3.0580186988005362,4.16
NSIC 218,Clay,Wet,Direct Seeded,112.98613215477013,28.203428613172157,283.879854977735,79.15516577685804,3.7071368147103136,5.13
IR64,Silty Clay,Wet,Transplanted,79.13493945433726,29.049846384775808,188.5933728101847,71.53051003032448,3.1646554485998006,4.23
NSIC Rc 222,Clay,Dry,Transplanted,112.33392981849748,22.823817390784107,69.59593347658074,65.13493124274919,2.907980952507542,5.2
IR64,Clay,Wet,Transplanted,107.65085419377915,25.55648432831697,191.94492652610575,86.62715534963279,3.2174661967916753,5.0
NSIC 218,Clay Loam,Wet,Transplanted,160.75874554040863,26.34000016595477,397.31293211988867,86.22446063813382,5.102195417614758,5.83
IR64,Silty Clay,Wet,Transplanted,166.1323337249538,24.606292978749664,263.18249840523316,85.87388770596706,2.817827162439473,4.11
Dinorado,Clay Loam,Wet,Direct Seeded,141.054298157682,23.72627270269224,181.4503230000184,71.72234826773378,5.417618763303672,4.92
Dinorado,Clay Loam,Wet,Direct Seeded,53.40302632736713,23.38927479912863,203.69750968481355,61.70947360531357,2.5149953610630305,4.17
NSIC 218,Clay,Dry,Transplanted,189.6533418606491,25.66383392256585,61.55409632031626,63.20226053683308,4.474714463173729,5.45
NSIC Rc 222,Sandy Loam,Dry,Transplanted,152.93499201446716,26.934417005625658,119.89289064318008,68.28144239313897,5.069535954514258,5.72
NSIC Rc 222,Silty Clay,Dry,Direct Seeded,55.12931748817832,22.629764401466606,20.07733043110177,66.59910012325963,5.3018729443802926,5.22
NSIC Rc 160,Sandy Loam,Wet,Direct Seeded,172.82493488211767,31.464580945905496,217.0870168121374,86.21956860446507,2.9319567803702635,4.1
NSIC 218,Clay,Dry,Direct Seeded,80.03992320769942,29.652433228607585,144.367872024417,89.59074541167779,4.59462548935702,5.46
IR64,Clay,Wet,Direct Seeded,136.88317843566603,29.308517731854664,277.7293158296548,84.50020986995408,2.822047648466942,4.1
NSIC 218,Clay,Wet,Direct Seeded,119.99515549252807,23.72860524988727,233.88703237657734,81.89546708247565,3.557834481623301,5.03
NSIC Rc 160,Clay,Wet,Transplanted,112.9758173532615,28.03800768012189,263.75294647248023,77.65872419781942,4.695779072520981,4.11
NSIC 218,Clay,Wet,Transplanted,183.45705801865964,27.297249468086676,191.62488777534068,83.09724897539618,3.537919678489201,6.21
NSIC 218,Clay,Dry,Direct Seeded,115.60419373439221,31.824688457866937,68.50850403832638,88.41099936577173,3.4401241848432034,4.87
NSIC Rc 160,Sandy Loam,Dry,Direct Seeded,61.30161763597261,29.47671770080158,53.918101615515816,78.04034009721244,2.8481638564072247,3.61
NSIC Rc 222,Clay Loam,Dry,Direct Seeded,191.99580908224289,27.757618837162312,146.36953629595817,64.63839732059502,2.699314282984264,5.59
IR64,Sandy Loam,Wet,Direct Seeded,188.08028468594412,30.508126664701223,231.68217264687655,64.91574951806159,2.8458339738452714,4.7
NSIC Rc 160,Silty Clay,Dry,Direct Seeded,152.66490343723981,23.550942708607096,141.023040854048,77.51588409385758,5.126424324835673,4.31
Dinorado,Sandy Loam,Dry,Direct Seeded,120.18387921980374,22.15216529690977,99.87077956720094,70.00405619354423,2.5335955761427758,4.03
NSIC Rc 222,Clay,Wet,Direct Seeded,63.92892094152819,28.902333334145233,167.5791481794385,87.30742125734908,4.578597608605867,5.62
Dinorado,Sandy Loam,Dry,Direct Seeded,168.61221778662144,22.983114602372375,12.591032479056185,78.34927001507917,4.805872689664893,4.92
NSIC Rc 222,Clay Loam,Wet,Direct Seeded,61.321687163604345,23.154336399835092,372.42756836896217,80.29477840270081,4.203664912382287,4.95
IR64,Silty Clay,Dry,Transplanted,60.29014773427185,29.446807264245304,114.79489666892006,60.174621303027074,4.692326083549446,4.07
IR64,Sandy Loam,Dry,Direct Seeded,130.60757636590523,24.70534844133989,56.978036005880185,74.9654565618787,4.456809007075301,4.15
NSIC 218,Clay Loam,Dry,Direct Seeded,74.01923602769604,28.28631215568893,64.35923231959656,72.93494164166735,3.866675467284078,5.22
Dinorado,Sandy Loam,Wet,Transplanted,51.15954010105235,31.174069260927485,199.68811929214456,81.17615570302598,3.648131283628801,4.74
NSIC Rc 222,Silty Clay,Dry,Transplanted,113.46701464936794,25.164745316378582,32.2238980568344,71.47915981000097,5.32399596521552,5.41
IR64,Sandy Loam,Dry,Transplanted,70.58258474150989,24.17144157839919,83.2841317410859,89.29725095661487,5.415813977711403,4.31
NSIC Rc 160,Clay,Dry,Direct Seeded,74.07731229210368,23.065628837410518,114.23736346852728,80.10609544669205,4.453814210875089,3.68
IR64,Sandy Loam,Dry,Direct Seeded,61.5365958103002,23.30462361419726,48.221556533029585,79.79754999427769,3.0918965196954153,3.77
NSIC Rc 160,Clay Loam,Wet,Direct Seeded,80.7640630585415,22.622226953788427,339.2250338571847,87.58023434273949,3.8436974873133627,3.96
NSIC Rc 222,Sandy Loam,Wet,Direct Seeded,157.3226269661584,22.8764237882974,237.3879470508365,89.85614501695036,3.9896124702478213,5.35
IR64,Clay Loam,Dry,Transplanted,171.3390960826687,26.32004588809154,141.42260712607253,65.93462067786339,4.773910157381985,5.32
IR64,Silty Clay,Dry,Direct Seeded,117.88004660439509,25.2086504502397,37.26315984041361,84.31599429644184,4.503331393966958,4.24
NSIC Rc 222,Sandy Loam,Dry,Direct Seeded,125.98307238221265,29.06560814322998,19.27672768322067,64.86958485966082,4.044443288283685,5.39
IR64,Silty Clay,Wet,Transplanted,54.89825518913039,30.70241658247002,268.59932973494836,73.71130359162629,4.5410936733614715,4.09
NSIC Rc 160,Silty Clay,Dry,Direct Seeded,60.39743920569753,29.847732031423842,100.21094226898613,63.0055621299741,2.5721705402013217,3.77
IR64,Sandy Loam,Dry,Direct Seeded,88.63515884742753,27.30637256665652,128.90462246320655,78.70112935401494,4.829905965653092,4.26
Dinorado,Clay Loam,Wet,Direct Seeded,131.58476310697213,23.024421162326533,222.8152598653067,74.05554490215225,3.134896702020833,4.34
NSIC 218,Silty Clay,Wet,Direct Seeded,160.93267231024896,29.097672839415537,324.11031777684246,78.86096844977145,4.469227418683447,5.69
NSIC Rc 160,Silty Clay,Wet,Transplanted,140.75045920070494,25.628287247268737,361.13660481867686,80.33882257846238,2.8419197564110275,4.22
Dinorado,Sandy Loam,Dry,Transplanted,108.81917824801823,22.856503939154102,143.43860030305171,78.58296750093714,2.8433825077741046,4.33
NSIC Rc 222,Sandy Loam,Wet,Transplanted,67.74861095047072,30.424664072126255,221.56754618489703,68.82087367822119,2.6069729315101062,5.25
NSIC Rc 160,Sandy Loam,Wet,Transplanted,167.11598523307842,25.382165171825054,210.5544109158981,85.10877471731007,5.230698430460535,5.42
NSIC 218,Sandy Loam,Dry,Direct Seeded,104.56790773985855,24.182488325115713,117.40394147231264,76.55058598125372,4.313676273075436,5.4
NSIC 218,Sandy Loam,Wet,Direct Seeded,160.40810217241844,30.714520646188433,320.36006636597426,74.6955351965041,3.5858858086874448,5.0
NSIC Rc 222,Clay,Dry,Direct Seeded,126.94682628715128,31.02133868447005,37.95100161085013,89.61191412704623,4.863333223057927,5.66
NSIC Rc 222,Sandy Loam,Dry,Transplanted,160.7993080342738,25.3897083719156,146.87256587252224,68.5052372011943,4.378246601873997,6.05
NSIC Rc 160,Clay Loam,Wet,Transplanted,186.09343421788577,25.548014192813735,198.78826514193022,75.8409091468552,4.360241553738821,4.87
IR64,Silty Clay,Dry,Transplanted,188.1544274080703,27.79628527583144,138.721022644038,80.46973735823974,3.9611283830890205,4.73
NSIC Rc 222,Clay Loam,Wet,Direct Seeded,130.26601700009053,29.334414938106583,309.95994140244306,63.756777987997005,2.5237803360046263,5.63
IR64,Clay Loam,Wet,Direct Seeded,126.72625471484581,22.631492019068634,173.60701992340887,70.62719172439606,3.2753875192748194,4.61
Dinorado,Clay,Wet,Transplanted,89.85176982542558,27.933436571884716,305.0342899901718,84.05066147991978,2.8272300838002487,4.64
NSIC 218,Sandy Loam,Dry,Transplanted,190.3699747293937,31.528200617835815,32.84343918674264,67.1027470379949,4.487229557058328,5.26
IR64,Silty Clay,Wet,Direct Seeded,118.68787507994314,24.620938971799536,278.3516835026083,74.7987109471082,3.245862465360993,4.06
NSIC 218,Clay Loam,Dry,Direct Seeded,69.13868589310657,31.088272140969337,88.23001576814542,78.91891817948914,3.8504999921536207,4.6
IR64,Sandy Loam,Dry,Direct Seeded,114.90573719398249,31.501683407630935,87.77243963033705,80.13487059922801,3.560290894869649,3.7
Dinorado,Sandy Loam,Dry,Transplanted,69.05798753570059,24.6915364097109,71.95486893812591,81.84931326143477,2.929596213776092,4.14
NSIC Rc 222,Clay,Wet,Transplanted,125.37975263856126,29.542018658853507,178.4764288940771,85.97931951128834,5.375110698648157,6.01
Dinorado,Clay,Dry,Transplanted,134.19132722843182,24.3877500831956,147.79938623635644,71.78578329100912,5.300257934881648,5.12
NSIC Rc 222,Clay,Dry,Transplanted,100.66336422403779,29.376111617321328,18.34711320523097,81.19895777891568,2.7538245581099217,5.19
NSIC Rc 222,Silty Clay,Wet,Direct Seeded,60.7475921347227,29.974199712888257,312.27590871614996,81.96523943310754,4.98209606058399,5.24
NSIC 218,Clay Loam,Wet,Direct Seeded,191.52553034498587,24.472057037106495,261.63928925851894,69.00822390380971,3.9651210481491193,5.73
Dinorado,Clay,Dry,Direct Seeded,166.00296702251444,29.15869543583235,97.80924718210186,89.04473850634923,4.821207653742554,4.83
IR64,Clay,Dry,Transplanted,175.83216207576817,30.121045388640898,38.74250717503341,85.95657520566186,2.9534713927413008,4.21
Dinorado,Clay,Wet,Direct Seeded,105.03025914293441,25.585788721069118,204.27876270427143,68.69583986098692,2.896822413332631,4.55
NSIC 218,Clay Loam,Dry,Direct Seeded,164.12465450291756,23.67702775989727,83.82636866233435,80.25206030060963,5.172272502685612,5.82
NSIC Rc 222,Clay Loam,Dry,Direct Seeded,122.80593427537913,22.919645673175136,119.16370805025262,81.53401903377882,5.193458475523182,5.45
NSIC 218,Clay,Dry,Direct Seeded,80.1625232609069,27.75381703609942,44.541752443596486,72.94450908826138,3.8977364882608265,5.14
NSIC Rc 160,Clay,Dry,Direct Seeded,68.663506536082,31.78098119315713,65.0703365076408,85.91229857822898,5.110473392844694,3.76
NSIC Rc 160,Sandy Loam,Wet,Transplanted,101.75763039830852,30.22950320022216,238.34603892554432,80.7068806052712,4.50237685451089,4.58
IR64,Clay,Dry,Direct Seeded,70.63281672127096,26.35839638934553,143.10753039925586,79.74464055458154,3.055029227832976,4.17
NSIC 218,Silty Clay,Wet,Direct Seeded,199.7403464306103,27.366209028549584,273.0255264097324,66.62521116854154,3.4868627940464463,5.91
IR64,Silty Clay,Dry,Transplanted,57.37834853480331,24.795278854118187,116.60730328084334,72.23526934048748,2.90818195152601,3.9
IR64,Clay,Wet,Transplanted,116.17153990536148,23.630658673600635,172.8885568160955,73.0176746739705,4.821846006792799,4.25
NSIC Rc 160,Clay Loam,Dry,Direct Seeded,117.81402835855762,26.820811582322733,90.18124583165698,82.00983289737061,5.455752174087249,4.45
IR64,Sandy Loam,Wet,Direct Seeded,95.09478928725133,26.63501566167185,389.40237078208855,78.55183635772657,4.139134979698035,4.28
NSIC Rc 160,Clay Loam,Dry,Direct Seeded,135.7027348560418,27.219299528037602,41.07963429294034,62.57581771878801,4.4675932423446785,5.0
NSIC Rc 222,Clay,Wet,Direct Seeded,72.49655362273171,31.528045855639405,316.3905390530303,69.2309385566172,4.73827770440091,5.37
NSIC 218,Silty Clay,Dry,Transplanted,167.58685708808505,28.038953001447723,69.54276124686163,74.19142513384637,3.1727773072914713,5.17
IR64,Sandy Loam,Dry,Direct Seeded,99.86715773714575,28.05771836622374,118.36858466698918,82.1019883757098,3.5080037429003026,4.32
NSIC Rc 160,Clay Loam,Wet,Transplanted,138.70138846979626,23.280247628610766,175.633745321924,82.30707390239021,3.736963633972704,4.33
Dinorado,Clay Loam,Wet,Direct Seeded,157.3458854100439,31.964888661768207,355.7155460821149,74.7162992571491,4.283764936436416,4.38
IR64,Clay,Wet,Direct Seeded,183.35631765352417,29.728449442346687,230.63873273653635,63.507971467820326,5.051477734446327,4.73
NSIC Rc 222,Sandy Loam,Wet,Direct Seeded,175.36811546783002,30.77203344094005,299.199884178296,68.78710210118517,3.2626106337697185,5.54
NSIC Rc 222,Silty Clay,Wet,Transplanted,141.24635421553393,26.14300411830994,219.28571039489333,67.64077146741208,3.912666402183367,6.04
Dinorado,Clay,Dry,Direct Seeded,108.25897705758304,27.02128095785625,124.87603093539667,83.43079230924724,4.754601733614135,4.71
NSIC Rc 160,Sandy Loam,Wet,Direct Seeded,125.48070051124459,27.220838091622767,333.35148622865177,65.3995894201696,2.762154998513873,4.45
IR64,Clay Loam,Wet,Transplanted,165.31021900682038,23.94094539289605,330.75224375002557,73.94763667185576,4.038680374978536,4.33
NSIC Rc 160,Clay,Dry,Direct Seeded,181.63183138392097,28.89489156326957,44.24486773993585,80.1215641054317,2.933139110097175,4.59
NSIC Rc 222,Clay Loam,Wet,Transplanted,65.56728922650078,31.029767236174564,288.01086421810453,88.94358458850111,4.117446690182048,5.03
NSIC Rc 160,Clay Loam,Wet,Direct Seeded,107.72843937395803,23.63705818138419,210.2313981178945,89.9772174067332,4.8034682839463105,4.51
NSIC Rc 222,Clay,Wet,Transplanted,166.41748976202507,22.863182734861645,213.42595187803636,88.58766430666317,3.2108422331348194,5.46
NSIC Rc 160,Clay,Dry,Transplanted,114.74776438909414,29.382189055403423,102.6884294583827,81.54727035760605,5.048435336454115,4.39
Dinorado,Clay,Wet,Transplanted,99.83416460994258,24.73201831672982,245.71569917373574,82.39322499066274,3.50441233024525,4.59
NSIC 218,Clay,Dry,Direct Seeded,111.69840452349044,28.238625416173292,23.30041889727599,82.77630292827052,3.0723545906733105,5.3
Dinorado,Clay,Dry,Transplanted,140.42671201795264,28.957583379921807,13.249723043065021,85.8781462963887,3.895970185212556,5.01
Dinorado,Clay Loam,Wet,Transplanted,199.97077162007022,25.21910763581822,186.25304184907134,88.55356388556623,5.1282252463156155,5.73
NSIC 218,Silty Clay,Dry,Direct Seeded,123.94886436567977,30.151445974257843,86.81434928062298,73.37118433560983,2.7067991835223086,4.91
NSIC 218,Silty Clay,Wet,Transplanted,81.27417124313908,27.49988982114217,234.41392829773088,72.4953263412638,3.482714398649936,5.46
IR64,Clay,Wet,Direct Seeded,74.42698629186421,30.68999407951803,321.08865031207813,73.81393387135893,4.45948950690734,4.2
IR64,Clay Loam,Wet,Direct Seeded,56.352462121462146,29.632935525589474,357.71132001485535,79.79451514369782,3.5727426060867566,3.89
Dinorado,Silty Clay,Wet,Transplanted,133.82258523774823,30.685756320374537,233.14557262334034,83.26336188833294,2.7124719841978466,4.67
Dinorado,Silty Clay,Wet,Transplanted,131.68581372332514,22.201613821178942,208.397564563591,86.11633172703988,3.4959969063414214,5.1
NSIC Rc 222,Silty Clay,Dry,Direct Seeded,80.78508901704637,24.435062607385948,41.41317959926002,73.68632262847817,4.962878158409591,5.52
NSIC Rc 222,Clay Loam,Dry,Transplanted,154.29941096788505,22.900079404459387,21.0476843738986,70.90117878540389,5.404112567515078,5.8
IR64,Clay,Dry,Transplanted,161.16605624445214,26.420830171893492,112.1759638053322,89.50057844106679,2.619337592193155,4.37
IR64,Clay,Dry,Transplanted,88.86473080731669,30.899601216153183,79.7164423710503,66.95662863021678,4.207851452905208,3.96
NSIC Rc 222,Clay,Wet,Transplanted,101.61496460446048,26.675402622668692,358.16064458378355,66.66014505757431,2.815910299080544,5.36
NSIC Rc 222,Sandy Loam,Wet,Direct Seeded,198.5707508520885,30.49713044580394,372.6760068464803,81.46222364479488,4.5411895874680175,5.73
NSIC Rc 160,Sandy Loam,Dry,Direct Seeded,106.13967017761013,25.27178238019318,121.47878153418307,65.38971886807927,2.523676678024153,4.26
NSIC Rc 160,Sandy Loam,Wet,Transplanted,164.12025076341527,25.395700728052525,252.5053808280161,71.98226999238368,2.5442248771221196,4.2
NSIC Rc 222,Clay Loam,Dry,Direct Seeded,117.908813994491,30.955617303268774,102.95219355527797,68.77160466942756,4.830639479291722,4.99
NSIC Rc 160,Silty Clay,Dry,Transplanted,169.00172417914638,26.258171465117016,112.1726915881686,65.06131370270846,2.7233059680918936,4.4
NSIC 218,Silty Clay,Dry,Transplanted,165.3534858173972,29.897654877946664,53.03048138142598,77.3912171729368,3.4155450228611928,5.23
IR64,Clay Loam,Dry,Transplanted,150.16340377978034,24.366435478819014,46.85861559565309,71.20534472263887,5.374121272311493,4.89
IR64,Clay Loam,Wet,Transplanted,178.2167519443369,31.488008296776357,156.72603846240847,73.86702518545339,5.455741352342414,4.72
NSIC Rc 222,Clay,Wet,Direct Seeded,190.88277423165277,27.74578246530571,323.740405223538,65.87589014476548,2.9842085856582004,5.74
Dinorado,Clay,Dry,Transplanted,136.9974980678126,29.59323568578402,94.12248489333658,83.0360040801527,4.182705764307551,4.93
NSIC Rc 222,Sandy Loam,Dry,Direct Seeded,85.62033608341186,22.895156997948856,38.01149965573181,69.44136250352237,4.1774464854709,4.81
NSIC Rc 160,Sandy Loam,Dry,Transplanted,109.79434424661125,26.926642258305286,124.15769618848296,70.28154537080697,3.85714207159784,4.97
Dinorado,Clay Loam,Dry,Direct Seeded,163.74585702699397,31.01038497734023,83.20882365639339,67.56461886300337,5.274100474791987,4.63
NSIC Rc 160,Sandy Loam,Dry,Direct Seeded,147.63252276858043,30.770386290433045,41.778590528686536,73.03210716357101,4.762101727372481,4.63
NSIC 218,Silty Clay,Wet,Direct Seeded,76.66975078478731,22.468139572342274,346.00830904578237,73.90729881716015,4.7935808070458314,4.81
NSIC Rc 160,Clay Loam,Dry,Direct Seeded,57.6859311719637,25.03698469128947,97.52355252618719,75.89000748988545,3.3087082953080293,3.87
NSIC 218,Clay Loam,Dry,Transplanted,152.44423903130973,26.433200064790803,142.30500291170648,89.02704845945819,3.802959316604916,5.44
NSIC 218,Silty Clay,Wet,Direct Seeded,87.6618536044018,23.722648143557883,154.50606329111005,87.1407542413711,3.962271095426359,5.12
NSIC Rc 160,Clay,Wet,Transplanted,124.95053655935801,29.299983109899703,298.7577133353783,78.2817789296116,3.3967361236132496,4.96
NSIC Rc 160,Clay,Wet,Direct Seeded,162.01201587688914,23.845119955987116,297.0921895610437,61.16710403289292,2.784453325486174,4.29
NSIC 218,Silty Clay,Wet,Direct Seeded,134.40001709844995,25.46639694369886,244.6769771869785,78.36781022630204,2.879077674916648,5.31
Dinorado,Silty Clay,Wet,Direct Seeded,62.49538746676946,28.632806368578184,337.4418314627094,62.69005820292349,3.0420133845427655,4.0
NSIC 218,Sandy Loam,Wet,Transplanted,77.83703551753331,26.8208934452448,257.04475952859013,81.31032715556242,3.110960003094845,5.44
IR64,Clay Loam,Wet,Direct Seeded,82.89922760463787,29.38571038634894,319.19398794784104,71.70232939742792,3.2267854276316323,3.91
NSIC 218,Sandy Loam,Wet,Transplanted,88.67963804672672,31.612079012228598,279.27932615878797,85.13089474705556,3.266380086890483,4.95
Dinorado,Silty Clay,Wet,Transplanted,134.81050879257566,23.165466877151975,212.11615117571097,88.27587735795392,3.8671490364626075,4.99
IR64,Sandy Loam,Dry,Transplanted,125.59486697380902,29.09567716398061,21.493261722708375,72.51331024396828,4.028719572478124,3.78
NSIC Rc 222,Silty Clay,Wet,Direct Seeded,80.47400575463134,24.303441556321147,301.62521575253294,73.81665886421239,3.426637624379068,5.17
NSIC Rc 222,Sandy Loam,Dry,Direct Seeded,60.13322651835306,26.144767274075694,25.308329023890412,77.70442743038551,5.221889259762184,5.05
Dinorado,Sandy Loam,Dry,Direct Seeded,75.71483067120771,22.3286272579514,128.13748056086757,65.91398165574151,4.1594191700168635,4.26
NSIC 218,Clay,Dry,Direct Seeded,197.6571968927905,23.35907382292699,25.343128439362303,87.81998522485084,4.86243078410022,5.18
NSIC Rc 160,Silty Clay,Dry,Direct Seeded,120.28204246872085,25.197772890489,15.512551709418291,72.98999779504118,5.27271349726253,4.17
Dinorado,Sandy Loam,Dry,Direct Seeded,180.10182570531688,25.41985805287985,58.71028134650621,65.00461007748022,2.9894053437274155,4.29
IR64,Clay Loam,Dry,Direct Seeded,177.31287000032648,30.995852164620956,75.33882388902366,82.88195500256651,3.7836234511469033,4.49
IR64,Sandy Loam,Dry,Transplanted,126.72793361943106,29.41812909266515,89.72222113669658,66.57454117331956,3.799631205143826,4.14
NSIC Rc 222,Sandy Loam,Dry,Direct Seeded,156.00315626908153,31.72182968187041,81.02203255899498,64.30587825215565,3.5634167513150627,5.14
IR64,Clay Loam,Wet,Transplanted,78.91280156190685,27.990715103352407,334.2271237114604,76.88616226482021,2.52671759965492,4.42
Dinorado,Silty Clay,Dry,Transplanted,153.25950573903623,24.41713732091318,137.8458387721359,80.14485765874772,4.947916323334285,5.25
IR64,Clay,Dry,Direct Seeded,90.85768688949344,25.276550299216428,117.61353405482923,77.08688221994748,2.8346779646617084,3.44
Dinorado,Clay,Dry,Direct Seeded,174.80931451312262,25.19835923291967,147.7334358206395,79.6953194684209,5.486441793765277,5.49
NSIC Rc 160,Clay,Dry,Transplanted,62.55861996633649,25.264943276632515,76.70375925154512,63.465720369232336,4.818875475733545,4.76
NSIC Rc 222,Clay Loam,Wet,Transplanted,165.97080093279163,28.729641731118157,393.47641835925094,74.28054113652323,4.240030052819543,6.17
IR64,Sandy Loam,Dry,Direct Seeded,64.99053598529292,27.308079280904163,21.80614537748505,70.71055932265624,2.9638192532247922,3.93
Dinorado,Silty Clay,Wet,Transplanted,182.17838553414634,25.85424178086644,245.02723670060337,89.20105848720365,4.046178914179741,4.97
NSIC 218,Sandy Loam,Wet,Transplanted,95.63067772025056,23.490897687287166,166.1181361665878,61.488718025384024,3.2833262225734265,5.16
NSIC Rc 222,Clay,Dry,Transplanted,148.15900472458623,22.221391629421458,143.77429001200244,68.94882609179768,3.2569675736292085,5.19
NSIC Rc 160,Sandy Loam,Dry,Transplanted,123.12534179304197,24.188346775876926,10.57584262247363,88.25586582275166,4.988587748147456,4.17
Dinorado,Clay Loam,Wet,Direct Seeded,104.94547178935085,23.074714039686814,396.9928053053379,89.50488549552989,3.6419332718783037,3.87
NSIC Rc 160,Clay Loam,Dry,Direct Seeded,146.81627497752447,29.854450308522395,118.65344193746677,84.747048231814,3.8521714101724123,4.22
NSIC Rc 160,Silty Clay,Dry,Transplanted,192.12844708268568,23.124979578138856,14.379484308035124,62.279947320492276,5.0288942133403545,4.67
IR64,Silty Clay,Wet,Transplanted,56.19046210619328,29.242282373068363,305.95166485638407,76.84065085030622,2.7633718771565277,3.81
IR64,Clay,Wet,Transplanted,187.82792838246564,25.856586897760828,386.61261454019234,72.00368978011402,4.283853559273148,4.48
Dinorado,Silty Clay,Dry,Direct Seeded,141.36224825315202,22.73378389743776,116.56998669122937,84.19357703086204,4.2346470441191135,4.5
NSIC 218,Sandy Loam,Dry,Direct Seeded,171.09714511535785,30.127300494315858,141.3114515787276,61.65072706714,3.775643707800026,5.72
Dinorado,Clay Loam,Dry,Transplanted,107.58124301514164,27.796305702366134,64.49644162634655,65.91386254934106,4.989323924272279,5.48
NSIC 218,Clay Loam,Wet,Transplanted,120.77644622564206,24.35761512863573,175.95677150277984,74.67585198667888,5.328670184007078,5.61
NSIC Rc 160,Clay Loam,Dry,Transplanted,180.3276127701746,30.946811743326677,43.73507917076047,64.72942988843481,3.8960075857408323,4.57
NSIC Rc 222,Silty Clay,Wet,Direct Seeded,112.22719547147346,22.452583138705513,235.5084599676144,80.78145428082894,3.868441152995199,5.16
Dinorado,Clay Loam,Wet,Transplanted,130.19893501236277,24.018196081977628,183.48417471818107,84.62301663419395,4.006191189012235,5.14
Dinorado,Clay Loam,Dry,Transplanted,53.029238462649936,29.52046927805861,41.67908135165632,81.1355968088293,4.669372092499184,4.36
NSIC 218,Clay Loam,Wet,Transplanted,73.78970087570634,29.09377930309889,358.87753864551485,73.20851140919947,4.504180872096887,5.0
NSIC Rc 160,Clay,Dry,Transplanted,146.25297619621995,24.89271693724478,78.84047018102846,86.35162998757939,3.168504847620661,4.92
NSIC Rc 160,Clay,Dry,Transplanted,157.54653515958157,22.620248753527832,33.92418500595082,64.13058395159825,2.69168604579803,3.78
NSIC 218,Silty Clay,Wet,Direct Seeded,137.39014051767492,30.580780722249436,370.085685357329,67.81015751697026,5.347762389450368,4.59
NSIC Rc 160,Clay Loam,Dry,Direct Seeded,71.4965054413416,25.136976380699025,104.2093082923597,74.68619055756909,3.2832092792011127,4.21
IR64,Silty Clay,Wet,Direct Seeded,116.81081428667522,23.957134149282652,275.3279249687551,61.84015796637756,4.415790054071775,4.12
NSIC Rc 222,Clay Loam,Wet,Transplanted,103.26421495447848,27.16061822360977,196.6515544155076,62.87057344699642,4.9853140082311675,5.97
Dinorado,Clay Loam,Dry,Direct Seeded,124.34920160526325,31.102271992824473,61.569330048372485,71.92330115167117,3.4008302516415587,4.98
NSIC Rc 222,Clay Loam,Dry,Transplanted,180.54935518311413,22.435465778433752,55.23532893645626,88.31658890203661,4.406300240970786,5.92
Dinorado,Silty Clay,Dry,Direct Seeded,166.3792157987978,29.658040880308878,74.57998067590398,87.25241079831001,2.8237007234476748,4.5
IR64,Silty Clay,Dry,Direct Seeded,62.59842520837384,27.72473227938709,85.96225034156525,73.97924574835233,5.409794333126982,4.07
NSIC Rc 160,Clay Loam,Wet,Transplanted,183.54637966618463,26.254491165518168,181.77974225992713,64.2647563353219,2.6744748251518775,4.96
NSIC 218,Sandy Loam,Wet,Transplanted,120.76507267247354,29.440804441050602,297.04102752005167,65.34322967875306,3.814524021522929,4.88
IR64,Silty Clay,Wet,Transplanted,161.57932173289976,31.658244244416323,276.59408114632515,71.32638163827382,4.11045772618007,4.29
NSIC Rc 222,Clay,Dry,Direct Seeded,71.00588468965282,24.29206211162691,29.87023671623141,66.30222585260344,4.871445335990092,5.21
NSIC 218,Silty Clay,Wet,Transplanted,150.6079288560572,23.436473650721197,323.6972755919169,62.48926783171134,2.863385551217264,5.24
NSIC Rc 160,Clay Loam,Wet,Direct Seeded,85.4489026414187,31.12881745222697,226.3018156549978,80.21332450559991,3.82242392156553,4.09
IR64,Sandy Loam,Dry,Direct Seeded,115.75713457113973,28.689530774573036,109.08687093155807,77.44345913378085,3.399134708630357,3.93
NSIC 218,Clay Loam,Dry,Direct Seeded,52.52943051231566,26.379860215619658,133.61259398674565,68.73890273934255,3.43603214708002,5.26
IR64,Clay,Dry,Transplanted,72.7415956895714,27.732595702642833,48.918168268165445,83.36845147656912,4.836363748195753,3.9
IR64,Silty Clay,Wet,Transplanted,63.81207396854296,29.45613905176244,250.59199875609056,83.27846663117504,2.5163828350954995,3.94
NSIC Rc 160,Silty Clay,Dry,Transplanted,85.96162594073877,29.730318987057174,35.254726256127874,74.73005910638285,4.747250924007899,4.15
Dinorado,Clay Loam,Wet,Direct Seeded,65.00271350364834,31.198941808189645,155.34026846278934,62.89597666535682,4.931195290369319,4.71
NSIC 218,Clay Loam,Wet,Direct Seeded,153.78650399293429,26.268427888956225,302.53576126888225,87.55408200304072,5.204086731526207,5.52
NSIC Rc 160,Clay,Wet,Transplanted,54.355985331382904,24.93410910019395,255.78588033661947,80.05981570622913,4.38064540969145,4.46
IR64,Sandy Loam,Wet,Direct Seeded,142.6610750937497,28.39664266789842,379.94115845336194,67.41152457455853,3.5003659848167237,4.16
NSIC Rc 160,Clay,Wet,Direct Seeded,71.10617462383614,26.157278992795305,310.4465744262012,78.3136364110268,3.781704197646612,3.66
Dinorado,Sandy Loam,Dry,Direct Seeded,191.77421857668455,27.94598453948978,116.4707593206689,72.15064487482891,5.4092082468622875,5.18
NSIC 218,Silty Clay,Wet,Transplanted,189.96411096647813,26.1998579845595,249.67362286242346,79.06048919207873,5.143560479307556,5.62
Dinorado,Sandy Loam,Dry,Direct Seeded,83.8254653781444,23.529957866781746,35.69584132719093,74.21612687193063,3.890577727298326,4.24
NSIC Rc 222,Sandy Loam,Wet,Direct Seeded,142.16319473345442,26.694267516589584,215.8972952183376,74.564164507192,5.329189021332767,5.88
NSIC 218,Silty Clay,Wet,Transplanted,54.200797920868766,28.90917821941033,376.32123565190966,82.07646275722078,4.968864626219377,5.42
Dinorado,Silty Clay,Dry,Transplanted,189.76828145767612,29.9928380766765,15.775722450813927,78.41177238191928,5.203269584979385,4.98
IR64,Silty Clay,Wet,Transplanted,128.44809622875647,26.933262767965466,154.06626852936083,62.39858073732677,4.548931703727763,4.59
NSIC 218,Clay,Wet,Transplanted,56.48347271266685,23.652378902104008,231.72811681309804,61.96120711338911,5.072962130385985,5.61
NSIC 218,Silty Clay,Dry,Transplanted,101.3749989512206,26.146877096494315,96.69405085358905,69.15027712490176,5.175298424002977,5.37
NSIC Rc 160,Clay Loam,Dry,Transplanted,61.52741927918513,29.86293928841698,43.56519828274904,72.90737989616238,2.776049753622014,4.13
IR64,Silty Clay,Wet,Direct Seeded,108.94166590600398,26.12859270617073,385.87639594700875,68.25667677537858,5.395650929981976,4.4
NSIC Rc 222,Silty Clay,Wet,Direct Seeded,150.48895132419847,28.965307936042223,313.5082517453935,79.54379574209754,3.50083929629219,5.44
Dinorado,Silty Clay,Wet,Direct Seeded,120.48348620621594,27.072136816780898,283.17976782082474,65.85323795176866,3.819698528750066,4.43
NSIC Rc 160,Sandy Loam,Dry,Direct Seeded,107.55832620791817,24.412231251093967,34.05345724999836,81.1242328918851,4.875711277578446,4.48
Dinorado,Clay,Wet,Transplanted,67.87355683106972,29.961505080230744,200.88367948010685,83.19452225666791,4.494688916717493,4.89
NSIC Rc 222,Silty Clay,Dry,Direct Seeded,86.74085685404845,22.84213454070687,147.42438384003088,63.729579227869515,5.179179737308171,5.27
NSIC Rc 222,Clay,Dry,Transplanted,65.02149316075267,27.248902827551504,50.86109767596187,79.52418730088964,3.7017212523303167,5.51
NSIC 218,Clay Loam,Wet,Transplanted,171.1248097484991,24.088910342434048,358.3436935635968,88.84307927700343,3.619864491028476,5.63
NSIC Rc 222,Clay Loam,Dry,Direct Seeded,70.28597419770838,22.670656285413756,136.482060630175,65.7847145179004,2.595066548623959,5.01
Dinorado,Silty Clay,Wet,Direct Seeded,139.30600498233403,27.02933937083249,201.049765648194,87.27908493348464,3.8881761300089743,5.08
IR64,Clay Loam,Wet,Transplanted,101.41106203832689,26.995621559349235,212.06338288031247,78.1814384782205,4.672212310987327,5.03
IR64,Clay,Dry,Transplanted,83.89675769827753,29.069009016757207,34.9506272244046,77.72834601995136,3.4035361528786483,4.39
NSIC 218,Sandy Loam,Dry,Transplanted,145.92026592381558,29.447506930519047,124.65679848874092,61.557680469626014,3.8881795410215245,5.44
Dinorado,Silty Clay,Dry,Transplanted,118.5503464065411,29.27791488692897,80.28264222678749,82.44900835159194,3.158193305455834,4.27
Dinorado,Clay Loam,Dry,Direct Seeded,110.02182009268387,26.09558732916755,21.00326767623934,74.34819157944175,4.818363417614382,4.3
NSIC Rc 222,Clay,Dry,Transplanted,138.92780073383324,28.316897872265628,112.70474111010014,81.63523175505402,2.6815346840234415,5.47
Dinorado,Clay,Dry,Direct Seeded,123.69014427350011,27.769452426439603,134.89027204286919,84.27543310339817,4.616149165001495,4.63
NSIC Rc 160,Clay Loam,Wet,Transplanted,95.52263128273412,26.215617561169196,197.9627857179638,75.71389120116835,3.6368200352349502,4.23
NSIC Rc 222,Clay,Wet,Transplanted,133.85919316478777,27.972126941859933,189.53736514238048,67.90932939834943,2.6247882081613625,6.26
NSIC Rc 160,Clay,Wet,Transplanted,150.4247864826042,31.472478767062626,388.3281239947007,64.2471747417844,5.060408761875357,4.53
NSIC 218,Silty Clay,Dry,Direct Seeded,54.00397378802814,23.928937436813772,32.822378646973014,64.81509383797243,3.9631655895434954,4.57
IR64,Clay,Dry,Transplanted,119.8807593361513,31.057720957855263,111.58263392706455,86.00803961837396,4.297956908848388,4.28
NSIC 218,Clay Loam,Dry,Direct Seeded,58.65249268753156,22.534555139831983,72.30735267023734,63.70734286891166,4.696092074573371,4.36
IR64,Silty Clay,Wet,Direct Seeded,77.96081211021666,25.083892129016608,300.5078990353271,71.54082219139706,4.465223299003567,4.39
NSIC 218,Clay Loam,Wet,Direct Seeded,134.07631011169596,24.881452486115283,309.4592830025235,70.02823938867093,4.692570612443834,4.86
Dinorado,Sandy Loam,Dry,Transplanted,179.92833728983712,28.26365107880906,115.54186345594056,85.96367000216911,4.786845053733574,5.36
NSIC Rc 160,Clay Loam,Dry,Direct Seeded,182.4208518782727,23.312249517772905,109.9499127459428,74.33080502082875,4.2674545916938325,4.04
IR64,Clay Loam,Dry,Direct Seeded,60.49160152079469,30.823476118397537,13.724032264820758,89.89339252044414,3.59691349272327,3.48
NSIC Rc 222,Silty Clay,Dry,Transplanted,112.86576294300599,30.285514084650412,35.02094503540172,82.11164238909434,3.229426449149028,5.63
NSIC Rc 160,Clay,Wet,Transplanted,137.45097245068268,28.52065819685278,388.5813664196959,85.52770726212857,5.208709709958361,4.19
NSIC Rc 222,Clay Loam,Wet,Direct Seeded,72.06048568255152,26.584138317921976,207.64376378139065,62.96016798080025,5.409774533914661,5.8
NSIC Rc 160,Silty Clay,Wet,Direct Seeded,164.81483251171574,31.329560421420783,151.47938464942303,67.59306765794688,3.5729882652946268,4.5
NSIC Rc 160,Sandy Loam,Dry,Transplanted,161.6352887655858,30.30746554720556,75.94381401051841,64.06338586715485,2.8369321872169007,4.43
NSIC 218,Silty Clay,Wet,Direct Seeded,185.5011520560192,26.99315148081245,299.7209123925728,73.9086591720168,3.167611981349294,5.53
IR64,Silty Clay,Dry,Direct Seeded,51.27290181251645,29.01873354454311,140.70318406769124,81.5486246448573,4.512002037961569,4.19
IR64,Clay,Dry,Direct Seeded,82.50263659835039,27.669299521796844,57.89028394567221,65.07190704609,3.0188001098749924,3.75
NSIC Rc 160,Clay Loam,Dry,Transplanted,174.07800713679825,27.879422383882645,98.04228583922547,63.90505633709216,4.8403668191829645,5.44
Dinorado,Sandy Loam,Wet,Direct Seeded,150.58700762404033,25.309760694374713,276.96121330603967,78.43826246341321,5.26909071962414,4.56
Dinorado,Silty Clay,Wet,Transplanted,184.1584780547736,26.620846046248968,269.4125943495735,66.90938261290272,5.390954545236541,5.76
NSIC Rc 222,Clay Loam,Dry,Transplanted,58.57694817953998,22.781214307897443,11.691724372020033,74.37975215261223,2.527976517924672,4.93
NSIC Rc 222,Clay Loam,Wet,Transplanted,139.54459485746642,25.573486916645926,165.47005281154978,61.53353183183153,5.37446249486325,6.33
NSIC 218,Silty Clay,Dry,Direct Seeded,135.35698623405113,28.958285153621517,109.55776901657218,80.41838436202394,4.720583257388853,5.59
NSIC Rc 160,Clay Loam,Dry,Transplanted,55.351162454079855,31.532160305061865,94.42955678539263,76.2394914492616,2.7521506967914067,3.98
NSIC Rc 222,Silty Clay,Dry,Direct Seeded,127.02831153687254,31.630641127630202,110.15526452620722,79.42268696875898,3.7457214063361794,5.1
NSIC Rc 222,Silty Clay,Wet,Transplanted,141.42804669648865,27.557228691248916,263.60871664369614,68.26219140179238,4.600136423738527,6.0
NSIC Rc 160,Silty Clay,Wet,Direct Seeded,78.69397613031609,28.06622251809582,221.88989127267473,68.35808926084593,5.370056477983148,4.2
NSIC 218,Sandy Loam,Dry,Direct Seeded,90.99943746869944,23.857211855009673,136.65248582349227,84.04081599272274,2.9924241808341776,4.81
NSIC Rc 222,Silty Clay,Wet,Direct Seeded,146.05210194466054,28.953081080935306,218.64116930607827,81.55686938954479,2.883199845780862,5.69
NSIC 218,Clay,Wet,Transplanted,120.24514213999375,22.70658792674386,205.5953950447732,77.39185953595845,3.9170411597856356,5.53
IR64,Clay Loam,Wet,Direct Seeded,178.702048635249,24.846856857994446,233.13208993864268,78.84430427346241,5.404296681215468,4.89
NSIC 218,Sandy Loam,Wet,Direct Seeded,101.35726490137824,28.683633472854424,238.2832687858531,62.82132538503316,5.414137645774032,5.01
Dinorado,Clay Loam,Dry,Transplanted,89.99894875823017,25.10310131543489,30.509850636493404,85.6851391335376,3.183744223158728,4.3
Dinorado,Sandy Loam,Wet,Transplanted,197.7298910517264,22.498468741144542,227.19394409049937,83.09721099034988,3.458041443914372,4.79
NSIC 218,Clay,Dry,Direct Seeded,186.6703655195125,30.318704093509638,46.622543441129395,77.71474601470342,5.224095956933963,5.11
Dinorado,Sandy Loam,Dry,Transplanted,54.34891174984698,25.10330007134563,149.4093249035399,87.55785393302722,4.7045244725561925,4.5
IR64,Sandy Loam,Wet,Transplanted,165.6092922959849,22.631052248586784,394.68817892987727,65.05913723098199,5.416949285972855,4.39
NSIC Rc 160,Sandy Loam,Dry,Transplanted,66.55021607378045,22.747881645028652,31.87975419134777,80.59972158102501,5.179445089046663,4.46
Dinorado,Clay Loam,Dry,Direct Seeded,54.12277922440564,24.517587987887538,110.88778091364368,88.88945332956483,3.14528815094123,3.96
Dinorado,Silty Clay,Wet,Transplanted,91.05432739495234,23.780159472215264,383.18277137737175,69.30026893709763,4.77918057823805,4.25
NSIC 218,Clay Loam,Dry,Direct Seeded,90.40188185916564,29.74300117780151,111.51062747152625,60.458769422025284,2.6456956946803496,4.7
IR64,Silty Clay,Dry,Transplanted,172.8978143520447,25.216840466670345,105.61912447297972,82.04602400907399,4.953498336224422,4.88
NSIC Rc 160,Clay Loam,Wet,Transplanted,156.6000868914253,30.046957850398325,293.62752488121555,60.20940973368381,4.304670287333824,4.95
NSIC 218,Clay,Wet,Direct Seeded,197.24141409980214,23.73845997823153,395.2637096025775,86.17600947546501,5.368302887909385,5.4
NSIC 218,Clay,Wet,Transplanted,156.72693504677278,26.928791795440837,397.7995025797975,61.68903756310709,5.380097366407235,5.34
IR64,Sandy Loam,Wet,Transplanted,112.7383329884072,28.880371335531287,238.98492750432564,79.58294189615631,2.6524453270730657,3.96
NSIC Rc 160,Clay,Wet,Transplanted,154.8391491417825,28.519908538658548,261.29688643493614,71.31552433269451,2.9815644566673036,4.64
IR64,Sandy Loam,Dry,Transplanted,199.91886007796032,28.011294099302688,41.841682504040875,66.10021961150198,3.9526211419560746,4.91
NSIC Rc 160,Silty Clay,Dry,Direct Seeded,156.52128238437922,31.2482160193117,40.1187688499419,86.94775199561488,5.1384805748384474,4.78
IR64,Clay,Wet,Direct Seeded,164.25220339704774,24.285251477067444,389.7654442461664,82.38737555780587,4.943335426888169,3.98
NSIC 218,Silty Clay,Wet,Direct Seeded,190.75475227853892,26.937192044621053,302.15654982467163,70.2132169842978,5.393110079055337,5.89
NSIC 218,Clay Loam,Dry,Direct Seeded,67.0476891967525,30.839925500724085,103.28774952487032,68.52459278571675,4.354252351334022,4.65
NSIC Rc 222,Silty Clay,Wet,Direct Seeded,155.71764401715905,22.77893765595157,203.23227070931813,82.08036882483418,3.2696905586848617,5.33
Dinorado,Clay Loam,Wet,Direct Seeded,177.62089369511733,22.55888268253075,322.3451670841251,85.09712287818991,2.575319918515532,4.16
IR64,Silty Clay,Dry,Direct Seeded,193.15679003313394,24.333022875582913,36.07502582429025,81.47551392887428,3.168779472161647,4.12
NSIC Rc 222,Silty Clay,Dry,Transplanted,81.6453934567549,28.330212195380184,102.61886644367523,79.19967675107225,4.525819593860874,5.46
Dinorado,Clay,Dry,Direct Seeded,125.58935115863663,24.59879626449807,78.95395948354452,66.83774175565947,5.27882447002904,5.35
IR64,Silty Clay,Wet,Direct Seeded,152.08322714667227,23.90239883808799,201.43654551152187,85.58411949829417,3.462711001924794,4.25
NSIC Rc 160,Clay,Dry,Direct Seeded,87.12015942520063,26.58802315358292,64.12804147091377,82.48985950375125,5.127112990867886,4.62
Dinorado,Clay,Wet,Transplanted,140.0709294875411,28.135980687694115,234.83943591796145,75.51822869299244,3.6846947450234695,4.86
NSIC 218,Sandy Loam,Dry,Direct Seeded,88.6368173746999,24.485577070167405,52.032528912912404,75.34763286800342,3.424813748105651,5.37
NSIC Rc 222,Sandy Loam,Wet,Direct Seeded,100.0185530797471,25.00691186723742,206.89004077383788,77.0751908342204,4.026532728417454,5.66
Dinorado,Clay Loam,Wet,Direct Seeded,116.22780447662976,28.13559304811514,211.24505398346056,84.84829182535988,3.8268204772288454,5.03
Dinorado,Silty Clay,Wet,Transplanted,129.37851481198504,31.45738421989453,151.16389539169558,82.26778646512673,5.241399605551054,4.78
NSIC 218,Clay Loam,Dry,Direct Seeded,117.4048807437726,28.747417274380883,142.66077066523633,85.6873498183765,3.9047708422243796,5.54
IR64,Silty Clay,Dry,Transplanted,123.97932796818938,29.8290414358456,81.13311208399026,75.21848314976167,3.3320061616692263,4.3
NSIC Rc 160,Sandy Loam,Dry,Transplanted,94.7883134432439,25.668100947554688,88.57527475153468,78.73947177054771,5.027696732505711,4.45
NSIC 218,Sandy Loam,Wet,Transplanted,73.8447641033946,24.722543593844662,370.177208049863,85.63715420687939,5.4962485349787,4.97
NSIC Rc 160,Silty Clay,Dry,Transplanted,57.10249659902591,26.542677432026224,142.89585185614996,66.96960180530147,4.444514257543972,4.45
IR64,Silty Clay,Dry,Direct Seeded,79.39680837375016,30.071328287116735,101.54282453359872,73.32062040768672,3.251384106809076,3.76
Dinorado,Sandy Loam,Wet,Transplanted,137.29154622586745,26.56299641790556,223.99762381894845,78.6195671093816,3.216445231039538,5.22
NSIC Rc 160,Sandy Loam,Wet,Transplanted,167.91731717046986,30.46725408789861,171.59359488069862,87.45438772074304,2.6731200886457795,4.44
NSIC Rc 222,Clay Loam,Dry,Direct Seeded,75.38713961643418,31.88771980695127,144.09940988595585,60.47508033138375,2.7318791155422546,4.52
NSIC Rc 222,Sandy Loam,Dry,Transplanted,66.28330366589726,22.720266657303362,24.891343673177783,66.37719474519683,5.244949285548287,5.46
NSIC 218,Silty Clay,Dry,Transplanted,162.39355408238754,22.45410156083704,128.52954844813655,67.03351523283871,2.789461321148652,5.57
IR64,Clay Loam,Wet,Transplanted,95.77374958059346,23.49589702913362,171.74685142027212,69.79838040785383,3.9530315448303366,3.91
NSIC 218,Silty Clay,Dry,Transplanted,192.72491588410287,25.843696757343462,56.95804792323272,68.45359861262037,4.594365339079535,6.22
NSIC 218,Clay,Wet,Transplanted,157.14769559155596,23.310422091454324,289.00456911523804,77.70416356686715,5.051064348320809,5.93
NSIC 218,Clay Loam,Wet,Transplanted,99.01340708645463,30.70664477618756,398.2301376334843,86.56860792764236,3.013812850761182,4.69
NSIC Rc 222,Silty Clay,Dry,Direct Seeded,93.43141216905573,22.23146251027064,123.46825350984776,79.10933523217167,3.8133360373760707,4.91
NSIC Rc 222,Sandy Loam,Dry,Direct Seeded,128.55475794069636,25.157927163358224,129.78912738729701,67.24579676863077,3.2544405850413325,5.73
NSIC 218,Clay,Wet,Direct Seeded,61.87170024173142,23.846946294942054,186.25561681754792,85.91258550210253,3.267469269899805,4.57
NSIC Rc 222,Silty Clay,Wet,Direct Seeded,67.65147689679485,31.315393301575323,174.90544523741485,78.9613736744254,3.4115179224600274,4.99
IR64,Clay Loam,Dry,Transplanted,76.37868219742887,28.69481004890028,48.008304059957815,66.56886374963705,4.261348643255402,3.86
NSIC 218,Silty Clay,Dry,Transplanted,166.20853899568402,31.120302564513743,67.23628631216704,70.8499961149951,2.5497324150567646,5.14
NSIC Rc 222,Clay,Dry,Transplanted,127.07860389036837,31.723287103103935,111.64200960408657,83.69894420219347,3.726298858946584,5.85
NSIC Rc 160,Clay Loam,Wet,Direct Seeded,51.58506841616644,26.970982436773692,259.5759701005227,82.16793544461342,3.0604904056983777,4.22
NSIC 218,Clay,Wet,Direct Seeded,151.02747912081634,24.343191080480263,290.83281346019885,77.29747108516928,5.401355525537904,5.74
NSIC 218,Silty Clay,Dry,Transplanted,113.55352679907456,23.937287861965892,23.867788325575894,64.34302508221685,4.248187477750931,5.09
IR64,Sandy Loam,Wet,Transplanted,126.62785474456969,24.229188616858405,223.59508971948512,84.09867891943512,5.104286406490968,4.68
Dinorado,Sandy Loam,Wet,Direct Seeded,82.11743651194033,29.08593307622003,225.63052312846662,69.22627585658245,3.087069960308836,4.11
Dinorado,Silty Clay,Dry,Direct Seeded,132.76733425911556,22.40445728123001,115.7746948075076,83.14793816997488,4.9300470979713635,4.59
IR64,Silty Clay,Wet,Direct Seeded,196.87298596272328,22.513610730327148,256.1191254622374,79.42699097286777,3.7443473839157,4.18
IR64,Silty Clay,Dry,Direct Seeded,61.016703650864216,28.0814294238315,25.46620964766416,67.92510844930554,3.0330840665482075,3.69
IR64,Clay Loam,Dry,Transplanted,92.5876099496646,28.420571467374067,138.02380251752814,66.3710768439797,4.783735607164698,4.48
Dinorado,Clay,Wet,Direct Seeded,86.44963892912446,28.652629243224602,228.53640378765152,63.92729769773156,4.786033292845843,4.66
IR64,Clay,Wet,Direct Seeded,87.28239661267693,25.71880504588591,378.83289589212916,67.25838709764348,5.487663720592183,4.7
NSIC Rc 222,Clay,Dry,Transplanted,106.8059536348066,30.05944888714153,48.68750106148948,64.7348706734742,4.842811785394492,6.01
NSIC 218,Silty Clay,Wet,Transplanted,172.7164677116251,27.336245877266176,160.48864282265725,78.51153743363254,2.9358017437813837,6.07
NSIC 218,Clay,Dry,Transplanted,186.9288034946581,23.054656300094194,90.58390856142981,77.9634935693176,3.467634225357185,5.86
NSIC Rc 160,Silty Clay,Wet,Direct Seeded,80.332263118846,29.97099307067345,208.64253996756867,77.58516180398391,3.855180751873438,4.57
NSIC Rc 160,Clay Loam,Wet,Direct Seeded,131.4424906922169,31.530677862704582,352.13819905685534,79.25669427674515,2.8799584171293855,3.88
NSIC 218,Sandy Loam,Wet,Direct Seeded,145.53484582482204,22.600363130023588,358.4895311662392,84.44353601893698,4.864116923343442,5.07
NSIC Rc 222,Silty Clay,Dry,Direct Seeded,128.27412115457673,25.9135133870058,26.40149001067819,87.40658134649411,4.080095613737759,5.53
Dinorado,Silty Clay,Wet,Transplanted,115.11145912953793,26.875160448347476,177.88876974105028,66.91126613705286,5.333348707287261,5.23
Dinorado,Sandy Loam,Dry,Transplanted,78.79632587888568,23.464707600783168,47.729041652747014,77.63323470506776,4.267924433577461,4.15
NSIC Rc 222,Sandy Loam,Dry,Direct Seeded,123.23290387988578,30.677089477828773,66.55370608819476,62.350086637418144,4.068697251214761,5.37
Dinorado,Clay Loam,Dry,Direct Seeded,110.18222415669933,24.84149644890044,78.18684273562201,63.60427315066785,2.714275458798593,3.93
IR64,Clay,Wet,Direct Seeded,169.33450437534043,29.830085399381602,393.4408625031792,79.63017938884171,2.9480377148337333,4.01
NSIC 218,Silty Clay,Dry,Transplanted,164.54065387444928,28.709944820283162,10.009449670520421,74.59741685071353,5.048578230292454,5.34
NSIC 218,Clay,Dry,Direct Seeded,70.0998021808506,27.980458224670233,134.41180673326556,82.749962605033,5.472027933477425,5.33
NSIC Rc 222,Silty Clay,Wet,Transplanted,63.27785788446013,23.921428486965546,323.33871247477725,72.77032442971714,3.7455374076948083,5.34
Dinorado,Clay Loam,Dry,Direct Seeded,186.22309148412543,24.207035205509058,11.074473338242797,63.827952204988144,4.930258251174787,4.7
NSIC Rc 160,Sandy Loam,Dry,Transplanted,130.32625834467467,22.473484047465693,118.31583881921951,86.16160961492477,4.382757298991955,3.99
NSIC Rc 160,Clay Loam,Wet,Transplanted,178.6701405923886,24.407124297822662,218.1482639958989,62.48665413435967,5.377177821015141,4.79
Dinorado,Sandy Loam,Dry,Direct Seeded,58.722668084960176,25.454436094605143,75.88104772989193,65.66893927606147,3.21441170633228,4.3
NSIC Rc 160,Clay,Wet,Transplanted,128.97734247824454,30.331453038624254,264.0094662036136,68.30930597885553,4.1345072290238285,4.37
NSIC Rc 222,Clay,Dry,Transplanted,130.91397718643546,25.663926667148054,83.34320348619269,89.8584182119628,3.726387455027787,5.85
NSIC Rc 222,Clay Loam,Dry,Direct Seeded,179.1053048813225,29.546217827656065,39.15716710683572,72.50579460527952,4.125147927829046,5.62
Dinorado,Sandy Loam,Wet,Transplanted,64.64149973445612,26.394422812954875,224.2846548919918,75.05125591434344,3.3065742502565656,4.65
NSIC Rc 160,Clay Loam,Dry,Direct Seeded,86.06683455138639,29.848683119938883,95.03156904839858,83.09090252921605,3.993238488147232,4.18
NSIC Rc 222,Sandy Loam,Dry,Transplanted,110.98074708305197,31.762716004370397,85.2124672837233,79.09246756016441,4.374412440174296,5.27
NSIC Rc 222,Sandy Loam,Dry,Transplanted,179.87622131299133,24.3984155805758,32.99309692684135,85.24262075824001,2.7436476519984763,5.65
IR64,Clay,Wet,Transplanted,190.83249726058506,30.62341611963876,187.50556246360483,74.59300375763681,4.72896176442287,4.73
IR64,Clay,Wet,Transplanted,198.9086929390442,28.218240863057748,222.7945161872288,89.16533062479667,4.619568889481252,5.66
NSIC Rc 222,Sandy Loam,Wet,Direct Seeded,193.87902296877823,30.172942615886548,295.0229843724046,83.90437084758923,5.1413728043544555,5.58
Dinorado,Sandy Loam,Wet,Direct Seeded,50.891263376653164,28.51585902267805,356.49242370886714,72.04096164939796,3.777569655429777,4.09
NSIC 218,Sandy Loam,Wet,Direct Seeded,57.156251218080804,26.2394950727415,240.88226872239431,71.43815468835744,2.6850073978441533,4.85
NSIC 218,Clay,Dry,Transplanted,72.14102287363829,24.280749394417903,43.33666018889068,87.88473576132654,3.8843833870650606,4.66
NSIC Rc 222,Clay,Wet,Transplanted,102.32931451554097,22.70035225331165,236.97538513696043,80.53246907444151,2.9128275161858843,5.57
NSIC Rc 222,Silty Clay,Wet,Direct Seeded,174.4877046480438,27.35518364460717,267.00017527033066,78.64300903576915,4.442340440565453,5.88
NSIC Rc 222,Sandy Loam,Wet,Direct Seeded,183.89842930032208,31.903260945268656,311.1388999910866,82.73491912301432,2.6413945723939176,4.68
Dinorado,Silty Clay,Dry,Direct Seeded,78.02516094418746,29.38041805014206,19.366508061744003,76.82501484335134,3.6219892186830855,4.35
IR64,Sandy Loam,Dry,Direct Seeded,142.9496227429563,25.273455413990167,19.279700092523377,64.7750031925718,2.748528695462486,3.78
NSIC Rc 222,Clay,Wet,Transplanted,187.60429775979148,30.27204800086735,337.9040656080773,69.57646386235294,2.51009930221481,5.54
NSIC Rc 222,Silty Clay,Dry,Direct Seeded,119.55976038969811,29.689840001764065,11.92861003333972,76.73834591126909,5.381671671704775,5.64
NSIC Rc 160,Silty Clay,Dry,Transplanted,65.5315357929176,24.81635793353457,40.86640556763173,60.545034627815006,5.488382044078841,4.27
Dinorado,Clay Loam,Dry,Direct Seeded,118.67204751269374,22.14307489794235,105.15257183558779,73.12052114889684,4.166508854595439,4.32
NSIC Rc 222,Sandy Loam,Dry,Transplanted,106.36923534320859,23.181626385339495,54.27015433992988,82.6740863782781,3.2168675498364516,5.87
NSIC Rc 160,Clay,Wet,Direct Seeded,136.64869940990104,30.773061903120578,231.69987619986847,64.92702013548816,5.233297110425973,4.0
NSIC 218,Clay Loam,Wet,Direct Seeded,115.79880266106555,30.365630353048715,296.58811695628475,61.936768504707175,5.2691097912283205,4.96
NSIC Rc 222,Clay Loam,Dry,Transplanted,52.60188902805769,24.952090008783625,57.98279778143273,85.08087422183095,5.063526673512118,5.23
NSIC Rc 222,Sandy Loam,Dry,Transplanted,199.09966001205066,24.851954262844203,28.46675505576226,78.51821605390086,4.133109953702146,6.31
NSIC Rc 160,Clay Loam,Dry,Direct Seeded,131.53103565958565,29.92864987102471,90.56589347189879,65.29736917468392,2.7241064826880823,3.92
Dinorado,Sandy Loam,Dry,Transplanted,121.04461332269143,31.37737469895422,57.900109816543214,84.1891494174958,2.7653167826103937,4.37
NSIC Rc 222,Clay Loam,Wet,Direct Seeded,193.1926057256081,29.791372567975998,247.3402103202206,79.74388414461637,5.189859363137965,5.92
NSIC 218,Sandy Loam,Dry,Transplanted,73.37905513806157,28.055786770307616,104.68435248023006,70.02357808945314,5.127480542371688,5.58
NSIC Rc 222,Clay,Wet,Direct Seeded,78.38564038178724,24.426713503318044,329.0999625908465,71.28588815885217,3.803191747543653,5.17
NSIC 218,Sandy Loam,Dry,Direct Seeded,171.2022123594175,27.257479140952608,113.80432563795748,64.67664489561145,3.484463858429276,5.54
IR64,Sandy Loam,Wet,Direct Seeded,89.12466200375133,24.335118585932648,191.1687301292552,85.0576678262622,4.432371760432306,4.56
IR64,Silty Clay,Dry,Direct Seeded,169.88406594372904,30.080114200967735,91.8570025347735,75.27019954931227,4.9209638447665744,4.55
NSIC 218,Clay,Wet,Direct Seeded,90.73002243627539,25.869610795177373,214.23121626282403,76.71057229930982,4.695054826155463,5.22
Dinorado,Clay,Wet,Direct Seeded,54.978144533750225,30.33697216994026,256.51510496068744,86.50475745593243,4.346808814152119,4.42
NSIC Rc 222,Clay,Wet,Direct Seeded,127.5522085830074,25.81609217982725,372.3536974803419,60.47491849359282,3.1945331333344944,5.92
NSIC Rc 222,Clay Loam,Dry,Direct Seeded,79.5029651190292,30.241494051998913,48.64973515368508,62.00769187569876,3.2875146076621453,5.18
IR64,Silty Clay,Wet,Transplanted,163.67694393987068,25.33317815165242,293.33144733767256,64.84736945579445,4.672202444193105,4.76
NSIC 218,Clay,Dry,Transplanted,146.1799449848222,26.401327046176696,81.2050919072156,60.901134392644366,4.907859557353094,5.36
NSIC Rc 222,Clay Loam,Wet,Transplanted,188.54040019668767,28.154884193426575,391.34902974535294,79.74468469873199,2.8484055642987696,5.89
NSIC Rc 222,Clay Loam,Wet,Direct Seeded,167.44825358986037,22.702876140299185,175.81942132027095,79.01638404564963,3.061891143133918,5.76
Dinorado,Clay Loam,Dry,Direct Seeded,77.11639322610903,31.482070618154644,45.27031265552247,66.32405708786956,4.541410786532114,4.29
NSIC Rc 160,Silty Clay,Wet,Direct Seeded,170.02373549971946,27.73605786123803,265.0438534127337,64.48219334660084,3.666959762414203,4.66
IR64,Clay Loam,Dry,Transplanted,146.2605567221035,27.078200146908024,136.40779694954853,64.3705410415982,4.189878601813092,5.49
IR64,Silty Clay,Dry,Transplanted,150.34274626409373,30.39393971119912,117.29400501155801,88.59724239955926,4.344444857966908,4.72
NSIC Rc 160,Sandy Loam,Dry,Transplanted,174.8394328955223,30.657627298968276,79.02082684077928,80.80513585874225,4.8286104018019955,4.96
NSIC Rc 222,Clay Loam,Dry,Transplanted,136.07361037834102,27.22260404529016,145.1640000449405,77.56286485395238,4.917150852150723,6.17
Dinorado,Clay,Wet,Transplanted,119.90052715295194,31.272623257936374,254.76963251134606,69.67460615415283,3.3402887357843696,4.56
Dinorado,Clay Loam,Wet,Direct Seeded,145.4961553038092,22.647377660764807,300.05154410149214,72.99129593726369,4.123890186766514,4.71
IR64,Sandy Loam,Dry,Transplanted,94.69361434375386,23.132257922512174,86.54576254222631,62.68217643597623,2.870571815865641,3.89
Dinorado,Sandy Loam,Wet,Direct Seeded,77.38956966306489,27.967882300144403,352.99115217689456,89.94455664165004,5.026045506092646,4.51
NSIC Rc 160,Clay Loam,Wet,Direct Seeded,142.48817571068696,25.540658617935836,360.36200639576504,82.65256390714904,5.0363438149995865,4.6
NSIC Rc 222,Sandy Loam,Dry,Direct Seeded,85.07725536282166,26.64225166189199,55.99496677397275,78.64359470484683,3.3985171569983694,5.15
NSIC Rc 160,Silty Clay,Wet,Transplanted,61.98726640199101,25.280792178971666,317.54865217637706,77.63301585683647,2.9818606222661277,4.15
NSIC 218,Silty Clay,Dry,Transplanted,50.083127687788085,26.047253114449354,23.36542211116659,75.12943116099518,2.7102753346007997,4.87
IR64,Clay Loam,Wet,Direct Seeded,141.24791021001008,30.226463471462996,310.3840910613884,67.72282283024087,4.224929325734758,4.46
Dinorado,Silty Clay,Wet,Transplanted,104.32231752203552,27.934761998543046,387.25738551120185,66.79171210379201,2.774284301199639,4.31
NSIC 218,Silty Clay,Dry,Transplanted,162.8466456010184,31.973445492834983,86.1243902738779,76.48597371567674,4.5417845338618,4.89
Dinorado,Clay,Wet,Direct Seeded,106.27645974696537,29.86879197820963,245.92185040960615,62.10602443673855,4.534379203102439,4.57
NSIC Rc 222,Clay Loam,Wet,Direct Seeded,122.90051723573401,24.736662541018266,358.19582854712206,62.234123966056075,4.341962221394874,5.54
NSIC Rc 222,Sandy Loam,Dry,Direct Seeded,111.06274592230774,24.64345117726696,130.45832562138838,76.82440809481051,5.129681505589283,5.88
NSIC Rc 222,Clay Loam,Wet,Direct Seeded,147.58621866640192,25.35898270117007,380.3759317730735,87.59436144630718,3.634842078187395,5.27
Dinorado,Silty Clay,Dry,Direct Seeded,103.42087430224524,30.432594806477425,131.3406219419028,87.42815553389563,5.206808747873733,4.8
NSIC 218,Clay,Wet,Transplanted,194.56514749134632,22.272876506505657,272.8848110662992,60.32484901982377,2.6107761065383928,5.61
NSIC Rc 222,Clay Loam,Dry,Direct Seeded,190.42204798977951,24.301812788712578,94.63938933558478,63.22182646942349,2.8382709637642227,5.76
NSIC 218,Clay Loam,Dry,Transplanted,177.2041853985922,31.04918420344267,65.08137085278979,77.49233081276085,3.7366166875553297,5.18
Dinorado,Silty Clay,Dry,Transplanted,188.0450405859122,28.39896436083252,101.04148313269518,85.45427165418492,4.281979056065721,5.01
NSIC 218,Silty Clay,Dry,Direct Seeded,117.37095326890865,24.268470955010564,116.69964963826553,88.63347259970486,2.5971269099180967,5.06
Dinorado,Clay Loam,Dry,Direct Seeded,130.4645595184238,24.191449682325803,67.62746981517768,85.81746678137338,4.202303414272793,4.97
Dinorado,Silty Clay,Wet,Transplanted,161.31388888373667,30.626181017594305,332.2756446508251,80.32839405889368,3.422194949449094,4.69
IR64,Silty Clay,Wet,Direct Seeded,154.42188874078118,30.937575082770465,244.25496416772654,66.01575232767708,5.161440423435487,4.43
Dinorado,Silty Clay,Dry,Transplanted,183.60178934082063,24.561310909621152,76.67558369008955,62.17864421936887,4.099853775006192,4.66
Dinorado,Silty Clay,Wet,Direct Seeded,157.4496540885043,26.20510358076532,189.71975354885103,61.425473480569345,4.263681724652301,4.98
NSIC Rc 160,Silty Clay,Dry,Direct Seeded,199.6827062342691,30.34595738628317,105.28628303291202,78.36230353876235,5.33686543334465,4.56
NSIC Rc 222,Clay,Wet,Transplanted,102.27586997473865,29.710074386098853,296.6259703681063,61.085658120460735,4.792513079963781,5.69
IR64,Silty Clay,Wet,Transplanted,174.9496613359127,30.139161065660844,199.11791271238297,82.17719869396652,3.814819798440297,4.33
IR64,Sandy Loam,Dry,Direct Seeded,154.64522342489963,27.183981907879687,132.73136485438448,81.37412212052908,3.9306388448680583,4.43
IR64,Clay Loam,Dry,Direct Seeded,153.70796678225278,31.11549048305173,120.74145293991849,62.388324743300366,4.443771605678196,4.04
NSIC Rc 160,Clay,Wet,Direct Seeded,98.87533922674984,25.25951543954435,264.39978270096725,87.19867095110384,3.1005976499515393,4.39
Dinorado,Clay,Wet,Transplanted,167.8402688634534,23.56672134347518,368.2198283320833,75.65787865875907,2.765952521482368,4.33
NSIC Rc 222,Silty Clay,Dry,Direct Seeded,185.05640335213988,29.087323325648647,13.134791704848816,87.13315702013195,3.4337095478368553,5.36
NSIC 218,Clay Loam,Wet,Direct Seeded,82.78226922808444,27.393544160068963,171.50454689092012,87.04830168564966,4.835148393808691,5.53
Dinorado,Sandy Loam,Wet,Direct Seeded,143.82452556750562,30.54585768809481,157.6071339161624,65.91102191661355,3.271971396309853,4.44
NSIC Rc 160,Silty Clay,Dry,Direct Seeded,108.82022436541628,22.81159249124715,27.412128129842298,71.41732883808854,2.892277601007759,4.36
Dinorado,Clay Loam,Wet,Transplanted,198.43221789423157,30.436924034380667,301.6194618454719,64.03879000511449,3.157067795386781,5.13
Dinorado,Silty Clay,Dry,Transplanted,121.82492237475223,24.932946532088224,129.38894523997305,83.24934030408963,4.536918736017119,4.95
NSIC Rc 160,Silty Clay,Dry,Transplanted,84.2480260695414,28.54855667168183,126.7351959263047,75.12374746613588,4.341844170080556,4.58
IR64,Silty Clay,Dry,Direct Seeded,107.27864378327487,22.40128789078256,64.43294964081929,87.86422726184946,4.564944991889309,3.36
IR64,Silty Clay,Wet,Direct Seeded,148.07575847249393,28.095812963036007,232.76533164872376,66.24645644628832,3.4658743680411463,4.75
NSIC Rc 222,Silty Clay,Wet,Direct Seeded,61.41340570243644,29.17271689187336,254.48442673147883,80.65102984557677,5.202568380799815,5.64
NSIC Rc 222,Silty Clay,Dry,Transplanted,140.54028803318565,25.687502145056204,91.79890913007318,89.67710483318126,3.855311071984436,5.78
IR64,Silty Clay,Dry,Transplanted,189.6837138768347,24.154107052621402,136.81829754001046,79.96143785462974,4.041139095780831,4.84
NSIC 218,Sandy Loam,Wet,Transplanted,177.55441814867757,27.376306766035448,251.42764716458288,62.06321798492138,5.346423928006382,6.21
Dinorado,Clay,Wet,Transplanted,60.15103049869751,30.331908044356467,171.6550572523909,77.65273049085572,5.437831803834927,4.68
NSIC 218,Sandy Loam,Wet,Direct Seeded,199.00848181086022,25.23547358296651,150.89160816989863,65.3952824904371,4.484628177749656,5.79
Dinorado,Silty Clay,Dry,Transplanted,154.80903855558188,24.524692975212794,137.6182153409935,60.91508332257946,5.334439577727373,5.44
IR64,Silty Clay,Dry,Transplanted,74.34212364710355,24.789353086376877,119.6329984065247,70.04882091915643,4.12452215902133,4.36
NSIC Rc 222,Sandy Loam,Wet,Direct Seeded,51.862413375413524,31.491321529166644,374.6058107160661,67.98312249162197,3.421848836700315,4.69
NSIC Rc 222,Sandy Loam,Wet,Transplanted,75.6923954438227,25.5927691576456,204.4496402259366,83.66312696447262,3.4452785678996243,5.71
NSIC 218,Clay,Wet,Direct Seeded,175.72638810286077,22.03604239888287,256.5197479660721,71.21041623234301,4.176821769647036,5.64
NSIC Rc 222,Sandy Loam,Dry,Direct Seeded,53.24589874177456,29.816812079596197,39.34245137035505,81.9887634115559,4.315108361965596,5.25
IR64,Clay,Dry,Direct Seeded,84.97209554271299,28.992747953353902,112.23959302955228,60.48716975847994,3.818851209759247,3.75
NSIC 218,Silty Clay,Wet,Direct Seeded,163.59583930023132,23.285682646029688,392.98144916776965,60.44436400300173,5.151314450535532,5.38
Dinorado,Clay Loam,Wet,Direct Seeded,137.91658038472025,31.849042491349124,356.69064549591303,60.879403726426716,3.7800883561406513,4.43
NSIC Rc 222,Clay Loam,Dry,Transplanted,167.4103565540288,28.08062285305111,24.153780528587927,66.58075325347741,3.3202709409930034,6.02
NSIC Rc 160,Clay Loam,Dry,Transplanted,161.9225755740182,27.007794909406016,135.15138432363966,71.21963355085686,2.5239456350306195,4.71
NSIC Rc 222,Clay Loam,Wet,Direct Seeded,57.59020806827071,25.82219267622891,176.98271381567554,78.23537409350564,5.41170783447291,5.59
Dinorado,Silty Clay,Wet,Transplanted,183.87671286412274,30.986727555636378,277.1297579031464,89.57741657480918,4.972939849428833,4.76
NSIC 218,Clay Loam,Wet,Direct Seeded,84.0547751423403,24.43963481418563,332.519756623754,70.63228701042998,4.346678754055987,4.83
Dinorado,Sandy Loam,Dry,Transplanted,133.00886603446457,24.857689002199017,30.88083250102003,61.669767202714986,4.991626761710384,5.13
NSIC Rc 160,Sandy Loam,Wet,Transplanted,146.6432234791668,23.224108066865668,324.5981962498031,65.84700484997546,4.930867690752832,4.58
IR64,Clay Loam,Dry,Transplanted,75.29423163276431,29.5911909558426,102.72880961560313,86.93555501444587,5.295552340677475,4.36
NSIC Rc 222,Sandy Loam,Dry,Transplanted,196.43468850514617,27.955492804058533,95.43405839532882,80.98137570443126,3.6582030500811245,6.34
NSIC 218,Clay,Wet,Transplanted,123.22339341309635,28.090661692544984,340.21046310111757,83.7060247211568,4.164556726257822,5.69
IR64,Silty Clay,Wet,Transplanted,58.64640433960901,24.184704310194636,264.3636637220088,63.72504617018378,2.795884071160738,3.79
Dinorado,Clay Loam,Dry,Transplanted,190.58930671667605,28.511683891270838,118.76595182314163,64.04960966122523,5.395946277156919,5.7
NSIC 218,Clay Loam,Wet,Direct Seeded,137.94017647899022,29.654584472468642,193.9807323325705,63.36738022634688,5.455381207847499,5.23
IR64,Silty Clay,Dry,Direct Seeded,154.87897969720646,25.578885307256893,87.22085033018377,85.71507492928575,4.867252743793605,4.61
NSIC 218,Sandy Loam,Wet,Direct Seeded,128.77636849013362,30.01347143961712,266.2181109798432,66.29902826080813,3.8623629494450107,5.26
NSIC Rc 160,Silty Clay,Wet,Transplanted,175.21069321654514,25.48790588532021,311.97181229332296,79.29455236139165,3.9897002527430727,5.03
NSIC Rc 160,Silty Clay,Wet,Transplanted,54.970019328981635,29.581384615092876,302.14802165129197,75.48499098549777,3.806100798963571,4.24
NSIC Rc 222,Sandy Loam,Wet,Direct Seeded,90.25675479157216,22.33730107457719,167.63051344715186,76.33169735621561,3.3799319095666913,5.11
NSIC Rc 222,Silty Clay,Dry,Direct Seeded,120.44725346040383,27.511646014736527,18.339320552602505,65.86306075173805,4.0833742166463,5.43
NSIC Rc 160,Sandy Loam,Dry,Transplanted,61.490542447056505,31.695265606398866,108.81847556618088,79.05738280361969,2.6603352085017002,4.5
NSIC 218,Sandy Loam,Dry,Direct Seeded,155.88600039899873,31.812446006823908,63.64163823693751,61.293016033749936,5.475661185811505,5.26
NSIC Rc 160,Silty Clay,Wet,Direct Seeded,109.04951210834611,24.817525783417405,166.23810852054794,89.80416828772886,3.7721504054924226,4.49
NSIC Rc 222,Clay,Dry,Direct Seeded,90.9001985402216,26.413990910803555,54.83990017067538,60.80276719478187,5.282099752111319,5.07
NSIC Rc 160,Sandy Loam,Dry,Direct Seeded,50.50682702126184,22.62977907986633,148.83429693472286,61.50469622147587,4.672814381980011,3.78
NSIC Rc 160,Silty Clay,Dry,Transplanted,157.97454676249305,30.733413076046,92.65596723436188,69.73942259675044,3.369828750591802,4.54
NSIC 218,Sandy Loam,Wet,Direct Seeded,175.07139633092925,27.68572153140214,391.314457788803,84.94876067308616,3.1661578545238074,4.79
IR64,Clay,Dry,Direct Seeded,109.25608035222476,25.85100678940517,109.50067025771759,67.71567635330229,5.487026301287068,4.59
NSIC Rc 222,Clay,Wet,Direct Seeded,134.63269655500483,23.12770558489153,187.95136375994275,74.15805041373984,4.816379065162107,5.51
NSIC 218,Clay Loam,Wet,Direct Seeded,84.15299388943976,31.467672854968892,223.6156160029305,60.53931993528579,3.248984422448023,4.65
NSIC Rc 160,Sandy Loam,Dry,Transplanted,143.32964694201996,27.302190478209937,83.68565917099076,62.366379494509324,2.702335144531782,4.29
NSIC Rc 160,Sandy Loam,Wet,Direct Seeded,51.82061874728008,24.82927929082904,341.9086205390414,78.23898145622121,4.590749635904136,4.36
IR64,Silty Clay,Dry,Direct Seeded,123.29658456481377,25.502151301315095,117.79617043323138,65.83075408348286,3.409049370433229,4.28
NSIC Rc 222,Sandy Loam,Dry,Direct Seeded,146.63082227610386,24.70697180922148,115.29018296999654,80.82763689058577,3.1639924378831523,5.24
NSIC Rc 222,Clay Loam,Dry,Direct Seeded,187.7287659844601,28.018098088569808,102.00045619522247,83.56173525051531,4.704812245448008,6.18
Dinorado,Clay,Dry,Direct Seeded,107.20037256834263,31.2996357578051,149.68402860212876,85.5100259841685,4.537783967963042,4.74
NSIC Rc 222,Clay,Dry,Transplanted,164.77853044715448,30.566938033265643,74.37109477163928,64.01398013997968,3.9442380242805735,5.59
IR64,Clay Loam,Wet,Direct Seeded,139.6530544915251,26.603808754259774,252.4192689557937,73.66525647095774,5.3279677983111196,4.96
Dinorado,Sandy Loam,Dry,Direct Seeded,189.05181693876207,30.264993623010078,108.8669287617417,88.41244349711536,4.538915098172473,5.11
Dinorado,Sandy Loam,Wet,Transplanted,109.75665134891459,26.231054812763297,195.36621331500817,83.16250627332923,5.180258681859728,5.41
NSIC Rc 160,Clay Loam,Dry,Direct Seeded,97.8643009809482,24.52307140758638,121.68891479268855,63.508811455384446,3.0716588270491574,3.92
NSIC Rc 160,Silty Clay,Dry,Transplanted,183.07129980412157,31.83415115266428,62.644859343236206,75.07500735055183,3.389937730242666,4.08
NSIC Rc 222,Clay,Dry,Direct Seeded,57.38666021124337,25.03887567970822,74.0045038575066,87.67141745516517,2.813560401081185,4.57
Dinorado,Clay Loam,Wet,Transplanted,70.45780894005152,25.237242309869085,266.8080955774454,73.20116416569557,3.4137399936161064,4.44
NSIC Rc 160,Clay Loam,Wet,Transplanted,62.36066518760667,31.896928677865223,292.23749269084146,85.12252826522906,5.415334987619142,4.18
IR64,Sandy Loam,Wet,Direct Seeded,176.4664934864604,23.339274931656547,263.1916523195189,74.87531163565671,5.388568738276902,4.48
NSIC Rc 160,Clay,Wet,Transplanted,51.59111350554791,29.60533988009695,379.73651886802725,63.20435031737261,4.781159063652973,4.1
NSIC Rc 160,Sandy Loam,Dry,Direct Seeded,179.2485733245572,31.358127584827265,145.68341729468196,64.43564778178522,4.063144788348872,4.86
Dinorado,Clay Loam,Dry,Transplanted,117.69016930569002,27.117949942754187,14.520742397725133,61.40027258424539,4.842339396376735,4.83
Dinorado,Silty Clay,Wet,Transplanted,50.60379182809561,22.0252176170282,221.17482377487607,65.85944221726693,4.16046085364116,4.44
NSIC 218,Clay,Wet,Direct Seeded,110.24677658180627,25.750589441131062,315.33304017491776,86.80842299611302,2.51052551401433,4.5
IR64,Clay Loam,Wet,Transplanted,78.02012615675534,23.115689923848272,178.07368035247444,79.5059413782977,4.0046412218308465,4.8
Dinorado,Clay Loam,Dry,Direct Seeded,143.66007312082445,26.161876609336957,56.941391554528,82.16570804648734,4.296770338033157,4.44
NSIC Rc 222,Silty Clay,Wet,Transplanted,151.903818488247,29.900267616422845,248.07136441600665,78.64984375179984,3.2972450725090123,5.58
IR64,Clay Loam,Wet,Transplanted,123.12913556074997,26.387115488838006,335.2483128962434,71.59617876415044,3.1098806927249845,4.51
IR64,Clay Loam,Dry,Direct Seeded,56.07792881595049,26.319251213459225,78.0698147274138,66.50583398388005,3.321427284416954,3.97
Dinorado,Clay,Wet,Direct Seeded,148.4193206550803,27.567894769188467,206.20423514736638,87.76843752029492,4.370883248553597,5.47
IR64,Clay,Dry,Transplanted,176.30581754082817,27.816905847476804,10.205099029686632,75.44489344674065,2.9381923448066574,4.56
Dinorado,Clay,Dry,Direct Seeded,158.04864159896022,30.562963087989715,135.87779414092563,74.43299643623818,4.660984903988498,4.77
NSIC Rc 160,Sandy Loam,Dry,Direct Seeded,174.49368784329778,25.083554392289514,50.074216029702214,89.88312265780637,3.7680244628848283,4.63
NSIC 218,Silty Clay,Dry,Transplanted,80.07642853263312,30.21671264368016,46.0786764953222,71.51789965165429,3.5600435776159767,5.25
NSIC Rc 160,Clay,Dry,Transplanted,183.33319094847238,27.65933748692047,124.84566734952386,85.62375944676717,4.921693875041059,4.88
Dinorado,Sandy Loam,Wet,Direct Seeded,98.32901759719442,25.00529549717147,297.4427614136032,85.87032180950568,4.018189748309579,4.73
Dinorado,Sandy Loam,Wet,Transplanted,52.01072213779865,24.95126044006077,188.35925730226506,66.98010631073387,3.6352016835727845,4.55
NSIC Rc 160,Silty Clay,Dry,Direct Seeded,176.5087469493606,25.611375171057244,48.91765199034655,62.845190770504864,5.134464146681814,4.63
NSIC Rc 222,Silty Clay,Dry,Direct Seeded,191.273190344709,28.226932426199756,102.06716314628314,89.26860347147593,3.6047548965984273,5.84
NSIC Rc 222,Clay Loam,Wet,Direct Seeded,148.33372961260233,24.308117313599492,175.67542284034278,72.77690592406701,5.077000848830112,5.8
NSIC Rc 222,Sandy Loam,Wet,Direct Seeded,84.71549456951371,31.203335616722676,280.80818723126066,60.066609660305865,4.012596095387675,5.08
Dinorado,Clay,Dry,Direct Seeded,87.76166964237956,27.749125841779005,125.01044014627429,74.97053501486876,3.124021292365022,4.72
IR64,Silty Clay,Wet,Direct Seeded,119.98893101534293,31.200157769960068,318.75274902150716,78.57901091242351,4.338454564333251,3.65
Dinorado,Sandy Loam,Wet,Transplanted,184.67466194021293,22.464043585791547,178.34176655862086,83.28264742344103,3.3559705788098837,4.63
IR64,Clay,Dry,Direct Seeded,72.43964842213376,25.426113704614735,120.94675867945213,88.28826354670916,2.9414653965285855,4.07
NSIC Rc 160,Sandy Loam,Wet,Transplanted,173.89605043752306,22.22807660687623,379.44406309322875,87.45511886836388,2.7595881141933383,4.11
NSIC 218,Silty Clay,Wet,Direct Seeded,93.69542130577256,24.7225181509797,206.44306567436672,88.20407460164606,3.225092007392326,5.39
IR64,Clay Loam,Wet,Transplanted,171.28792541436468,30.620064722685882,179.99382703982502,60.96375444778418,4.709663926006574,4.86
NSIC Rc 222,Sandy Loam,Wet,Transplanted,188.0406796402308,22.366097158422008,200.67472708755264,81.35322401491403,5.013997667127228,5.76
Dinorado,Clay,Dry,Transplanted,114.12408079914803,26.361470999157447,119.47310323963005,66.7757388841706,5.085162537945765,5.09
NSIC Rc 160,Silty Clay,Wet,Direct Seeded,104.75759811582962,23.175670704732276,192.39311413296048,65.62658061616962,3.310444821129831,4.31
NSIC Rc 222,Clay Loam,Dry,Transplanted,170.33319784569528,26.168406592603677,22.40925978113288,84.0095570579775,4.4829187988360255,5.99
NSIC Rc 160,Clay,Wet,Transplanted,129.4224323569091,30.388515842643773,172.66866265323725,72.51389067518639,3.1910621797447885,4.32
NSIC 218,Clay,Dry,Direct Seeded,152.66735726947957,28.23071033402519,21.178575460130986,87.49800227347008,4.368286341904721,5.21
Dinorado,Clay,Dry,Transplanted,143.4243855441769,29.367563453314233,52.94780500323425,61.273052723871196,5.16163297912509,4.79
Dinorado,Sandy Loam,Wet,Transplanted,72.93332684671945,25.49104115449581,349.4598086946769,84.0654248846149,2.6226810478062443,3.98
NSIC 218,Silty Clay,Dry,Direct Seeded,176.71855404343427,31.443976950101415,15.032703367442489,64.10503233847787,5.455677003176218,4.92
Dinorado,Clay,Dry,Transplanted,79.36626671197043,29.092620937795,80.06016311269701,65.29731604694953,4.9812636323753345,4.81
IR64,Sandy Loam,Dry,Transplanted,189.84232161061712,26.217988192845308,65.26948927783056,74.32055146573497,4.784986348881095,4.59
NSIC Rc 160,Silty Clay,Dry,Direct Seeded,87.58569371332217,26.264648002270548,87.98362775604087,71.86769822618399,4.574088681135374,4.47
NSIC Rc 222,Silty Clay,Dry,Transplanted,160.08214599106128,31.186841779432974,51.83039541375666,74.58516918386013,4.810821666741635,5.57
NSIC 218,Sandy Loam,Wet,Transplanted,92.6983090240388,27.764046934353917,273.88444368602774,88.20079566093166,5.483786068121638,5.3
IR64,Sandy Loam,Dry,Transplanted,97.66781128802958,29.063792099030415,78.00556041865978,79.7216680669072,4.810573891337622,4.25
NSIC Rc 222,Clay,Dry,Transplanted,96.5002779173458,26.17035224513171,56.86426722026753,68.70928145526003,3.554802354004981,6.05
NSIC Rc 222,Silty Clay,Wet,Direct Seeded,162.18383810391248,24.236927647647143,247.1298600946707,65.18726136953535,4.3417655588005095,5.75
NSIC 218,Clay Loam,Wet,Direct Seeded,133.52226769540897,29.235592919944185,387.65698174603324,72.60138825392801,3.5107690484795073,5.17
IR64,Sandy Loam,Dry,Direct Seeded,182.44286837712457,28.078237721413878,37.3291329112632,73.54923081803213,5.410196329770012,4.63
NSIC Rc 222,Silty Clay,Wet,Direct Seeded,96.10590788060674,27.013428804247795,242.7520967661977,78.03883229698549,5.2004191984771015,5.5
NSIC Rc 222,Silty Clay,Wet,Transplanted,153.79887830851163,28.24020939994464,191.74318151179733,67.98008110619304,4.2028606823884855,6.48
IR64,Clay,Wet,Direct Seeded,162.9422899494666,24.082855860642336,218.51072298164905,83.0252774129045,4.843821263480347,4.52
Dinorado,Clay Loam,Wet,Direct Seeded,72.72231695449372,29.939387065319565,209.74163339714912,62.95380736438145,5.229060828915292,4.38
NSIC Rc 222,Clay,Wet,Transplanted,110.08840359797168,31.481628050203057,274.68531989082624,76.81360090801964,3.2308007909696776,5.25
NSIC Rc 160,Clay Loam,Wet,Transplanted,122.42262415256167,30.911031441677025,222.8762809886435,78.70594959732334,4.238445570786414,4.51
IR64,Clay Loam,Dry,Transplanted,103.35310848415614,25.21435745307017,100.91133535929409,66.20494743195437,3.945148957757645,4.54
NSIC Rc 222,Sandy Loam,Dry,Direct Seeded,98.31688939537071,26.06005773282076,104.28102620988592,84.78034051498864,4.814774064528824,5.43
NSIC 218,Silty Clay,Wet,Transplanted,152.9629840996463,30.084022997975612,279.01529304659044,78.46296375623032,3.637247564001486,6.09
NSIC Rc 160,Silty Clay,Wet,Transplanted,82.37995964892329,27.95117130824604,317.32335623669724,79.37166643943918,4.626938919124575,4.25
NSIC Rc 222,Silty Clay,Dry,Transplanted,156.40861178766932,27.479144436766493,126.092436984965,74.93230517290316,3.7089792670352133,6.13
NSIC Rc 160,Clay Loam,Wet,Direct Seeded,190.25662945860958,31.266419675334454,344.3246964283145,87.28782651529016,2.8332245939335126,3.67
NSIC Rc 160,Silty Clay,Dry,Direct Seeded,134.77962817666267,27.360249609770506,132.46524964152147,80.81782744462873,2.8213642948249515,4.35
Dinorado,Sandy Loam,Wet,Direct Seeded,141.71513551092113,27.1493867958731,327.5394453168077,71.45506694687288,2.857168973659562,4.67
NSIC Rc 160,Clay Loam,Dry,Direct Seeded,60.33990531861336,22.420185912663598,108.62466661150816,67.15817663352259,2.5975596277964854,3.39
Dinorado,Clay Loam,Dry,Direct Seeded,179.67153554267423,22.694169585901378,106.24973213765168,62.131850244704616,4.098919514790316,5.08
IR64,Clay Loam,Wet,Direct Seeded,92.81716807997984,22.0742030788065,201.39767911409024,64.96082511541078,4.515708045951205,4.25
Dinorado,Clay Loam,Wet,Direct Seeded,142.25767482928472,31.13244225783634,178.97492981068845,89.78048856250979,2.8801852054770687,4.45
NSIC 218,Sandy Loam,Wet,Transplanted,196.86682546172034,26.083866600177007,285.6125397753127,72.20300687974921,4.3355740006648364,5.96
NSIC Rc 222,Silty Clay,Wet,Transplanted,139.32539008592119,26.685613761334125,199.72794780203628,86.9606168183222,4.293220234773736,6.01
IR64,Sandy Loam,Dry,Transplanted,158.70642311965662,30.45386947592462,17.93459314710615,65.11708070655793,2.941282154190587,4.4
IR64,Silty Clay,Wet,Direct Seeded,116.79794273356278,28.09246310375778,171.23343044287833,72.76082614022549,3.71224779988379,4.61
NSIC 218,Sandy Loam,Dry,Direct Seeded,59.0548765272586,28.095015963905812,25.369093804144015,88.81555401100346,4.765407129312952,5.05
Dinorado,Clay,Wet,Transplanted,169.63990242346827,24.965344293548124,281.7735857448543,62.733967542578995,2.5502680766560344,4.96
NSIC Rc 222,Clay,Dry,Transplanted,55.249826189597854,30.33908373924519,123.75877945472227,77.81952851437508,2.9408436516951646,4.83
Dinorado,Clay,Wet,Direct Seeded,155.0986743331781,23.65829976039494,231.69854627694886,87.57515702088907,5.487485122974234,5.35
NSIC Rc 160,Clay,Wet,Direct Seeded,53.43823597244554,22.53149592172948,339.037252984626,88.49050118862752,4.700634691447179,3.81
Dinorado,Clay Loam,Dry,Direct Seeded,179.34578548650057,23.916033575185324,42.61317662730842,85.38022431335327,3.8923908376577674,4.9
IR64,Clay Loam,Wet,Direct Seeded,73.64540537494709,24.677372187745647,228.54790763710452,85.67803297080448,4.389404236274876,4.38
NSIC Rc 222,Sandy Loam,Wet,Direct Seeded,127.14072431638267,24.823110578542067,394.67928426395343,79.56548862352396,5.038662911795424,5.7
Dinorado,Sandy Loam,Wet,Direct Seeded,139.5726056724721,28.705135986187678,339.63079781517706,66.61269324284977,5.02691375666091,4.49
NSIC Rc 222,Clay,Wet,Direct Seeded,118.63181110601181,24.178245873286436,164.42330537221554,81.92035633454759,3.474104306383621,5.23
NSIC Rc 222,Silty Clay,Wet,Direct Seeded,101.11452340233308,28.766583044949847,277.21818508906904,89.35153393376169,3.973874267635672,6.04
NSIC Rc 160,Clay,Dry,Transplanted,120.17214442714575,22.911321732337996,59.779108430391624,75.77800544018433,4.414165289495931,3.92
NSIC Rc 160,Sandy Loam,Wet,Direct Seeded,96.71236308217381,23.47202461097909,290.6551253035276,67.82092077230703,2.7156907495438123,3.6
IR64,Clay,Dry,Direct Seeded,115.71835206212947,27.088214484909948,30.341629514622753,77.20413203294993,5.337389798172257,4.39
NSIC 218,Sandy Loam,Wet,Direct Seeded,103.8369486497046,31.218958025766426,323.8256776703994,80.71831068721849,3.7982254769871187,4.86
NSIC Rc 222,Clay,Wet,Transplanted,134.9307235260718,30.59567588811114,274.44919925843953,66.2484092827324,3.612586981773781,5.48
NSIC 218,Silty Clay,Dry,Transplanted,85.68862433674752,31.68753442442803,37.32127560048866,81.57568042828268,5.221301084349477,5.25
IR64,Clay,Dry,Direct Seeded,198.29848323710186,28.504790652781708,118.55841295182887,77.62298576653176,2.854859946259314,4.64
NSIC Rc 222,Silty Clay,Dry,Transplanted,125.13049300732483,28.75814866416092,46.660346732175356,78.37049727444156,2.6177823921613257,5.42
NSIC Rc 222,Silty Clay,Dry,Transplanted,79.12431161217644,28.25022998931492,72.86489527698663,69.17963789219502,4.555007236900822,5.55
NSIC 218,Sandy Loam,Dry,Transplanted,121.56001243509087,28.228189228581975,31.2339922282935,64.65800430333603,3.6550089043153124,5.24
Dinorado,Silty Clay,Wet,Direct Seeded,179.96226942872363,23.471203450675848,270.8608996036433,78.70349685916972,4.793427426490317,4.78
NSIC Rc 160,Clay Loam,Dry,Direct Seeded,53.27101896865934,27.437389561639286,104.9101868842538,77.58698967457715,2.7056338345802664,3.55
Dinorado,Clay Loam,Dry,Direct Seeded,151.9331178660933,25.860679334517258,111.95776277868667,70.14036563141414,3.651271430606159,4.86
NSIC 218,Clay Loam,Wet,Direct Seeded,132.1951695190892,26.425372157772934,241.98465291940317,68.87681002637662,3.2059756361383367,5.57
NSIC Rc 160,Sandy Loam,Wet,Direct Seeded,75.43369915552033,27.236005730592375,217.86534597479343,70.41733384986853,4.718819598839792,4.46
Dinorado,Clay Loam,Dry,Direct Seeded,172.62146589573808,23.283961718022518,60.636924505819934,74.69650015496461,3.1815103312821145,3.93
NSIC Rc 160,Sandy Loam,Dry,Direct Seeded,105.33269335610085,25.594877338521197,119.86453045718508,89.24459205333484,3.8738360043230644,4.13
NSIC Rc 222,Sandy Loam,Dry,Transplanted,94.07030432232611,22.634495608766034,43.586931269097704,82.90693866078618,4.956632653410136,5.63
Dinorado,Clay Loam,Wet,Direct Seeded,174.21877877853515,31.79668130422399,386.5500529941836,85.55219217496466,5.246171606393409,4.27
NSIC Rc 160,Silty Clay,Dry,Direct Seeded,145.7787569287497,23.185280288201263,106.86654069402185,75.16948706710593,4.667817380997333,4.55
NSIC Rc 160,Clay,Wet,Direct Seeded,184.73886255122366,24.585247385449545,229.39916740859297,75.78370835336331,3.787685234598861,4.52
NSIC Rc 160,Sandy Loam,Wet,Direct Seeded,144.4825555506799,30.912929267033974,165.85533114508266,66.12973984311083,4.215957624228199,4.38
Dinorado,Clay Loam,Wet,Direct Seeded,161.1226486898173,26.827100462391417,191.82118482335306,81.63137508903235,4.569069841457482,5.03
IR64,Sandy Loam,Wet,Direct Seeded,175.46688443894192,23.356372015206304,364.31915901032244,72.64752017371909,5.124797879722355,4.03
Dinorado,Silty Clay,Dry,Direct Seeded,58.210945386490536,25.84230538039349,112.19504139886355,82.27340576453133,5.165721954280875,4.97
NSIC 218,Silty Clay,Wet,Direct Seeded,166.40734383040706,23.15867994191386,296.658364780846,72.27166143937876,5.292908474465041,5.65
Dinorado,Clay Loam,Wet,Transplanted,142.05597227743652,24.002159970845018,344.6951373442664,63.25551561641724,4.932133296722147,5.04
NSIC Rc 160,Sandy Loam,Dry,Transplanted,60.42616947727898,22.52029846949845,145.61203289042868,65.1916106335765,2.9403938078250005,4.18
NSIC Rc 222,Clay,Wet,Direct Seeded,126.28668828030726,26.382274945490998,352.1953865349236,84.3471023422405,4.742918600158729,5.75
Dinorado,Clay,Dry,Direct Seeded,62.368711697593085,30.0663612172526,42.52503312614028,67.75849468676797,4.943777120689653,4.52
Dinorado,Sandy Loam,Wet,Transplanted,160.39208025848336,27.859691786998955,355.8091098027683,67.93063267701208,5.133614283029151,4.92
NSIC Rc 160,Sandy Loam,Dry,Direct Seeded,131.97525708468245,28.063453054846118,23.11946720598538,87.88104270006994,5.274450683853478,4.78
NSIC Rc 222,Sandy Loam,Wet,Direct Seeded,193.0360306118446,24.005840300832403,287.6534269361522,79.72906868600549,4.027479440555342,6.05
NSIC Rc 222,Clay Loam,Wet,Transplanted,77.47030573576548,25.438938432523663,194.28014892477623,63.42922661653069,4.4652780853729315,5.93
NSIC 218,Silty Clay,Dry,Direct Seeded,140.90501787805675,30.452421038408318,46.82495912057013,64.30755810395803,2.528658329850907,4.77
Dinorado,Clay,Wet,Direct Seeded,81.73732018557371,22.878561843265146,187.05818805903544,68.17102298160839,4.218350703077302,4.16
NSIC Rc 222,Clay Loam,Wet,Direct Seeded,142.10974770910974,30.579306536685337,293.4961050937781,77.81987063479899,3.919595143221819,5.54
NSIC Rc 222,Sandy Loam,Dry,Transplanted,158.39745535412845,26.836900262647855,27.200707521496668,82.58476409717018,5.386918134084398,6.46
IR64,Sandy Loam,Wet,Transplanted,158.34564939943078,30.371474313251174,241.62858842141912,68.23489330359591,5.2051278958081815,4.43
IR64,Silty Clay,Wet,Direct Seeded,172.26109860239148,25.180064193944002,289.5120603114418,86.11926112244893,4.892811788300157,4.84
NSIC Rc 222,Sandy Loam,Dry,Transplanted,178.0325341937475,25.388429515830207,33.75720318920335,63.27540536652445,2.6709825535608003,5.49
NSIC 218,Clay Loam,Dry,Transplanted,61.590758940076554,29.51604868323143,56.77603165983642,66.2279750412954,3.7060865268499996,4.9
NSIC Rc 222,Clay Loam,Dry,Transplanted,101.49007356086061,29.8499617339222,67.95870454108012,89.11394763428632,4.588126666583681,5.3
NSIC Rc 160,Silty Clay,Dry,Direct Seeded,153.06837805397086,24.296446779901466,136.52139160519314,64.04234590960974,2.588982230692843,4.05
Dinorado,Clay Loam,Dry,Transplanted,124.78794310868182,31.728713248219055,37.386208010002946,86.64333923171432,3.2074413752584032,4.53
NSIC 218,Clay,Wet,Transplanted,78.60139201321873,22.84490104244829,274.6194610594662,81.11805226212286,5.162521570354386,5.46
NSIC Rc 160,Clay Loam,Dry,Transplanted,132.9064355250047,22.685029631021308,146.04625662897027,62.1926127192512,2.8893423018982727,4.37
NSIC 218,Clay Loam,Wet,Direct Seeded,111.11534791492157,27.955042152861026,300.54951992438714,74.51120486699831,2.6541205130159327,4.93
NSIC Rc 160,Clay Loam,Dry,Transplanted,108.50574164814577,29.227407677716215,123.42144938546403,75.5693805943442,4.241757268854007,4.26
Dinorado,Clay,Wet,Transplanted,171.46305761534956,31.60886129224974,158.02794768414134,87.96418894247512,5.339393846283341,5.12
Dinorado,Sandy Loam,Wet,Direct Seeded,111.13975007482719,26.049457807988617,158.20917015753085,72.63313779231507,5.003874219725915,4.79
IR64,Clay Loam,Dry,Transplanted,53.96817582206362,22.252914089896333,133.40599458508174,73.40290846392827,5.424317514162867,4.25
NSIC Rc 160,Silty Clay,Wet,Transplanted,58.70950083366369,28.02896339446407,330.3987927121272,63.374512643591345,4.760569461088748,4.3
IR64,Clay,Wet,Transplanted,178.43660625374304,24.896960205987718,198.28181095567996,79.17517690312988,3.812109322253715,4.71
NSIC Rc 160,Silty Clay,Dry,Direct Seeded,194.0901215018782,26.329471211954022,140.1221585636341,66.3269092766729,5.339849318769622,5.04
IR64,Clay Loam,Dry,Direct Seeded,153.26140046835613,26.884694822499352,115.4537675997569,62.3259977467112,3.7798998353599353,4.59
Dinorado,Silty Clay,Dry,Transplanted,104.65524411501204,22.64512610738034,120.42917642638855,89.90757000212382,3.550283849032733,4.83
NSIC 218,Clay Loam,Dry,Transplanted,190.79004736920913,26.85981784564103,71.29456152478673,68.08888883888416,3.8445877533023016,5.69
IR64,Clay,Wet,Transplanted,149.42046295636038,26.263196668043147,313.0496155480141,64.23159495386412,4.941921863147393,4.86
NSIC Rc 160,Silty Clay,Wet,Transplanted,176.65003237990067,29.12544265286593,286.64397769786365,80.98471123791529,5.253080649546665,5.39
NSIC Rc 160,Silty Clay,Wet,Transplanted,164.87784560555139,28.456659112123447,395.44861785115586,84.65046467765706,3.5730463298790265,4.62
Dinorado,Clay Loam,Wet,Transplanted,106.87089736588887,23.85215718150561,358.8514697207656,61.9223247937904,3.8867423695967878,4.82
NSIC Rc 160,Clay Loam,Wet,Direct Seeded,121.80533012761782,24.06138918210397,253.28363033283736,63.16179922409361,5.194981969913149,4.36
NSIC Rc 222,Sandy Loam,Wet,Transplanted,77.91982315521493,24.510061787743734,304.10320502329125,62.70521470746137,2.641130993586007,5.06
NSIC 218,Clay Loam,Dry,Transplanted,93.8021150661101,23.789504402971772,81.46303285467415,61.408779099675336,4.851606082341554,5.26
IR64,Clay Loam,Wet,Transplanted,166.71884919297827,28.57213199668467,179.322364306368,79.78369435902852,3.862653274703017,4.77
NSIC 218,Sandy Loam,Wet,Direct Seeded,184.09675878246622,31.944301792002705,246.59651074059525,77.64939569218092,3.629555053149014,5.52
Dinorado,Clay Loam,Wet,Transplanted,158.66906348771175,28.521083405159366,333.4719352724686,79.88419969679799,3.8407638755105173,4.74
IR64,Clay Loam,Dry,Direct Seeded,119.77605449849575,28.066815461912913,140.5479597473288,75.17001489822543,3.7560720265047394,4.31
IR64,Sandy Loam,Dry,Transplanted,62.976390340962126,26.099279333510726,62.95582761737093,84.52523056216745,4.769855854563418,4.53
NSIC Rc 222,Clay,Dry,Transplanted,58.542192304767234,25.125802588597608,15.872590228989008,76.40004907495727,5.283842566732467,5.52
Dinorado,Clay,Dry,Transplanted,106.14883469192807,31.110737569064792,116.7856139664682,87.56240804398874,3.9743674763397356,4.59
NSIC Rc 160,Clay Loam,Wet,Transplanted,119.57325781514946,31.690018741421532,305.6678960321634,74.5694559751198,4.998201357347535,4.5
NSIC Rc 222,Clay Loam,Wet,Transplanted,141.36809333199454,26.967761755877277,271.11783109433946,83.71975983634796,4.695833607136716,5.84
NSIC Rc 222,Sandy Loam,Wet,Transplanted,50.97342820804958,24.902004955065575,194.13227601316726,72.22081061050902,3.4920423566694305,5.2
NSIC 218,Sandy Loam,Dry,Direct Seeded,198.45843356994595,29.701222076697675,90.24205164045257,73.05671684329329,4.2619414435796426,5.06
NSIC 218,Clay,Wet,Transplanted,104.59083251060643,23.324567908668783,350.78648153938616,85.4697613571375,4.500447025047084,5.21
NSIC 218,Silty Clay,Wet,Transplanted,177.2141995701682,29.655882376436814,218.29165110289424,63.2297950607299,2.570498115671389,5.76
NSIC Rc 222,Clay Loam,Wet,Transplanted,130.24500584981064,30.189483743113385,355.1197704154774,76.94753264949624,3.687866653672721,5.7
NSIC Rc 160,Silty Clay,Dry,Direct Seeded,69.56591818000197,23.249039446271674,124.08263472806362,81.79009403336357,5.477914527542371,4.51
IR64,Silty Clay,Dry,Transplanted,169.6348328801783,31.768614687965638,20.5771773255347,82.51261846251161,4.4117692812102804,4.65
NSIC 218,Sandy Loam,Dry,Direct Seeded,156.4740612379814,31.855122903884784,96.97247866661057,77.74480581509926,3.5027322078753285,5.05
NSIC Rc 160,Clay Loam,Wet,Transplanted,129.1154127393842,31.367194793273512,302.90226569874835,73.44193452478541,3.2500721182021834,4.23
Dinorado,Clay Loam,Wet,Transplanted,127.182963700067,26.960348094062645,243.18285698719686,67.82347331600273,3.128444806302269,5.35
NSIC 218,Sandy Loam,Wet,Direct Seeded,63.12194086263921,24.460741422768283,160.15130548999787,87.28278706062366,3.7049242268956224,4.79
IR64,Silty Clay,Wet,Direct Seeded,148.3773422860811,27.82009280881913,208.10471108609423,71.09363842563977,3.0797970718228287,4.16
Dinorado,Sandy Loam,Dry,Transplanted,186.68677336314497,26.19933838471436,44.67882431870612,83.96976265600037,2.9055585461605844,4.78
Dinorado,Clay,Wet,Direct Seeded,63.98673788320375,24.05948644717197,372.267731372041,60.949968388879086,3.5921898532808765,3.96
IR64,Clay Loam,Dry,Direct Seeded,89.52671759733573,26.236764096178476,136.45760322922777,66.96507644059827,4.32099907793738,4.32
NSIC 218,Clay,Wet,Transplanted,185.34619601631482,28.638898356775904,354.4935859739294,70.36754378652368,2.9391975462583853,5.21
NSIC Rc 222,Sandy Loam,Dry,Transplanted,92.651586472969,22.70913310785991,25.387391563844396,80.14722189930612,2.6330298215885803,5.11
IR64,Clay Loam,Wet,Transplanted,148.09155082698896,25.334180014460166,293.7133282335245,69.57992421485673,2.6038984541910746,4.22
IR64,Clay,Wet,Direct Seeded,130.2227247414716,22.177948900128253,266.5806159905317,61.24091402457921,3.302152757307905,4.27
IR64,Clay,Dry,Transplanted,139.44914075057932,29.494955054616756,128.02969818150882,65.21602548162048,3.0703968715489047,4.04
Dinorado,Silty Clay,Dry,Transplanted,112.36833523658797,28.406912676167007,22.39759527606745,67.77496057107979,4.117766080870457,4.64
NSIC Rc 160,Clay Loam,Wet,Direct Seeded,94.99872058305667,22.626721347019657,311.7856698325273,65.28142439807458,3.8671605611526982,3.89
NSIC Rc 222,Clay,Wet,Direct Seeded,57.28001760945035,31.64737559601968,266.5620319608254,66.111736804234,3.474299843017056,5.06
NSIC 218,Clay,Wet,Transplanted,161.64214089412462,22.226215571271005,311.0762101797851,83.06870822020063,5.000628502452882,5.7
NSIC 218,Silty Clay,Dry,Direct Seeded,161.91401932913402,27.899606464760886,13.513629769579733,72.36100931851381,4.01484097898958,5.36
NSIC Rc 160,Clay,Wet,Direct Seeded,150.60886101180847,29.76367461799056,226.8510249150395,72.15537734003776,2.7745899762522974,4.28
IR64,Clay,Dry,Direct Seeded,146.54506821794308,29.87896313044723,42.908320205869124,88.99819009978458,3.3872930622210857,4.19
NSIC Rc 222,Clay,Wet,Transplanted,86.55756982512892,22.342851355932037,359.6243044778688,73.401055138326,5.420017798589774,5.64
NSIC 218,Silty Clay,Wet,Transplanted,53.351740064943684,31.064151326404392,325.4794733663167,87.82974397597185,5.430931962274043,5.19
NSIC 218,Clay,Wet,Transplanted,171.30730953281596,31.184516719271222,232.49390710692296,68.9718929465004,3.264014906641358,5.55
IR64,Clay,Wet,Direct Seeded,123.67078035437403,27.613903731543726,357.6665287058603,72.0187877971252,3.001708386384742,4.21
NSIC Rc 160,Clay Loam,Dry,Transplanted,96.02571960539275,26.82083198887146,56.62623572973573,71.88850068202386,3.987064438651733,4.06
NSIC Rc 222,Clay Loam,Dry,Transplanted,65.2897860170855,22.448674630625998,97.71402805366196,76.38236496943932,3.94439475450054,5.18
NSIC Rc 160,Silty Clay,Wet,Direct Seeded,59.408238635208264,27.61954142509869,271.83563271329473,77.52741872561856,3.7304130618070515,4.27
NSIC Rc 160,Sandy Loam,Wet,Direct Seeded,102.33000826927659,26.093790817702306,193.65971618436538,67.44375087126807,4.088071682481859,4.41
NSIC Rc 222,Clay Loam,Wet,Transplanted,170.7105597150411,29.72806407408656,169.42811550088166,83.80752751251356,3.1965861355546026,5.81
NSIC Rc 222,Silty Clay,Dry,Direct Seeded,187.80856240007458,26.038835668860877,28.441443630547532,74.89577864030377,2.8447880246310615,5.64
NSIC 218,Clay,Wet,Transplanted,184.5127046919597,28.835808333247098,324.90143690930506,60.211306605564225,4.211384375429305,5.75
NSIC 218,Clay,Dry,Transplanted,188.00012521244824,23.01408146237531,71.2261907027505,77.7402189995004,5.297793990347125,5.76
NSIC Rc 222,Silty Clay,Dry,Transplanted,186.1588014694014,23.32952270765967,38.59690429440232,83.94178324587409,2.913247829860894,5.36
Dinorado,Clay,Dry,Direct Seeded,129.08371274005935,23.397101906491585,129.74246501658885,67.51400213446374,4.6144441726943874,4.29
NSIC 218,Clay,Dry,Direct Seeded,82.91234578353557,22.455254997997436,16.295311113182695,61.13613028085778,3.813690062141155,4.83
Dinorado,Sandy Loam,Wet,Transplanted,169.70698742552304,27.413288592698038,366.28020105200267,84.21535966952167,3.381929769186412,4.69
NSIC Rc 222,Clay,Wet,Transplanted,82.05694622788685,29.939677260436362,351.8604971486359,89.28830147914881,5.0593276551772774,5.3
NSIC 218,Clay Loam,Dry,Transplanted,90.08109151348536,28.104112036936662,59.83128173639295,62.296908439947074,3.8694750836115457,5.04
NSIC Rc 160,Clay,Wet,Transplanted,84.98814827338228,27.749548855528563,313.91275755553795,88.14110421977163,4.24993604220397,4.74
NSIC Rc 222,Silty Clay,Wet,Direct Seeded,127.24736055437087,28.806239284027363,185.343763901192,70.77823235928186,3.829168860819788,5.74
IR64,Sandy Loam,Wet,Transplanted,98.27412622536198,25.396453230720148,173.51101899416338,88.24318825764263,2.7437487450086584,4.36
Dinorado,Clay,Dry,Transplanted,73.12340744380123,25.61954071648229,98.39237119567524,79.46517972007341,4.284714060700558,4.85
NSIC Rc 222,Silty Clay,Wet,Direct Seeded,117.97601178408236,25.142700982209227,236.25740575293133,86.7073293734524,3.7565229251143637,5.58
NSIC Rc 222,Clay Loam,Wet,Transplanted,181.08608581777506,29.121089328535756,363.7277225996922,83.5749907515424,2.760269818202889,5.9
NSIC 218,Clay,Wet,Transplanted,135.58292824249583,23.616403356707742,390.43406757666605,60.839932284618804,4.2874352032569245,4.9
NSIC 218,Sandy Loam,Wet,Transplanted,181.75034088313805,22.130252803129245,210.34021371176783,61.96327506975162,2.5296127961176826,5.09
NSIC 218,Clay,Wet,Transplanted,79.3808277618706,27.961964467224924,340.52391764543,75.77233815355632,3.125561164763777,4.8
IR64,Silty Clay,Wet,Transplanted,75.0460810508831,31.423813647342055,293.4673042268014,63.88857059534738,4.843208610715637,4.26
NSIC 218,Sandy Loam,Wet,Direct Seeded,136.33656885476302,28.094079169963045,157.9518417694857,73.83102717471455,2.613782274576203,5.35
NSIC Rc 222,Clay,Wet,Direct Seeded,119.49933523194096,29.829216529408953,285.72908748323493,88.63890895693403,4.440046294165416,5.39
NSIC 218,Clay Loam,Wet,Direct Seeded,149.02589624704353,28.727907094660303,351.48510074733883,68.84271862663454,5.349120838621972,5.4
NSIC Rc 160,Sandy Loam,Wet,Direct Seeded,169.19401865401724,26.97436653523016,219.03069583600663,74.66738141447223,3.0135773745190204,4.96
NSIC 218,Clay Loam,Dry,Transplanted,162.6960943478265,29.18392401783846,137.83234492727146,71.52778890204209,3.751335580628724,5.44
IR64,Silty Clay,Wet,Direct Seeded,191.33917604878417,30.241041238552217,374.3404059926153,78.89480892744746,4.226493092112994,4.36
NSIC Rc 160,Clay,Dry,Direct Seeded,109.73846137355173,24.24731644171698,131.51907917714533,65.81534791954677,3.851247516201533,4.05
NSIC Rc 222,Clay Loam,Wet,Direct Seeded,80.95801133722712,25.361304804831455,209.0651017186592,67.7981787040285,4.361133058545302,5.89
NSIC Rc 222,Silty Clay,Dry,Direct Seeded,132.63689599218287,24.23725732503284,135.3268799324029,85.7630355409203,3.7122925755009946,5.68
Dinorado,Clay,Dry,Direct Seeded,66.61146802867785,26.52172955590441,18.799461115617493,84.34008671581014,2.9455123870657616,3.81
NSIC Rc 160,Silty Clay,Wet,Direct Seeded,93.32766849974472,30.850645509166675,169.11828316101358,83.67569066611921,2.767133079473367,3.93
Dinorado,Clay Loam,Dry,Direct Seeded,81.18320828947166,25.45207100835332,127.72925660488433,83.12758827953688,4.7333294685314335,4.14
NSIC Rc 160,Silty Clay,Dry,Direct Seeded,109.48455751956214,25.744668891305533,119.18776099617668,73.78312480384737,3.2158718485657145,4.46
NSIC Rc 160,Sandy Loam,Dry,Transplanted,66.6824862503323,30.603672346719318,136.34043089858665,81.86672317596624,5.042350938300171,4.86
IR64,Clay,Wet,Direct Seeded,54.77626168221468,27.153743307446753,189.984827359891,71.61614453616353,4.729081731465521,3.81
Dinorado,Silty Clay,Dry,Transplanted,148.51910069450477,27.354489996474342,53.62067741612019,63.021287405684404,2.648359553027085,4.4
IR64,Clay Loam,Dry,Direct Seeded,141.53734674347072,30.60801203332213,137.64711487827134,71.80123924946678,3.1036333511912053,4.16
NSIC Rc 160,Clay,Wet,Direct Seeded,156.25384040579917,26.905267370254734,359.25071718022957,64.75989132683793,3.3759779696786145,4.37
NSIC Rc 222,Sandy Loam,Dry,Direct Seeded,149.05796604070161,28.815575346293954,66.36975191210269,71.72555041897529,4.283446746478121,5.48
NSIC Rc 160,Clay,Dry,Transplanted,67.14420217135753,22.85644665874061,98.773955973612,68.9227564608866,4.929481000945417,3.8
IR64,Sandy Loam,Dry,Transplanted,93.66183220634694,23.786317131268852,69.38505876897976,77.97482001203775,2.6809997654752693,3.98
Dinorado,Clay,Wet,Direct Seeded,69.42899148505285,26.043762007162456,254.3264797598821,70.8462124649527,3.248826855639433,4.66
Dinorado,Silty Clay,Dry,Transplanted,176.44586030728448,26.94839067819875,69.87078027219115,81.16768990137535,3.6286292871391628,5.79
IR64,Silty Clay,Wet,Direct Seeded,162.03554830332848,31.657337012362294,349.2363909054144,75.36440043142949,3.0501314637644987,4.25
Dinorado,Clay Loam,Dry,Transplanted,80.22905043773636,31.7065163304779,86.52918263128622,87.58476835546199,4.135876292519047,4.1
NSIC 218,Sandy Loam,Dry,Transplanted,101.196386073484,30.511970874787615,59.829739346915154,62.730763060511606,3.934007438074931,5.08
NSIC Rc 222,Clay Loam,Dry,Transplanted,194.99224883963214,25.155988352855744,120.983179197693,80.63127565923998,3.4494869261534795,6.15
NSIC Rc 222,Silty Clay,Dry,Direct Seeded,139.12390368194772,31.640282908324394,98.70942295813344,80.1719063271012,4.0506606607610705,5.2
NSIC Rc 222,Sandy Loam,Wet,Transplanted,170.1733395951736,28.893408646762126,282.80826524739877,88.51879642238103,3.5674646930533416,6.05
Dinorado,Clay Loam,Dry,Transplanted,89.68865521530937,25.929401278174005,106.5658066154524,71.14655601130957,3.529582202401872,4.88
Dinorado,Clay Loam,Wet,Direct Seeded,81.50793802689579,29.016749169847664,270.13978119860786,69.16313909136487,3.2961865760709776,4.72
NSIC Rc 160,Clay Loam,Dry,Transplanted,167.58753932698227,22.165227297865265,42.344872031046904,65.1718033264097,4.121313802943165,4.59
NSIC Rc 160,Clay Loam,Wet,Direct Seeded,152.88086828471603,23.461546822742136,351.7282878731163,67.9586554606588,3.8323461833569805,4.27
NSIC Rc 222,Clay Loam,Dry,Direct Seeded,152.14668938176456,30.296857115563675,145.74054038739493,75.05672318265415,3.0889743523816713,5.34
NSIC 218,Sandy Loam,Dry,Transplanted,132.89518727437908,28.455736368731714,102.42465368821516,85.13138885879931,2.5388987826945977,4.93
NSIC Rc 160,Clay Loam,Wet,Direct Seeded,134.53675141648233,25.64194701291884,255.87190292809396,68.52859810441925,2.9527886218387582,4.41
NSIC Rc 160,Sandy Loam,Wet,Transplanted,160.35462579593806,27.00666640222719,350.5081827665921,64.73226349972171,2.628503804495618,4.39
Dinorado,Clay Loam,Wet,Transplanted,90.5003721681793,31.05142149645767,175.1655412408614,68.16385413222505,3.794796500915296,4.57
NSIC 218,Silty Clay,Wet,Direct Seeded,102.91526987854337,28.315781094790864,309.0777038848141,63.02780925085454,3.175290561737075,5.32
NSIC Rc 222,Silty Clay,Dry,Transplanted,180.74551557800825,25.981492839343304,37.60742103425483,87.80086248923988,3.7613659975741736,6.21
NSIC Rc 160,Clay Loam,Wet,Transplanted,96.32978015182366,23.20326657397535,325.6467641379962,86.17872456066742,3.488349620110027,3.84
NSIC 218,Clay,Wet,Direct Seeded,131.94643570689487,24.93746801625561,374.77434903543565,69.25475150955457,4.1140444320597,5.04
NSIC 218,Silty Clay,Wet,Direct Seeded,155.39591960100262,31.78340232796583,206.08097967904874,67.40963447795602,4.6716004863658025,5.31
NSIC Rc 222,Sandy Loam,Dry,Transplanted,199.98872402497648,26.373630628517773,115.06863408594472,87.16191942194747,3.937941814401569,6.21
NSIC 218,Clay Loam,Dry,Direct Seeded,115.29369972429978,26.718394638448608,34.319974449067175,60.05315853962868,2.6859041828173926,4.44
NSIC 218,Sandy Loam,Dry,Direct Seeded,114.21393149374157,26.985980323970153,18.873885481931175,78.01732583974041,2.552531444244724,4.56
NSIC 218,Clay,Dry,Direct Seeded,176.38825691505014,30.84104022948211,83.85747546041681,87.48011282837011,3.1396934988326173,5.08
NSIC Rc 160,Clay Loam,Wet,Direct Seeded,170.82546668897947,28.039282843853098,301.0549700232129,75.25672466719058,3.7749025336625612,4.76
NSIC Rc 222,Silty Clay,Dry,Transplanted,159.66138226018228,28.93677036451922,87.49335358272862,60.089008787989016,2.634715085881802,5.66
NSIC 218,Sandy Loam,Wet,Transplanted,119.48444561135433,25.89413542549104,258.3141409223058,66.56614288155467,3.483201414519667,5.61
NSIC 218,Silty Clay,Dry,Direct Seeded,98.59086802410738,22.290876185889744,36.4551804624238,87.67324781675802,5.161077123685457,4.99
NSIC Rc 160,Silty Clay,Wet,Transplanted,141.30957238772731,31.309729142428445,245.69291388600726,60.510672725394876,2.770057065556508,4.65
NSIC Rc 222,Clay Loam,Wet,Direct Seeded,181.43349396974614,31.491276809164063,176.67838880298936,71.84339298189605,5.3455495293087205,6.3
Dinorado,Sandy Loam,Wet,Direct Seeded,182.56661873128797,31.49153053348051,183.55833264873556,83.69234178998934,5.0700153265273595,4.77
NSIC Rc 160,Clay,Wet,Transplanted,66.27475176056576,31.436870866467167,359.2471153619116,85.1427298105501,4.995343468040616,4.32
NSIC Rc 222,Silty Clay,Wet,Transplanted,114.2525425719726,30.15241941069561,337.4383580813905,74.3282379788601,5.090975532628873,5.8
NSIC 218,Clay Loam,Dry,Transplanted,119.70829342981241,28.84596050116327,58.77305220090226,66.97451255198557,2.7401507957589493,5.78
NSIC Rc 222,Clay Loam,Wet,Transplanted,196.64230512856298,30.445099182672855,245.58528257277513,77.99114153058477,2.95350428193609,5.67
NSIC Rc 222,Clay,Wet,Direct Seeded,151.69970228638766,28.00546239001036,357.1216453474077,67.91334094671905,2.9031172796832463,5.39
NSIC Rc 222,Clay Loam,Wet,Direct Seeded,111.08696258931059,23.343696138920237,170.1915462058946,67.6579277398775,2.833725432254128,5.05
Dinorado,Silty Clay,Wet,Transplanted,53.90868289783895,25.91218165041421,306.1934792582922,84.2279929019104,3.483133658596688,4.26
NSIC Rc 222,Clay Loam,Dry,Direct Seeded,134.80777401487939,31.712949119729373,142.40770139501757,64.62797505889839,4.990650648851582,5.69
Dinorado,Sandy Loam,Dry,Transplanted,64.41139634575342,25.511378135956562,49.90045249224858,60.16564435205972,3.2558864308936877,4.42
NSIC 218,Sandy Loam,Wet,Transplanted,175.16749360216446,30.678279137313694,367.0440131785721,70.10325651017547,3.2326650369767798,5.35
Dinorado,Silty Clay,Wet,Transplanted,162.87779908555433,22.932114707748696,359.71605775781234,74.72921864985089,4.52766627226184,4.9
NSIC 218,Sandy Loam,Wet,Direct Seeded,119.07637398622681,25.341838423754695,243.19568998546495,81.1524117568597,2.7907753064101515,5.07
NSIC 218,Clay,Wet,Direct Seeded,114.38161693125495,25.509533247273797,336.3084632642473,83.43345772812866,3.580839977085772,5.01
Dinorado,Clay Loam,Dry,Transplanted,184.6008448353153,22.5160254310898,31.779528507151614,79.9055763340089,3.386278920532663,4.41
NSIC Rc 160,Silty Clay,Dry,Transplanted,93.26875256271926,23.19094330186755,148.95867421316356,78.7952664095078,5.041902592388264,4.32
IR64,Clay,Wet,Transplanted,87.35299431601561,23.93165211121771,256.86703637996936,79.97246166958305,4.04350383287638,4.24
NSIC Rc 222,Clay Loam,Wet,Transplanted,190.87961492386432,30.378155908101128,360.03454109748736,68.14579552743297,4.4394206923658235,5.9
IR64,Clay,Wet,Direct Seeded,171.3868755130224,22.634019899398062,282.69048753875575,71.47083968893703,2.8871030146187056,4.26
NSIC Rc 222,Silty Clay,Wet,Direct Seeded,173.0938389600792,24.987009013443874,341.2142622762603,78.49309502998693,5.286754781667731,5.98
NSIC Rc 222,Silty Clay,Wet,Transplanted,79.27907214138884,22.101750025892674,169.64289557291792,61.96711981061919,3.4673564623753137,5.75
NSIC 218,Clay,Dry,Transplanted,71.49439871464017,28.956277454030246,52.32277509326535,68.85976050203567,4.620516513529484,4.94
NSIC Rc 222,Clay Loam,Dry,Direct Seeded,53.904432472570235,28.2030309004338,105.23551424045101,72.19256834272959,5.363878539746631,5.46
NSIC Rc 222,Sandy Loam,Wet,Transplanted,85.556226337802,28.449822620531418,297.5064929022157,76.00322048561807,4.025946584848008,5.36
Dinorado,Sandy Loam,Dry,Direct Seeded,166.12857375714873,25.743827847146186,42.418425401497295,74.59446322082883,4.022605776201567,5.03
IR64,Clay,Dry,Direct Seeded,86.00576281462247,24.08267821267569,87.01696757809451,81.54395634461982,2.8517482706753556,3.65
Dinorado,Silty Clay,Dry,Transplanted,159.3654925392314,29.203202132860334,64.07947812534618,74.20280026249384,3.6708266692693874,5.12
NSIC Rc 222,Clay Loam,Wet,Direct Seeded,87.78623980511323,30.11117872740695,287.5710443673347,87.12389951474967,5.0573948166446065,5.84
NSIC 218,Clay Loam,Dry,Direct Seeded,109.29387469260075,23.38601498098202,144.6210965622864,71.40955026457252,2.9053195212968452,5.07
Dinorado,Silty Clay,Dry,Direct Seeded,197.47434348671126,26.86829427937421,70.59282243706828,75.76115118528469,5.252512391681972,5.27
Dinorado,Sandy Loam,Wet,Direct Seeded,86.72175969262034,24.487156819788623,302.49418043379,60.0963116880608,4.50192824315997,4.47
NSIC Rc 160,Clay Loam,Dry,Transplanted,106.45559409474015,23.68106861206134,91.78438578544139,69.31433869338568,3.762879505177115,4.22
NSIC Rc 222,Clay,Wet,Direct Seeded,95.16307706978205,29.34325313494999,323.91040197889754,85.99718931941976,4.139495255576971,5.22
NSIC 218,Sandy Loam,Dry,Direct Seeded,66.44374794950033,27.38096935472837,142.2672772260206,70.00729183788874,2.951489823210103,4.97
Dinorado,Clay,Wet,Direct Seeded,123.48412131962374,24.161853323786676,379.5272425085355,67.59558999997385,3.1524498794131928,4.7
Dinorado,Sandy Loam,Wet,Transplanted,106.80359949995034,25.100000112115453,346.42052044400776,76.30610887326665,3.3592252812000183,4.27
NSIC 218,Silty Clay,Dry,Transplanted,154.23306287109202,31.666536713277424,148.4928019913137,62.361902953262174,3.6545383545232433,5.43
NSIC Rc 222,Clay,Dry,Transplanted,172.63918204273193,30.486795647085565,24.232170960699513,75.94815394951198,5.246565984978954,6.0
NSIC Rc 160,Clay,Wet,Direct Seeded,131.6374571743458,30.799467428731283,204.90949785872618,69.10997394726564,3.602707074895471,4.25
Dinorado,Silty Clay,Wet,Transplanted,54.82946331310053,26.60012097080708,356.474067323024,71.49308669623163,4.071505721158663,4.66
NSIC Rc 160,Clay,Dry,Transplanted,142.83835343520823,28.238072639208752,126.80489968593444,83.74095013011434,2.9860784842535266,4.17
IR64,Sandy Loam,Dry,Transplanted,58.30860950314088,25.767677402044114,63.49630918621483,79.85892055842355,4.707919603156212,4.54
NSIC Rc 222,Clay Loam,Dry,Direct Seeded,142.45344853985375,22.777119756888904,93.2760188687858,73.38318279371529,4.180842547200104,5.73
IR64,Clay Loam,Dry,Transplanted,152.7544923903783,26.010693106567825,62.50673105373437,77.32548939254818,3.819722373950116,4.51
IR64,Silty Clay,Wet,Transplanted,79.66514414262777,27.93980753207145,180.5199194037739,83.00576265960687,5.3415593966745805,4.46
IR64,Sandy Loam,Wet,Transplanted,172.90192230826565,24.871442707681314,305.5496464187674,82.37351235588565,5.17195253242551,4.94
NSIC Rc 222,Clay,Wet,Direct Seeded,186.6627697361073,30.479505747274157,370.6884520614858,65.55965131653535,4.478533817033492,5.29
NSIC Rc 222,Clay,Dry,Direct Seeded,171.96304461707297,23.511001591745988,66.15626879167093,69.02757665997615,5.265437218469581,5.45
NSIC 218,Clay Loam,Dry,Transplanted,95.76637853181232,25.6712908943692,32.24005503791562,70.44710792898076,4.194345384799218,5.25
NSIC Rc 160,Clay,Wet,Transplanted,137.99645186684518,23.24903905324203,175.280513553726,65.62626870015013,4.9808114551458,5.1
NSIC Rc 160,Clay Loam,Wet,Transplanted,187.22227237868415,26.048321339852254,362.42316332756513,60.36484362018913,3.7283804925555586,4.87
NSIC 218,Silty Clay,Wet,Direct Seeded,98.09970893342748,22.396613049742705,349.6551835575614,65.21901806366436,2.760232574043843,4.45
NSIC 218,Clay,Wet,Direct Seeded,173.00417333981375,24.725493950616453,275.9438584597677,84.24732981244462,5.482445768587329,5.23
IR64,Sandy Loam,Wet,Transplanted,51.42126968925448,26.007352551136837,227.22440057385103,76.37761354177414,2.9968945624797176,4.17
NSIC 218,Clay,Wet,Direct Seeded,50.54700541770144,26.781653632766915,251.35955701788595,70.24974080961542,3.2545301177769677,5.09
Dinorado,Clay Loam,Dry,Transplanted,163.95674905084513,27.436963584751417,90.18730417990122,78.25033336888394,2.9893101682745185,4.93
NSIC Rc 160,Silty Clay,Wet,Direct Seeded,164.21713731906817,24.74991129789919,392.164533925053,82.19502376040376,3.512438553936235,4.66
NSIC 218,Clay Loam,Wet,Transplanted,168.34657817784407,27.230413346148723,200.4243890379616,70.63283349062588,3.3678404011790164,5.83
Dinorado,Clay,Wet,Direct Seeded,189.50402568322434,27.090046215620596,294.90107195747385,73.98224524604923,4.3033067456477045,4.51
Dinorado,Clay Loam,Wet,Transplanted,67.68594677304263,25.161780508762085,170.81018696967095,61.926396500103465,5.489380043257853,4.87
Dinorado,Clay Loam,Wet,Direct Seeded,84.79774774755325,30.30200330656478,204.47326604729307,77.91271608637437,2.6575271664567053,4.47
Dinorado,Silty Clay,Wet,Transplanted,185.55873805607115,27.45641126593565,340.82909701863014,70.69221286656554,4.835329339879966,5.34
IR64,Sandy Loam,Wet,Transplanted,76.58542966585301,25.32269718746545,225.6497600901318,73.00570942802364,2.8839757732194595,4.15
Dinorado,Clay,Dry,Transplanted,152.3343901364876,31.473385120807762,86.54023243226146,72.67801853840774,2.5595050738966467,4.39
IR64,Silty Clay,Wet,Transplanted,129.5694500061223,30.451124130711612,396.4415176406836,78.97227866227628,4.415730460347085,3.69
IR64,Sandy Loam,Dry,Direct Seeded,62.479051527726085,31.82587811551801,36.50981039537598,77.17396046863442,5.1199456866081015,3.77
Dinorado,Clay Loam,Dry,Transplanted,92.78954929122992,28.92233874645421,85.84226010675181,72.66318143329704,3.028895519945186,4.45
NSIC Rc 160,Sandy Loam,Dry,Direct Seeded,128.05583246614518,25.78222905506047,146.23426356835205,60.50865064472186,3.524841353925842,4.45
Dinorado,Clay Loam,Wet,Direct Seeded,177.8525175025751,24.808606666790123,275.20426077346,78.62887843894137,3.0062506126692314,4.86
Dinorado,Clay Loam,Wet,Transplanted,156.13077344220105,28.63317843674481,279.1348313269357,86.38732422102981,5.219522707908752,5.53
Dinorado,Silty Clay,Wet,Transplanted,143.28247421823994,31.808165824953036,159.0786848339338,83.08654714781693,3.3110812972543675,4.45
NSIC Rc 160,Clay Loam,Wet,Transplanted,124.40493349121222,28.26715080103849,389.1316873943165,89.44846896750246,3.8341386742183072,4.07
NSIC Rc 222,Silty Clay,Wet,Transplanted,94.80259757212013,30.81614940989838,193.5583602211045,64.1722601406214,5.184223828849235,5.67
NSIC Rc 222,Sandy Loam,Wet,Direct Seeded,67.88673669788918,25.291034310477684,284.5851497026107,66.67560158363561,4.158607611288016,5.15
IR64,Sandy Loam,Wet,Direct Seeded,111.36140518491433,26.069537824742557,248.9186524896829,76.17802395665937,5.298549402306118,4.31
IR64,Clay Loam,Wet,Direct Seeded,54.27777408669389,31.062752395893533,253.89617518615142,67.07645107031419,5.279351243941117,4.42
NSIC Rc 160,Silty Clay,Wet,Direct Seeded,81.65838339002758,29.568667019578186,310.8250415090271,61.0364934384507,3.884803059681163,4.09
NSIC 218,Clay Loam,Wet,Transplanted,114.87250638089897,31.814103203679057,315.52216927311935,72.06864828491838,4.247147838200112,5.67
NSIC Rc 222,Silty Clay,Dry,Direct Seeded,112.79077785078726,29.74764209732242,110.01720341953056,68.62934202461948,3.190942821138811,5.31
IR64,Silty Clay,Wet,Transplanted,56.64431464954886,26.485157072182318,188.5721537145242,67.91282536976648,5.47160745640349,4.36
NSIC Rc 222,Silty Clay,Wet,Transplanted,138.35902302879367,27.31068019822363,274.89666328047304,88.59518451072745,3.334949981235385,5.66
NSIC Rc 160,Sandy Loam,Wet,Direct Seeded,132.45263837798544,31.005154924631366,347.61936228546426,67.15362348796349,4.8499209639428535,4.45
NSIC Rc 160,Silty Clay,Dry,Direct Seeded,61.71564560313693,27.516467360980478,77.33755834166926,63.882977135621935,3.438907180465678,3.76
NSIC 218,Sandy Loam,Wet,Direct Seeded,191.4744578690659,24.55397374164445,260.8216208880574,63.75957773723553,3.4391267862693553,5.57
NSIC 218,Silty Clay,Wet,Direct Seeded,64.90741684262902,26.356198127699493,191.45111770664502,84.18972220465588,2.8115887801028383,4.99
NSIC Rc 160,Sandy Loam,Dry,Direct Seeded,178.2251226856004,27.16315988849118,138.25175798139253,81.4454422358022,4.1796874323897395,4.53
IR64,Clay,Wet,Direct Seeded,50.04645978725089,22.967198335511295,228.30423578917265,63.884585867011864,3.234497014384628,4.11
NSIC Rc 222,Sandy Loam,Dry,Transplanted,182.34216425680748,29.437626742528902,90.54400991074282,66.59259356582359,2.945184273272856,5.57
Dinorado,Sandy Loam,Dry,Transplanted,52.957959830646885,23.09353933354973,28.906719821892473,82.42029025330591,3.1800000835502003,3.87
NSIC 218,Clay Loam,Dry,Transplanted,163.67180478381738,26.049177133688055,86.6513506937439,68.23849193503843,3.25327947119209,5.52
Dinorado,Silty Clay,Dry,Direct Seeded,104.25362169503794,30.046224415404048,35.33623615122149,89.44626225472057,4.012250368358458,4.2
IR64,Clay,Wet,Transplanted,160.73252002044796,26.67570361613297,203.09489102626753,76.21710199862727,3.657769109666687,5.38
NSIC 218,Clay Loam,Dry,Transplanted,110.26178081374678,30.420155197185082,117.4506774246744,65.76023911230264,2.72647084306588,5.37
Dinorado,Silty Clay,Dry,Transplanted,60.63618834977626,25.418813220561148,145.40439000125917,85.76425363538199,4.108085748687583,4.55
IR64,Clay,Wet,Transplanted,165.12600430930462,31.576362939984357,181.45436697870926,69.58426637691706,4.863242354766294,4.54
NSIC Rc 222,Clay,Wet,Transplanted,60.687902798204746,24.094684318052355,244.39528185883844,68.66422065193133,4.222705482681986,5.01
IR64,Clay,Wet,Transplanted,188.3180653941827,22.382641449893015,285.2340607995188,69.82323700354496,5.423620756755312,4.74
NSIC 218,Silty Clay,Dry,Direct Seeded,57.646105368749204,30.724265429904186,60.514601836066234,83.04591744669113,2.7974506244334143,4.36
NSIC Rc 160,Clay,Wet,Direct Seeded,121.89879166572732,29.522027159504084,168.18788131915795,65.19638849147844,4.963457010274328,4.55
NSIC Rc 222,Clay,Dry,Direct Seeded,158.45516462761935,24.31983837067373,70.88850321752723,71.45357340782815,4.017078009692,5.04
Dinorado,Clay Loam,Dry,Transplanted,108.98696971880565,31.847416071366737,69.00950535740822,60.92498318353231,4.0647855326356845,4.48
NSIC 218,Sandy Loam,Wet,Direct Seeded,82.5850211888652,27.02280129268528,300.95584305704585,84.79879852048823,4.057299803948645,5.6
NSIC Rc 160,Silty Clay,Wet,Direct Seeded,163.86364420940407,31.510654401441634,398.25611004240193,70.22156298921016,3.475956483722915,4.02
IR64,Sandy Loam,Wet,Transplanted,167.64420571830897,27.05028771386999,391.0312330050209,67.44518759425124,3.473665042720757,4.27
NSIC Rc 160,Clay Loam,Wet,Direct Seeded,188.40424759315508,26.71874586771291,357.2933704997897,77.39679727126497,4.395533519927428,4.68
NSIC 218,Sandy Loam,Wet,Transplanted,106.42476656466165,26.49138537144465,216.58527820060075,81.14975651254126,2.634295256149349,5.38
NSIC 218,Clay,Wet,Direct Seeded,125.93776017459903,25.3487527613295,155.60189911984182,84.3868811154883,4.26635813590541,5.94
NSIC Rc 160,Clay,Dry,Transplanted,104.4692664269108,27.337014971765516,49.941996611283464,70.43354836497204,4.673772154632746,4.47
IR64,Silty Clay,Dry,Transplanted,88.56227327770523,26.52554661948568,121.18519508300835,84.36902550447209,3.568978880426254,4.07
NSIC Rc 160,Silty Clay,Wet,Direct Seeded,162.6549442306413,22.36746876623554,358.38542572071276,73.94643001114375,3.1520708183789,4.03
NSIC 218,Silty Clay,Dry,Transplanted,100.94777675254332,24.604352334235024,96.48196658457942,63.03426802635675,3.1401607381687136,5.2
NSIC 218,Clay Loam,Dry,Direct Seeded,114.2224162988528,24.131228001055582,18.967217959918344,85.38922448147338,2.745518960033698,4.91
Dinorado,Silty Clay,Dry,Transplanted,110.55104864360418,30.674356023210663,127.43288690323897,76.42904346313843,2.7691579576192247,4.69
Dinorado,Clay Loam,Dry,Direct Seeded,156.89918384701187,27.988699772268415,36.19235236144902,78.07408715842156,3.000063604583778,5.06
NSIC Rc 222,Clay,Dry,Direct Seeded,187.66934391660197,29.636831004497274,147.08116263927695,88.12473809084206,2.5575187151592615,5.44
NSIC 218,Sandy Loam,Dry,Transplanted,150.01340919610658,31.568260377492805,62.73283946035921,76.77454454817766,3.298706222572553,4.94
Dinorado,Clay,Wet,Direct Seeded,120.73738941413488,28.4403927252641,163.9300579946783,60.16750592033967,3.4192054877438802,4.21
NSIC Rc 160,Clay,Wet,Direct Seeded,166.88076721083252,31.826099914047443,201.4070203676926,86.11847523009308,5.485663760068393,4.84
IR64,Clay,Wet,Direct Seeded,146.14569861832064,25.117640516521295,286.11330386169607,68.5425324097038,5.475063212968376,4.33
NSIC Rc 160,Silty Clay,Dry,Transplanted,59.09155356767202,23.862671823128938,96.30295060104532,75.05300762352012,3.0611465405112543,4.23
IR64,Silty Clay,Wet,Transplanted,64.34953796282625,26.033098879929113,194.5945097859109,66.14659807684261,3.139096474290773,4.19
Dinorado,Silty Clay,Wet,Direct Seeded,55.687541611045,26.70799414935808,358.44708282466047,68.90950705364921,3.9757191116812978,4.78
NSIC Rc 222,Sandy Loam,Wet,Direct Seeded,118.52244893094797,30.95361542852585,344.2899240649573,80.59946544201102,2.9463530012131303,4.7
NSIC Rc 160,Silty Clay,Dry,Transplanted,173.87801515084473,27.599404390366765,20.895306645444258,72.88720053113742,4.012118224474575,4.94
NSIC Rc 160,Clay Loam,Wet,Transplanted,96.96247540270281,24.92180999418017,338.94237643431245,78.81391891744161,3.698169114415223,4.52
NSIC Rc 160,Clay,Dry,Direct Seeded,107.62402746387225,29.42634282867521,58.252858456369935,84.70727073938852,3.4738686731496173,4.17
IR64,Sandy Loam,Wet,Transplanted,186.4215662551836,27.05831937139071,354.03190397439414,70.22466066559035,4.9678155124293255,4.56
Dinorado,Sandy Loam,Wet,Transplanted,175.53551679749825,23.621319452751703,204.92544506615303,77.05020114978123,4.984353099979173,5.36
NSIC Rc 160,Sandy Loam,Wet,Direct Seeded,149.75721685738398,27.76819787591252,332.22309403743736,83.32763680119409,5.46366840095118,4.68
NSIC Rc 160,Sandy Loam,Dry,Transplanted,90.02056731383769,31.11394536807284,122.3295540305094,81.45369578308124,3.169264342244747,3.64
NSIC Rc 222,Sandy Loam,Dry,Transplanted,67.55622240326653,30.4262261747582,76.80918887345618,76.19530307945553,5.1648324914312385,5.86
NSIC Rc 222,Clay Loam,Dry,Transplanted,52.408823402017056,27.86809972635331,136.6444876961632,71.50150532182066,4.113537789021793,5.53
Dinorado,Clay,Dry,Direct Seeded,66.05160089066314,25.770831738849882,90.519381747113,72.22505943699052,4.2743782939970565,4.81
Dinorado,Sandy Loam,Dry,Transplanted,93.88946654359142,22.869787510642112,140.00010735540468,72.99405635988796,5.188879642997579,4.73
NSIC 218,Clay,Wet,Direct Seeded,132.76850953692434,26.69648923331624,238.82037564794118,70.46536586838455,5.32789238913496,5.94
NSIC Rc 222,Silty Clay,Wet,Transplanted,59.600012412858035,29.520794375295793,316.71118989209987,80.97226904669094,4.680433773101912,5.26
NSIC 218,Sandy Loam,Dry,Transplanted,70.43416674776735,25.602737197330107,147.56538698175785,63.76245756815489,3.5435272958053714,5.29
IR64,Sandy Loam,Dry,Direct Seeded,77.16210534619115,24.354468255516643,73.54523833255863,89.02362362151831,3.969003969005516,3.92
NSIC 218,Clay,Wet,Direct Seeded,144.79731394749592,31.313797192709536,180.5054321577937,83.3695650591462,4.34516159216233,5.24
NSIC Rc 160,Sandy Loam,Dry,Direct Seeded,142.36846984701867,30.215557004579924,89.12192016089313,68.94489156500322,4.98592011695829,4.17
NSIC 218,Sandy Loam,Wet,Direct Seeded,132.61485895582294,28.38275619420145,326.39664501612873,61.27642707811907,4.473843116132667,4.52
Dinorado,Sandy Loam,Dry,Transplanted,87.57521370439093,23.367833439205192,126.88889005517777,81.33909517136779,3.596342850062869,4.29
IR64,Clay Loam,Wet,Direct Seeded,105.66795368280981,23.44908840406173,393.0269319751949,82.03077134909499,3.7536413540808833,3.98
NSIC Rc 160,Clay Loam,Dry,Direct Seeded,64.50345745066146,23.03219591455779,41.014620775013825,88.9086783158273,2.6513131061178243,3.26
NSIC 218,Sandy Loam,Dry,Direct Seeded,83.96909056370824,28.16296666892743,130.62814032935535,67.61116672725495,5.272803581311408,5.04
IR64,Clay Loam,Wet,Transplanted,184.65578397088706,23.15562796473336,160.90009132967907,62.48175270612671,2.7643570399884796,4.11
IR64,Silty Clay,Wet,Transplanted,196.95376196537427,30.426271988626333,173.45722529177118,87.45404273155299,4.239792372056634,4.84
NSIC Rc 160,Sandy Loam,Dry,Direct Seeded,147.1489378460442,31.92965001819322,92.86881965281775,67.75947103838325,5.114955643716465,4.08
NSIC 218,Silty Clay,Dry,Direct Seeded,187.52349380351302,25.66348184708665,111.57001895383355,81.64594341971646,3.7625957485450217,5.83
IR64,Clay,Wet,Direct Seeded,146.41128506021374,26.536698469670974,180.90919183450347,61.81978913483034,4.900376462534115,4.9
IR64,Silty Clay,Dry,Direct Seeded,54.97947291582048,29.116671769856787,21.17956317288233,82.81754414928501,4.911448238908886,3.95
NSIC Rc 222,Clay,Wet,Transplanted,199.51438774796136,31.37153006325766,257.6409762353253,63.810776914114214,2.679538115758741,5.79
IR64,Sandy Loam,Wet,Direct Seeded,64.84284525298024,30.94093773556385,222.69504623326344,80.8675904412481,3.736431177192165,3.71
NSIC Rc 222,Clay,Dry,Transplanted,152.3962702167591,22.575918287498485,117.26627568347651,75.97029143560215,4.573076460061131,5.56
NSIC 218,Clay,Wet,Direct Seeded,87.9254304612185,23.69071802556765,351.73003838517343,88.66464391401782,3.767060527206649,4.99
NSIC 218,Silty Clay,Wet,Direct Seeded,108.79716693604402,29.54597198557792,268.4468098002404,61.107529292320294,4.135501744538068,5.42
NSIC 218,Silty Clay,Dry,Transplanted,146.89012772014075,28.888931080324472,53.51016664031218,68.76146237400174,4.28337371381992,5.65
Dinorado,Silty Clay,Wet,Direct Seeded,115.47310239615605,23.33218594040123,271.1343356721381,62.085267520027315,2.9536881301937274,4.23
NSIC 218,Sandy Loam,Wet,Direct Seeded,87.58190883966924,27.020645820015677,329.2595253313384,86.37592905719157,3.7359436184455896,5.0
IR64,Sandy Loam,Wet,Direct Seeded,100.16692803174871,29.808146310852955,240.49224563393642,77.81703460983323,2.5853896650506973,3.7
NSIC Rc 160,Silty Clay,Wet,Direct Seeded,101.23221753847645,24.187806822626936,238.3018118551159,76.04908837073697,2.9488782495860333,4.31
NSIC Rc 222,Sandy Loam,Dry,Transplanted,193.89858567623205,30.712876357346662,122.73251875897787,63.94373676348929,4.036762190129496,5.4
Dinorado,Sandy Loam,Wet,Direct Seeded,169.79195238851764,22.52971774820368,339.2315969068701,74.67096771939153,4.220757993816431,3.98
NSIC 218,Clay,Dry,Direct Seeded,118.78231572191001,29.82195085068074,81.28135536237896,71.96110965527447,2.938703219774987,4.42
NSIC 218,Clay,Wet,Transplanted,79.97313805120461,28.1581889978987,345.01043645919117,69.4725560441707,4.766857810637261,4.77
NSIC Rc 160,Silty Clay,Dry,Direct Seeded,171.6524165393984,25.15199346654349,48.44600687418864,83.16566866495783,3.618963663612978,4.71
NSIC Rc 160,Sandy Loam,Wet,Transplanted,73.57737074125603,29.209325483419114,153.59969313320488,61.83828119500334,5.261949786483016,4.75
Dinorado,Clay,Dry,Direct Seeded,81.56933257130052,29.823657951511596,143.38635758303158,79.40057182086605,3.6629881699162197,4.1
NSIC Rc 222,Clay Loam,Wet,Direct Seeded,104.90200877602267,31.338989713039695,185.94761896018326,84.68979093606634,2.9494329292978136,5.25
NSIC 218,Sandy Loam,Wet,Direct Seeded,182.0522293777985,25.677746721542636,203.27454528711996,87.21921848580973,4.773911376042273,6.16
Dinorado,Clay Loam,Wet,Transplanted,69.76800029511654,28.860167359799547,237.90011718946909,82.37749784266231,4.2034024013179865,4.9
IR64,Silty Clay,Wet,Transplanted,68.3351289281789,28.02616276934691,222.86202085798828,68.47367036574647,3.660064504732467,4.89
IR64,Sandy Loam,Dry,Direct Seeded,124.0962482457899,27.252060694570886,117.1087356796099,78.0152238157111,3.5678714902967847,4.27
Dinorado,Silty Clay,Dry,Transplanted,91.46158116405121,30.904164741550378,147.99605034231058,64.24210832743066,2.952306920671813,4.3
NSIC 218,Silty Clay,Wet,Direct Seeded,135.30919124722396,22.031673141384005,317.1300120970691,63.51181871234328,3.522503882398034,4.65
Dinorado,Silty Clay,Dry,Transplanted,117.74550270248352,24.821116061035976,61.02578577770853,79.15872426415544,2.5880324229350053,4.49
NSIC 218,Silty Clay,Wet,Direct Seeded,115.24386595268253,27.3827723954483,357.03380845073957,85.53322963752609,4.007205742227313,5.43
NSIC Rc 160,Silty Clay,Wet,Transplanted,66.795945573049,23.782932616365525,198.02174558900606,62.017443770988564,5.190171225441208,4.58
Dinorado,Sandy Loam,Dry,Direct Seeded,71.15745353747602,31.078665337327582,100.89074869582942,63.18011196399896,4.885992388645981,4.25
NSIC 218,Clay Loam,Dry,Transplanted,173.16178661702753,28.475951176130152,95.62241490092174,76.9682192228807,2.585563591612643,5.77
Dinorado,Sandy Loam,Dry,Transplanted,182.88241063576166,26.7788299463199,106.25794374963242,66.54635583058021,5.143780978804697,5.49
Dinorado,Sandy Loam,Wet,Transplanted,85.20252993278754,30.147017590666543,290.7450151504871,78.35454368332944,3.85697448664766,4.5
NSIC 218,Sandy Loam,Wet,Transplanted,67.01907522871537,26.50886191465104,241.954062770259,66.4363147576602,3.0726743962464833,5.06
NSIC 218,Clay,Dry,Direct Seeded,58.01250079017659,27.586530119300093,15.364319245786316,63.494459229181786,4.757235865646162,4.92
NSIC Rc 222,Clay,Wet,Direct Seeded,141.24464206128454,22.02750995553921,276.44446876151545,76.36724946494482,3.4686206505311388,5.42
Dinorado,Sandy Loam,Dry,Transplanted,157.30298187503084,25.657005301950736,50.84070534283237,85.86585414097857,3.2599552694105585,4.57
IR64,Clay Loam,Dry,Direct Seeded,105.92149838048083,23.3879047235097,137.307260330713,80.55365916451589,2.983955220344643,3.64
Dinorado,Sandy Loam,Dry,Transplanted,151.95138012359592,28.89688680662291,69.33480768211176,84.56175412607894,3.9598657207006682,4.72
Dinorado,Silty Clay,Dry,Direct Seeded,156.94382233392892,26.790269589757337,144.49011507141662,67.99005523170145,2.780181998648336,4.79
NSIC 218,Clay,Dry,Transplanted,190.3013422095358,25.01757557250231,39.890444170296604,86.57935953891078,4.85683938734136,6.03
Dinorado,Clay,Dry,Direct Seeded,59.73104567526609,26.678323393717424,149.6393562873525,71.31117523728813,3.912023729999233,4.26
Dinorado,Sandy Loam,Wet,Direct Seeded,78.84375848466198,24.096298879513462,305.18946044584845,85.5734300357098,3.8409292504567607,4.35
IR64,Sandy Loam,Wet,Transplanted,60.27889813954822,31.250866324861406,373.3999546705028,74.13526770446178,2.5055618694445627,3.5
NSIC 218,Clay Loam,Dry,Transplanted,180.1990900004166,22.53972632550913,107.66132725433452,68.03572942081489,4.953591580925684,5.57
Dinorado,Clay Loam,Dry,Transplanted,168.88807400503526,30.654170352961202,118.69507936930829,67.80776493080378,3.978511177114761,5.31
NSIC Rc 160,Silty Clay,Dry,Transplanted,136.19631059327585,27.11358788733351,65.56056410835501,77.03003653093958,3.8196835594040435,4.64
NSIC Rc 222,Sandy Loam,Wet,Transplanted,62.54951150767747,28.189464961388172,198.0731669568202,62.37030810620537,4.784154655853172,5.58
IR64,Sandy Loam,Dry,Direct Seeded,90.99685379805794,25.026056209087038,136.9811369764869,87.90168583765526,2.6886956473022825,4.15
Dinorado,Sandy Loam,Dry,Transplanted,94.65797720877754,31.66697616794321,86.36480613420709,68.14390487095608,3.600041368285611,4.57
NSIC Rc 160,Clay,Dry,Direct Seeded,134.11147940231257,24.8185095851949,105.33137323144891,70.06874453537566,4.2272018726612695,4.12
Dinorado,Silty Clay,Wet,Transplanted,88.70658410550732,27.888779971403043,171.75164676401508,66.99904661223698,3.8817326882175633,4.59
Dinorado,Clay Loam,Dry,Direct Seeded,60.94397958694323,31.934167051071288,23.27315798708004,60.09023881682164,3.044916669633923,3.94
NSIC 218,Clay,Wet,Direct Seeded,159.61434527799491,30.810943963834458,306.8029797613381,80.77650710426394,3.397829523040935,5.09
NSIC 218,Clay,Wet,Transplanted,94.8620317483117,27.36329825286106,248.5327121931566,77.7165870310267,3.4006016729428987,5.31
NSIC 218,Clay,Dry,Transplanted,117.85612655349509,31.90374522967212,98.43529812500508,84.28933620591347,5.475912408295681,5.63
NSIC Rc 160,Clay,Wet,Direct Seeded,69.1499952473458,29.013698617326146,190.72567332324715,61.230323203529416,3.4785913564199467,4.03
Dinorado,Silty Clay,Wet,Direct Seeded,170.38224550918693,24.087004161418093,179.27179183871118,87.8596693419996,3.115546187626897,4.87
NSIC Rc 222,Sandy Loam,Wet,Transplanted,134.82978153860864,26.055962104358066,289.72744671850745,69.92660820181096,4.96791145931244,6.28
IR64,Clay Loam,Dry,Direct Seeded,185.23784393147943,25.34493334011551,133.07105835670194,87.39209587517382,3.763513765010826,4.46
NSIC 218,Clay Loam,Wet,Direct Seeded,124.32073445980001,25.440137082711892,225.11764863204888,63.213944462026184,3.831591083461152,4.94
NSIC 218,Clay,Dry,Direct Seeded,191.21385077268195,29.604564393598665,34.95965195023833,82.31761744408924,4.146667190487212,5.22
Dinorado,Clay,Dry,Direct Seeded,183.7802306571989,27.842629272727937,113.28163084887845,77.3807469429698,4.287067591787535,5.06
Dinorado,Silty Clay,Dry,Direct Seeded,136.4689784688851,22.380927115895286,13.556106259251637,70.74573645757752,4.271666801231019,4.58
NSIC Rc 160,Clay,Wet,Direct Seeded,190.0840157224795,30.77448483650976,399.35659489649447,62.37427187799058,2.6034991672331316,3.9
NSIC Rc 160,Clay Loam,Dry,Transplanted,98.46331209418284,24.967961404801645,139.66842231875265,78.14209529540221,4.956527298693858,5.08
NSIC 218,Clay Loam,Wet,Transplanted,104.8463244056317,31.970748769131436,251.47520483267851,60.79319649221739,3.0845584572245137,4.75
Dinorado,Sandy Loam,Wet,Transplanted,56.82169269590554,31.541907303347855,203.07165219129567,75.03846297438022,3.3770263833515823,4.44
NSIC Rc 222,Sandy Loam,Wet,Transplanted,138.38013601457794,31.405307166819654,307.2122612793195,78.12625727380964,3.0202885600620264,5.33
IR64,Clay Loam,Wet,Direct Seeded,158.28859548934003,30.111276040639737,211.0637224226267,81.97571241862566,4.801229972607633,4.92
Dinorado,Clay Loam,Dry,Transplanted,166.02787853631548,24.206133316835427,147.60839624436608,89.74003902674538,4.250973977876258,4.71
Dinorado,Silty Clay,Dry,Direct Seeded,72.47244290691549,27.32632744028782,59.58520935173322,67.80281140523294,4.765888458256153,4.68
NSIC Rc 160,Silty Clay,Wet,Direct Seeded,116.62386084687505,24.243026268249746,273.52151080779026,69.67169464120425,4.460195216287901,4.29
IR64,Clay Loam,Dry,Transplanted,76.52948181408735,24.596754555889493,24.99033896014688,70.23436040426976,2.8124759032582056,4.26
NSIC 218,Clay,Dry,Transplanted,149.31910232813732,28.109517694362772,102.2006915428403,81.94748135576505,3.4044993275530158,5.29
Dinorado,Sandy Loam,Dry,Direct Seeded,73.69195586326522,22.408335453530633,14.17683198064707,87.95457804768341,4.021795478770364,4.11
NSIC 218,Clay Loam,Wet,Transplanted,185.62455259341124,31.694585668207075,270.6440459302519,89.22971248744676,3.414835094294091,5.23
Dinorado,Clay,Dry,Transplanted,84.595196849212,31.186731725779644,77.54807938160614,88.37434099674388,3.121911713218349,4.33
NSIC 218,Clay Loam,Wet,Direct Seeded,93.71033994323673,25.807675721577198,263.3894074289343,86.38149023145729,5.109435907199799,5.32
IR64,Sandy Loam,Dry,Direct Seeded,177.63594832264994,27.154224480069132,48.04908451930411,89.72932121461893,4.7433510256461275,4.47
NSIC Rc 160,Sandy Loam,Wet,Direct Seeded,118.77014152185856,26.66119419267759,349.0214240673937,71.27837180503491,3.53566018166253,3.73
IR64,Silty Clay,Wet,Direct Seeded,53.599391870010955,30.8219977861747,204.153250366546,88.44963959996119,4.795037087886696,4.19
NSIC Rc 222,Silty Clay,Wet,Direct Seeded,124.18793768039687,28.88601876316111,376.07682626761755,82.83059887187736,4.382615855335684,5.16
NSIC Rc 160,Silty Clay,Dry,Direct Seeded,62.68150030701845,24.781112474243564,76.26746755340277,65.05379578583936,2.5113572008971903,3.49
IR64,Silty Clay,Wet,Transplanted,197.8017078030966,26.46841254465297,347.83512580338356,61.36395563631607,3.640786078034905,4.3
NSIC Rc 222,Sandy Loam,Dry,Transplanted,138.21673556834037,26.289659756867636,12.558572063369978,66.43451873610967,3.3714624975829914,5.32
Dinorado,Clay,Wet,Transplanted,88.47989264164677,31.593351682839184,233.28059106083094,83.36253372862879,3.1537258651176905,4.58
Dinorado,Clay,Dry,Direct Seeded,134.55765193214268,23.753109105146397,17.225705629898904,78.95090643677652,3.2547681822125347,4.38
NSIC 218,Clay,Wet,Direct Seeded,61.530065507263224,22.89576337294429,195.15062657003463,66.73068772040055,5.327094539726568,5.33
NSIC Rc 160,Clay Loam,Dry,Transplanted,169.98369564032254,30.8061883216169,12.236616038073526,82.25764363414078,3.9589512039746118,4.14
Dinorado,Silty Clay,Wet,Transplanted,188.79920807962455,30.96685989505871,219.88375612668534,64.23966718314608,5.0431261546723585,5.3
NSIC Rc 160,Silty Clay,Wet,Transplanted,181.16665823092393,30.717390879121645,233.1590617272696,84.65524181576083,3.142651456458948,4.47
Dinorado,Sandy Loam,Wet,Direct Seeded,101.26364034478442,27.109769156255563,289.2332922017617,83.82482927912196,3.023211398937845,4.76
NSIC 218,Sandy Loam,Dry,Transplanted,98.86521794650528,28.597444282694603,96.67846180659596,89.17727912118146,5.16636876494173,5.59
IR64,Clay Loam,Wet,Transplanted,55.263141682444996,27.633630475609838,161.59204220341255,64.50838693887954,3.9871140573474033,4.21
NSIC 218,Clay Loam,Wet,Transplanted,147.7100538051375,22.69447826054401,378.5897824630133,87.19838983243801,5.185456375937239,5.63
NSIC Rc 222,Clay,Wet,Direct Seeded,130.23571762846925,27.958348969007226,174.66871416527775,70.23307991165515,2.6890865586138246,5.69
Dinorado,Sandy Loam,Wet,Transplanted,118.90195569910121,22.136141472561008,219.8183485250087,72.48179594385935,5.249306566528923,4.54
NSIC Rc 222,Silty Clay,Dry,Transplanted,186.14464300020606,25.24987409557086,88.41300847452919,74.05335188660308,3.746335949026669,5.52
NSIC Rc 222,Clay,Wet,Direct Seeded,75.18183516242695,31.32292575873167,177.32185948824164,78.80712159607668,2.9661114622655433,4.78
NSIC Rc 160,Silty Clay,Wet,Direct Seeded,51.44994000352735,25.040452696358077,214.16820663141505,89.84290110354128,4.550148068305582,4.68
Dinorado,Clay,Dry,Direct Seeded,60.997467818114814,31.39826642644248,42.64211979512462,77.998764091657,4.890708049882771,3.91
NSIC Rc 222,Silty Clay,Dry,Direct Seeded,83.50571567410533,24.501339571492444,100.53003804656298,87.80147595121221,2.642124182744201,5.57
IR64,Clay Loam,Dry,Direct Seeded,54.99283238951854,25.145622404615324,133.7890159652965,67.65084606254169,5.461587923256058,3.98
NSIC Rc 222,Clay,Wet,Transplanted,125.42655659647032,28.284074964385535,359.4184546522021,71.9523498544545,4.591080661948541,5.44
IR64,Silty Clay,Dry,Transplanted,97.1135682850367,29.61626972789295,48.82509414365591,75.13498588315743,3.4642059749735328,4.29
NSIC Rc 160,Silty Clay,Dry,Direct Seeded,77.0724512102199,27.01387768004884,126.47913310305825,69.68705969360012,2.953881387086172,4.41
NSIC Rc 222,Sandy Loam,Dry,Direct Seeded,162.51261124229933,30.821156871941554,102.75127904030542,89.3060130889299,3.677594244034644,5.6
NSIC 218,Clay,Wet,Direct Seeded,80.66769893487951,22.40240421610619,303.79395284581057,81.77050661691682,3.1616969816758775,4.85
NSIC Rc 160,Silty Clay,Wet,Direct Seeded,153.14076514906898,31.221948386343705,206.83080627237018,74.36644056547681,3.982459670794287,4.24
IR64,Sandy Loam,Wet,Transplanted,102.38973587714584,23.96307799895408,367.93963244983445,82.53914103629381,4.845678125470982,4.41
NSIC Rc 160,Silty Clay,Dry,Transplanted,126.77416409938319,30.84238745084656,14.734862044217643,74.02327497247954,4.4803911668516605,4.34
NSIC Rc 222,Clay,Wet,Direct Seeded,190.08005597769798,26.008631794863806,350.17801480462117,60.51675982103778,3.8078047143451865,5.64
Dinorado,Clay Loam,Dry,Direct Seeded,55.60274522237192,30.327570558710377,62.52098541612083,76.29580223431009,2.8568317737401485,4.02
Dinorado,Clay,Dry,Direct Seeded,125.03967612161928,28.71665549803695,81.0860102202624,78.75555656283605,5.371470767104021,5.06
IR64,Clay,Dry,Direct Seeded,178.16344404914273,23.75941632478262,112.43788659366099,89.43622256155685,3.3111115763514603,4.35
IR64,Silty Clay,Wet,Transplanted,138.1961372555523,31.180475698814483,338.41232058039515,61.22378544781853,3.3335036376250518,3.59
Dinorado,Silty Clay,Dry,Direct Seeded,91.5305775447735,24.455173904884596,50.19827815547837,75.36290872365402,4.436506665515598,4.63
IR64,Clay,Dry,Direct Seeded,109.65217027175515,24.44140118694999,147.58221468011052,62.94464270125086,4.811528866441308,4.52
NSIC Rc 160,Sandy Loam,Wet,Transplanted,152.0398443092862,30.141788966373806,361.90817459642824,64.46987704712882,5.452458295952049,4.51
NSIC 218,Sandy Loam,Dry,Direct Seeded,183.62178414707046,23.05873255572521,105.83556367071202,78.31390016905428,5.407492781883419,5.53
NSIC 218,Sandy Loam,Dry,Transplanted,56.159956061991736,24.220359063704603,62.19391480301047,66.94703136799492,5.241281572696241,5.18
NSIC Rc 160,Silty Clay,Dry,Direct Seeded,60.73082328355646,27.03677573421062,23.583505470795682,82.47522333885074,3.8059407021500493,3.53
NSIC 218,Silty Clay,Wet,Direct Seeded,98.75772854143813,30.304770286866244,304.91242037957875,75.42596077785818,3.000008979269344,4.75
NSIC Rc 222,Clay,Dry,Transplanted,84.91695266562185,23.474839747372673,35.391486437913386,66.54638655497212,4.253413609859884,5.23
NSIC Rc 160,Clay Loam,Wet,Direct Seeded,89.7396329333609,27.476682345123464,275.3593400528081,74.81375032803194,2.551769516640304,4.1
IR64,Silty Clay,Wet,Transplanted,83.19049979388214,29.112405918029395,243.48375654284735,60.026451807243625,3.0887465169861805,4.08
NSIC Rc 160,Clay,Dry,Transplanted,79.37375732827365,30.605952247159514,78.26508640772192,85.88220130973522,2.507588190384294,4.09
Dinorado,Clay,Dry,Transplanted,69.59359503039377,31.355655602022196,79.25734969417134,60.38035131167288,3.0416077377146165,4.0
IR64,Clay Loam,Dry,Direct Seeded,190.0931197692857,29.846399144689325,117.48062707498948,60.210296774765474,3.924271370188768,4.69
Dinorado,Sandy Loam,Dry,Direct Seeded,71.62841958592296,28.528283982220017,111.66472758011535,78.34511829538941,3.679972933280248,4.54
IR64,Clay,Wet,Transplanted,80.66056621483042,26.336200853127657,205.9410051019246,89.20562777370249,3.6078896947799177,4.8
NSIC 218,Clay,Wet,Direct Seeded,86.93985859711786,23.121101541884197,289.3529144117237,85.67800453061936,4.992858591801587,5.5
NSIC Rc 160,Clay,Dry,Direct Seeded,189.9522309695631,29.097371925255214,38.178225392494426,67.56056737768355,4.524988913937034,4.96
NSIC Rc 222,Sandy Loam,Wet,Direct Seeded,163.35712004016273,31.92737304475487,372.3730864285221,65.90000433443058,5.309295288613318,5.17
IR64,Sandy Loam,Dry,Transplanted,168.4549145473272,29.367605947321,93.29392687815711,78.78336541900366,3.8360232720330174,4.59
IR64,Clay Loam,Dry,Transplanted,65.71373893077471,22.167110937377263,12.887052104004367,84.67913241066232,3.3166890264278552,3.51
Dinorado,Silty Clay,Dry,Direct Seeded,175.44648125235074,26.962599780418387,65.79663591380667,70.8623601270009,2.8680536141000665,5.57
NSIC 218,Sandy Loam,Dry,Transplanted,111.2289622726127,28.14646632482904,116.97473368002481,72.97063771101227,4.516082187055439,5.67
Dinorado,Silty Clay,Wet,Direct Seeded,89.42345393185832,28.89674201102843,298.4954472480813,63.464685410332535,5.02522326541497,4.99
Dinorado,Silty Clay,Wet,Direct Seeded,136.36251252804658,29.197258356007087,379.9017154301592,64.58479263766077,3.051218092785269,4.46
NSIC 218,Sandy Loam,Dry,Direct Seeded,173.32743587251008,27.58108441216524,65.9312030602033,77.05054785078062,5.136258233537609,4.95
NSIC Rc 222,Clay,Dry,Transplanted,166.7978226612364,24.2336033273424,126.98347357219939,63.07968437245311,4.078828605085999,5.69
Dinorado,Clay Loam,Wet,Transplanted,183.4996223871698,31.422006614765465,239.2293423982909,66.06138374387703,2.932241896422856,4.68
Dinorado,Silty Clay,Wet,Direct Seeded,189.21982790231658,28.96666467663662,323.7844931318744,67.04031072035652,4.428589974705265,4.81
IR64,Clay,Wet,Transplanted,85.71831071416244,24.368400368694093,312.1663681156603,73.31773599640891,4.060158224611641,4.27
NSIC 218,Sandy Loam,Dry,Direct Seeded,113.57868412539075,25.223218322702728,146.6617406175394,61.36835892370909,2.584550641938197,5.17
NSIC Rc 160,Silty Clay,Wet,Transplanted,52.1942808807605,31.219276706303695,317.60846101568546,74.99312915078816,3.6977296141798726,3.3
NSIC Rc 222,Silty Clay,Dry,Transplanted,181.898248889759,30.87485186707336,95.0097643779112,87.86023219182245,4.854363978828733,5.87
NSIC Rc 222,Silty Clay,Dry,Transplanted,73.18582272121513,26.051464383580896,30.300570687845926,60.73390983357218,4.166271260266321,5.35
NSIC 218,Clay,Wet,Direct Seeded,179.22122185140415,22.38307221991451,311.2605030601982,78.92954595622396,3.3461233787875915,5.45
IR64,Clay,Dry,Direct Seeded,99.40809829798945,22.48497368893938,63.1548091067575,85.07527095454627,5.285925290147649,4.17
IR64,Clay,Wet,Direct Seeded,105.22003849717073,24.83918290918389,205.41366873427918,69.37382527647532,3.21333711413158,4.14
NSIC 218,Silty Clay,Dry,Transplanted,55.86983817257891,28.291222193389995,11.327669709572524,63.945556350576744,3.2582080207978485,4.96
IR64,Silty Clay,Dry,Direct Seeded,99.03181846479794,27.84194635334562,94.38162933770536,61.30019362827789,3.5639180388407894,3.71
NSIC Rc 222,Clay Loam,Dry,Direct Seeded,183.2545524201896,28.338277869439427,125.01959013633174,79.31709178307408,5.183613583768386,6.22
NSIC Rc 222,Clay Loam,Dry,Direct Seeded,53.83211016824062,29.172829719321065,98.19161104922601,76.56703140687205,4.022876186276549,5.13
NSIC Rc 160,Clay,Dry,Direct Seeded,110.9491209570088,22.190322535927383,120.05207208568298,66.87884965175992,4.546537177677487,3.94
NSIC 218,Clay,Dry,Transplanted,54.70994447191117,23.05085595172443,121.98654981862413,84.94851922895245,5.428792517530842,5.54
Dinorado,Sandy Loam,Wet,Transplanted,105.63851376635975,25.594834518272126,185.89772457078723,82.0651905645703,4.849888890677093,5.13
Dinorado,Clay,Wet,Direct Seeded,75.89609611704367,23.54859997521582,394.65706405801467,68.2928635496035,3.0178003559532796,3.78
NSIC Rc 160,Clay Loam,Dry,Transplanted,87.8327589902558,22.75320042544554,129.1417606704449,82.60089068593902,4.86506178711993,4.24
NSIC Rc 160,Clay Loam,Wet,Transplanted,181.63975597421285,28.40964395997332,161.3237822106253,67.34982640502318,4.745011447678056,5.14
IR64,Clay Loam,Dry,Transplanted,115.40738309328366,30.15336477491099,47.33292961965759,80.25802385599083,3.197850983431677,4.15
NSIC Rc 160,Silty Clay,Wet,Transplanted,91.06969871028683,29.526266574342824,266.9341217570676,63.556351232216386,3.476049492662848,4.33
NSIC Rc 160,Silty Clay,Wet,Transplanted,138.40075669258215,30.17039778609179,256.2700792854655,80.76718389999621,4.63038471958923,4.36
Dinorado,Clay,Dry,Direct Seeded,71.31604397488735,28.658565440578773,131.97759319485908,67.16323256946781,3.2151792822035756,4.09
IR64,Sandy Loam,Wet,Transplanted,88.90874111312837,29.353453218142022,240.00473955376907,77.17408062725141,3.124560607007858,4.01
NSIC Rc 160,Sandy Loam,Dry,Direct Seeded,131.9371951404333,24.71778774208301,101.57315978488873,65.17391600555648,4.6104183163909935,4.34
NSIC Rc 160,Sandy Loam,Wet,Direct Seeded,85.62845627721032,31.930080362841643,345.49596339417735,81.77900842703858,5.141786478459291,3.96
IR64,Silty Clay,Dry,Direct Seeded,151.869160610131,23.83165654493887,50.56157792322817,61.82638723179155,2.72505004786636,3.91
NSIC 218,Clay Loam,Wet,Transplanted,123.72369533892838,24.144938743893825,336.33757207812897,64.96253360408156,3.8377232057743385,5.24
IR64,Clay Loam,Dry,Transplanted,165.79836053820364,24.88921831815847,148.22126009947655,65.5240943961251,4.321525660987024,5.21
Dinorado,Silty Clay,Wet,Transplanted,192.23668035837028,31.75332430106579,376.3062308824851,61.24030757561996,4.528830357496204,5.02
NSIC 218,Sandy Loam,Dry,Transplanted,67.37073340211116,31.88288589353906,143.02553512243367,82.35037548480737,5.488587737124487,5.53
NSIC Rc 222,Sandy Loam,Wet,Direct Seeded,100.19975149768172,29.948937497064975,248.87188154673055,89.42857514219799,4.5480758809501625,5.61
IR64,Clay,Dry,Direct Seeded,97.93235943176099,28.290575985596337,90.42173764889591,83.35193365235047,4.3604623389914625,4.2
Dinorado,Clay,Wet,Direct Seeded,72.67743790058813,27.200625751846133,291.0448819823649,85.81895886367187,5.469202456927006,4.87
NSIC 218,Sandy Loam,Dry,Transplanted,171.54547060002062,31.706208456868456,128.0491729759389,60.18022981014831,2.6820044211345513,5.28
IR64,Silty Clay,Wet,Direct Seeded,163.9818056058185,28.956228028582476,373.0767618355302,63.536098913237794,2.7233106884592946,4.25
NSIC Rc 160,Sandy Loam,Dry,Direct Seeded,122.66382062515986,31.447301283260302,46.60922842078204,76.77061017884587,4.182047579272252,3.76
IR64,Clay,Dry,Direct Seeded,130.66561666919142,25.165507994776238,68.2451795255246,89.33606654382503,3.5759938430487725,4.3
NSIC Rc 222,Sandy Loam,Dry,Transplanted,58.93162070037444,25.337747922695655,35.75604650413672,79.82138793144611,2.790092541241168,5.17
IR64,Silty Clay,Dry,Direct Seeded,133.32610284905684,30.547245941184357,82.81436996809472,71.22410081214232,3.4193466882783716,3.56
NSIC 218,Clay Loam,Wet,Direct Seeded,168.70122860294546,23.498549205852942,398.4620157138461,64.38447916444377,4.523063462222932,5.2
NSIC 218,Silty Clay,Wet,Transplanted,136.07413603757857,31.45927861296076,392.32359059133876,64.58507083147953,5.141844891059891,4.93
IR64,Silty Clay,Wet,Direct Seeded,89.79595551806284,27.074743546634075,329.46096781718353,70.8825960695035,2.7829734299696627,3.85
NSIC 218,Clay,Dry,Transplanted,150.1322408501506,31.264138785836977,79.44020021003314,81.41430592032022,4.120435187452313,5.27
NSIC Rc 160,Silty Clay,Dry,Direct Seeded,104.22326449478714,25.36792788725813,39.793851634619294,60.95457873074732,3.3883466943892655,3.67
IR64,Silty Clay,Dry,Transplanted,131.7309926428603,29.15958904139397,104.19223712025365,85.56532774384915,4.501978489881419,4.51
NSIC Rc 160,Clay,Dry,Transplanted,123.13480449183871,26.828751219726897,26.490641373557754,88.24654307069417,4.14835448337252,4.54
NSIC Rc 160,Clay,Dry,Transplanted,107.17625014477701,28.268036302454732,18.636803149759565,86.66449381592494,5.280133018066538,4.71
Dinorado,Clay Loam,Wet,Direct Seeded,157.83169705912024,27.043724931391523,185.8068894525449,87.39080728190679,2.6130516608496643,4.78
IR64,Sandy Loam,Wet,Direct Seeded,182.58141679788227,31.671156173713612,155.79650294825666,60.46017838254791,3.910111824820424,4.38
NSIC 218,Silty Clay,Wet,Transplanted,50.78187777153874,28.92105397813917,356.3045891007355,89.33376947849688,3.078278666052127,4.84
NSIC Rc 160,Clay,Dry,Transplanted,190.0424778845551,24.513189686263154,63.88669561273405,70.99071344671046,4.110345125992737,4.58
Dinorado,Clay Loam,Dry,Transplanted,126.72727041248375,31.096769219050845,67.3754688898587,86.07843355095524,5.060738032200529,4.35
IR64,Sandy Loam,Dry,Transplanted,155.10978205448976,24.940297381551044,54.76368491370806,65.60426612098843,5.233949583358175,4.58
IR64,Clay,Dry,Transplanted,178.34368492638157,25.71605099300856,46.11252926095506,73.3957722798671,3.6946949896516053,4.72
NSIC Rc 222,Sandy Loam,Dry,Transplanted,120.06555384714049,23.021236980202133,57.42868830133425,61.3249316587193,4.935341569797477,5.33
NSIC Rc 222,Sandy Loam,Dry,Transplanted,175.24611100473354,30.99966519796191,32.872580353294424,61.20227990528482,3.341524224176516,5.45
NSIC Rc 160,Silty Clay,Dry,Transplanted,76.64297291828034,24.86112023227863,66.48334567860283,88.29828302308914,2.518914838957542,4.0
NSIC Rc 222,Silty Clay,Wet,Transplanted,73.87513017197217,24.589176179313824,360.2355061229564,84.31819837587118,5.065717172568907,5.79
NSIC Rc 160,Clay,Wet,Transplanted,148.620705328423,31.202625979949538,336.5902270658674,75.8947813324138,2.858236727219844,4.19
NSIC 218,Sandy Loam,Dry,Transplanted,180.52145083276056,30.055268624050335,136.64447229244212,75.76374520693614,2.5528333700888455,5.47
NSIC Rc 160,Clay,Dry,Transplanted,183.8639266304059,23.410789215193745,41.41976336923736,82.46263855428559,3.5613929901038457,4.44
NSIC Rc 222,Clay,Dry,Direct Seeded,146.561068756587,29.693245039036807,105.82315460904906,70.2500634471147,3.6381399688748726,5.37
NSIC 218,Sandy Loam,Wet,Transplanted,128.8233845313976,31.130330980537906,219.98087149980503,82.85607827585856,2.7316605123168176,4.92
NSIC Rc 222,Clay,Wet,Direct Seeded,99.70896315447743,22.78511218210744,309.95446489963166,74.55025139979817,4.942547939453413,5.27
NSIC Rc 160,Sandy Loam,Dry,Direct Seeded,197.0000623398997,30.25214994904573,29.849831455697508,79.13752208734394,3.7167781906250004,4.41
Dinorado,Sandy Loam,Wet,Direct Seeded,97.95435299993757,27.47420051873056,229.06211045381855,88.94488350309443,3.969770841308783,4.77
IR64,Sandy Loam,Wet,Transplanted,161.62791608473896,28.691974493788006,262.66206152523114,74.13946672560785,3.293875803858495,4.91
NSIC Rc 222,Sandy Loam,Wet,Direct Seeded,129.79726998575012,26.92854338904937,245.60877124512763,72.5521397923935,4.034520257039794,6.02
NSIC Rc 160,Clay Loam,Dry,Transplanted,141.276851378802,28.978030849052786,59.54692736143231,87.17247521824075,4.8001941718520005,4.95
NSIC 218,Sandy Loam,Wet,Direct Seeded,109.02208258829393,22.34097861666753,378.4100216975139,87.07741484749032,5.218548146501551,4.43
NSIC Rc 222,Silty Clay,Wet,Transplanted,194.72346882083718,29.627067232232836,208.5393326859689,89.77256105649528,5.411588802205448,6.75
NSIC Rc 222,Silty Clay,Dry,Transplanted,135.75234891489066,22.333436978589585,54.964469276335876,76.52588997924927,3.780171773804092,5.5
IR64,Silty Clay,Dry,Direct Seeded,190.6681445688185,26.552998477473434,141.1841152171659,70.32784623079809,5.470101576305377,5.02
NSIC Rc 160,Sandy Loam,Wet,Direct Seeded,51.13871242608712,23.50964993130295,294.4027261434376,67.2117018953311,3.3848671351680437,4.01
Dinorado,Silty Clay,Dry,Transplanted,135.90058747866814,30.235742773513074,69.91748781225326,61.02289070854985,2.5209278058551803,4.49
NSIC 218,Clay Loam,Wet,Direct Seeded,157.5780334587907,25.136609091756686,240.2453822584648,81.80185872632657,4.802851131692904,5.35
NSIC Rc 160,Clay,Wet,Transplanted,161.7620256743327,26.540935446043324,315.7677779785564,67.0042852120634,3.0353069456235957,4.97
NSIC 218,Sandy Loam,Dry,Transplanted,185.7465322672522,26.287507412983118,106.66523212939374,78.19922655676972,2.6573645143715887,5.37
NSIC Rc 222,Silty Clay,Dry,Transplanted,50.660241350567944,29.725019656847067,94.3447932559861,87.49777096093186,5.272026767793096,5.29
IR64,Clay Loam,Wet,Direct Seeded,50.04952388892146,26.811443597959755,291.14078529436875,88.5064082218358,4.875432491490961,4.16
IR64,Clay,Dry,Transplanted,120.8395191192823,29.88958335010346,29.744210539866597,60.13230401940931,2.807994404614769,3.9
Dinorado,Clay Loam,Dry,Transplanted,54.3940557508056,22.735082768026754,141.53566314428656,69.51225094129069,4.830730457152999,4.57
IR64,Silty Clay,Wet,Transplanted,196.1798830493562,23.91593967902995,380.9944203414851,85.1213408839568,5.031999092280989,4.6
NSIC Rc 222,Clay Loam,Wet,Transplanted,83.3097761812088,27.515342496463607,175.4030379253033,76.09335616054605,5.215904995547714,6.35
Dinorado,Clay,Wet,Direct Seeded,120.8997094047267,31.47088324752695,205.16020993919085,84.22526200446458,4.13108220239908,4.72
NSIC Rc 160,Silty Clay,Wet,Direct Seeded,59.17064450183354,22.747578467217803,341.586990957764,85.59969848513813,4.610236211584288,3.66
IR64,Clay,Wet,Direct Seeded,128.30726242568878,22.43084216156864,242.19670997371085,73.27878659823969,4.786717836883033,4.07
Dinorado,Clay Loam,Wet,Direct Seeded,106.99341877211128,23.56550674927856,191.44594655718097,70.76948814074356,4.565916805468321,4.62
NSIC Rc 222,Sandy Loam,Dry,Transplanted,56.699004331583566,28.411531288601566,58.42170085980685,73.66299798151576,4.4405008609167815,5.34
NSIC 218,Sandy Loam,Dry,Transplanted,100.2686400044337,25.98992916670247,16.266169809710963,79.58385607872799,4.142677758333651,5.09
NSIC 218,Sandy Loam,Wet,Transplanted,108.71540303342834,30.255523794176863,275.83031481134697,71.01477458660455,3.9375863625867082,4.99
NSIC Rc 222,Sandy Loam,Dry,Transplanted,198.488223691241,22.719331514813657,52.06211895818627,83.24964866093258,5.4883750586944915,6.01
NSIC Rc 222,Clay,Dry,Transplanted,81.18288078790633,23.964140868147012,56.988721623525656,87.11978381055067,3.512682341266469,5.17
NSIC 218,Sandy Loam,Wet,Transplanted,131.71694230551495,25.00026405464896,313.03551540284656,68.46933606476179,2.764806311333646,4.97
Dinorado,Clay,Dry,Direct Seeded,198.0973323797943,28.26730086688785,22.98434583302181,88.94968932522718,4.7951108950108825,5.06
NSIC 218,Silty Clay,Dry,Transplanted,168.80288119102028,28.85172690301547,96.796836893192,78.68175740175931,3.1414731336084825,5.69
NSIC Rc 222,Sandy Loam,Wet,Transplanted,199.00512513231334,23.24203293963774,161.20667853837466,86.34506313659223,4.098080078856118,5.93
IR64,Clay,Dry,Transplanted,195.2447471990254,31.438047089917397,58.54698877581636,63.11749305816316,2.787404549801712,4.68
NSIC Rc 160,Sandy Loam,Dry,Direct Seeded,123.43093131412314,25.41044135190209,98.07884488633592,67.54497411168717,4.3578515824503725,4.92
IR64,Sandy Loam,Wet,Transplanted,154.45637748058488,29.13168763000283,222.90547234186118,69.63057238297776,5.332022211709667,4.98
IR64,Sandy Loam,Dry,Transplanted,66.56646904117267,27.242077189476987,10.943678902469403,69.08466453523539,4.668114137820874,4.09
NSIC Rc 222,Clay,Dry,Transplanted,116.17232375702028,24.227581135471066,147.48677585870536,65.15583469795595,3.1436043346798406,5.64
NSIC 218,Clay Loam,Dry,Direct Seeded,171.3527813400046,30.46228323115411,33.87229019625543,86.04602842574496,5.413414135866582,5.09
Dinorado,Sandy Loam,Wet,Transplanted,125.8002981465715,30.1823802819193,352.35563442401076,72.5583642386865,3.4212607930736447,4.29
IR64,Sandy Loam,Wet,Transplanted,155.40485492258478,25.9607185391669,280.0611416525486,88.89390637400365,3.8098449594740633,4.19
NSIC 218,Silty Clay,Dry,Direct Seeded,161.86269949764153,27.886075856938554,102.30633813869109,77.50417100370441,3.9943510611184023,5.31
Dinorado,Clay Loam,Dry,Transplanted,88.02037118643409,24.578256959359397,110.20980245913216,64.1518390693459,5.472156230120419,4.58
IR64,Clay,Wet,Direct Seeded,181.35490594138483,28.898516287463014,158.84480379333,76.37714129501872,2.70667420215755,4.53
Dinorado,Silty Clay,Wet,Transplanted,118.97336463637684,25.090268126204315,220.4877513186752,89.80635443172727,4.59018488330671,4.86
NSIC 218,Sandy Loam,Dry,Direct Seeded,81.52776554323157,30.44078734382235,34.02516896464665,76.95515061297824,3.5857926270782077,4.77
NSIC Rc 160,Silty Clay,Wet,Transplanted,179.81238226826656,24.173851042772743,309.78516399485534,60.05608035388688,2.7349759573073182,4.66
NSIC 218,Silty Clay,Dry,Transplanted,112.67282091593805,22.148034228184642,25.6397194943386,87.99239710771258,5.305094972898569,5.48
NSIC Rc 222,Sandy Loam,Dry,Direct Seeded,162.54686575695797,24.685080419679185,31.360806858273214,67.04683218384568,4.269574957429196,5.44
Dinorado,Clay Loam,Wet,Transplanted,132.20496083323894,23.910524864594866,199.8398673945062,80.6558715920687,4.760554022766327,5.17
NSIC Rc 160,Clay Loam,Wet,Transplanted,107.28076283517507,27.082864397249242,356.8478515548536,75.45240464866328,3.221156306713839,4.47
Dinorado,Silty Clay,Dry,Direct Seeded,171.4814622557854,24.037032916565764,44.554555818292236,69.76301270522659,4.784622767888271,5.06
Dinorado,Sandy Loam,Dry,Transplanted,137.67048974669194,29.63189870719495,33.552496519007235,68.47918571029166,4.985426320069649,5.0
IR64,Clay,Wet,Direct Seeded,108.58431536405476,24.41370638004004,319.1439767709161,87.86279587521314,3.7924881916434288,4.35
NSIC Rc 222,Silty Clay,Dry,Transplanted,66.43968055026906,29.069681799126556,104.35991977385143,87.35777687759511,4.215869418243896,5.1
Dinorado,Clay,Wet,Direct Seeded,184.31679706500617,27.78470923013724,267.8447652369483,75.39404520161338,5.415617604788664,5.06
NSIC 218,Silty Clay,Wet,Transplanted,55.32043780124998,31.86249856471884,378.9059452666962,67.75485586605417,5.040188925123276,5.16
NSIC 218,Silty Clay,Wet,Transplanted,179.47810225520843,31.999009770092314,247.95019273116543,63.07026096515993,3.8345501832044926,5.63
IR64,Sandy Loam,Wet,Direct Seeded,103.99422873247332,30.6952608331733,208.76835264102132,64.69729148577257,4.4937215762675375,4.19
NSIC Rc 222,Sandy Loam,Wet,Transplanted,145.90081452521088,29.59983369298751,315.35074813167523,75.66755177221813,4.852694430407539,5.71
NSIC Rc 222,Clay,Dry,Direct Seeded,188.32995857535278,25.864564140005736,68.91664852164942,69.23489881737028,2.5729864617347453,5.76
NSIC 218,Clay,Wet,Direct Seeded,72.75599232558477,29.532767271313034,293.3237968675371,61.2620442677987,4.265097959875812,4.5
NSIC Rc 160,Clay Loam,Wet,Direct Seeded,135.04257134582153,31.56675537079491,233.81197523280628,73.65502155933301,5.453585840238125,4.72
IR64,Sandy Loam,Wet,Transplanted,164.66492935552878,22.23377575395444,235.9161403309943,82.38567877392941,5.341541949478994,4.69
IR64,Silty Clay,Wet,Transplanted,163.6375749078586,27.379147001977387,249.55257715852545,86.75085347879963,4.997321184287333,4.84
NSIC 218,Silty Clay,Wet,Transplanted,128.8447871899256,24.179983043884345,222.78464186984232,77.55852137049268,2.818642279392056,5.47
NSIC 218,Clay Loam,Wet,Direct Seeded,143.7109189859687,27.578763158688503,327.56035159023065,81.69876371527337,5.4821243575484555,5.5
NSIC Rc 160,Sandy Loam,Wet,Direct Seeded,163.62904911992666,26.664470897588913,312.83960126280135,70.92211412594797,4.328614459413847,4.62
NSIC Rc 160,Silty Clay,Dry,Direct Seeded,176.15414566361176,27.757685815522844,85.29082323215083,74.88714537650819,3.1687247482884713,4.47
NSIC Rc 222,Clay Loam,Dry,Transplanted,164.27196453137958,27.509622214187242,16.627150433282157,81.88880569530087,4.52280606884295,6.12
IR64,Clay Loam,Dry,Direct Seeded,103.1007414771864,31.60107039168562,130.57485483410125,81.82974682116884,5.069570686239044,4.2
IR64,Silty Clay,Dry,Transplanted,199.50896015865996,27.52186108934736,33.88001744886691,72.73578793708512,2.8369832825429073,4.07
NSIC 218,Silty Clay,Wet,Transplanted,115.17540405789566,30.462320881248672,260.1944131365982,76.31002024674969,5.249314429868274,5.18
NSIC Rc 222,Clay,Dry,Transplanted,53.66970541384001,25.198202868008465,60.42132640371234,87.71566018652908,5.260612844256985,5.26
IR64,Sandy Loam,Wet,Transplanted,104.3925427378193,26.381006887910488,249.46366894480929,78.95992814829701,2.5403932186939535,4.41
NSIC Rc 222,Clay,Dry,Transplanted,69.1674431860765,26.7041347604481,20.066229575887377,79.27723877059769,5.200957364990183,5.77
NSIC Rc 222,Clay Loam,Dry,Transplanted,68.21639235925625,24.787280433353796,29.151038850766152,83.5386087715608,5.340453754720469,5.96
NSIC 218,Silty Clay,Wet,Transplanted,92.23025601603416,25.797902614779552,241.26281733992627,63.45668688947919,2.6130753909410354,5.0
NSIC Rc 222,Clay,Wet,Transplanted,58.00632412658913,27.985130794667754,220.86708034806338,75.68652874946183,3.382498970524152,5.9
NSIC Rc 160,Clay Loam,Dry,Direct Seeded,153.27682826143445,27.801877633045322,103.2119173965926,88.78295208812946,3.6193225204483794,4.01
NSIC Rc 160,Sandy Loam,Dry,Transplanted,61.09833263028576,28.364353445734807,106.96218031579645,70.84981176528296,3.54667141619917,4.23
Dinorado,Silty Clay,Dry,Transplanted,80.49343331539342,25.518179154201412,104.7751678475493,68.84778439266273,4.777009711810567,4.86
NSIC 218,Clay,Dry,Direct Seeded,63.934957174117905,25.15831495153057,87.29915029844308,78.03623896814273,3.574313377671601,4.94
Dinorado,Sandy Loam,Wet,Direct Seeded,59.47515963545466,28.11617882754163,171.42416578926483,66.6335827369591,5.369736429684227,4.66
NSIC Rc 160,Clay,Dry,Direct Seeded,90.16274983093125,23.32861748427525,143.35303296166694,76.67835469570947,5.484977875914214,4.37
Dinorado,Clay Loam,Dry,Direct Seeded,135.7848451490555,24.5303154353214,81.0048025076007,64.66956032572922,3.4504566121187397,4.21
NSIC 218,Sandy Loam,Dry,Transplanted,194.70283346702627,22.421277369529953,72.91768410150252,77.39380382093717,4.026402259619521,5.64
NSIC 218,Clay,Dry,Direct Seeded,181.33349815244094,22.7261085259608,44.65637920040009,78.07137550935532,4.173117520900022,5.24
NSIC Rc 222,Sandy Loam,Dry,Direct Seeded,181.3900888167987,24.43383279260609,23.838934097325765,72.55201437036789,4.238208489901185,5.65
IR64,Clay Loam,Wet,Direct Seeded,76.41005540564865,22.195292802969192,217.05117138062514,71.48239276316066,3.6226269825858988,3.85
NSIC Rc 222,Sandy Loam,Wet,Direct Seeded,89.73607902467302,24.454105920874614,230.30033717326626,67.36374835201347,2.9979805058764892,5.21
NSIC 218,Clay,Wet,Transplanted,61.458997519295856,28.54976323062026,286.9210015663358,69.92766923500783,2.663681625193383,5.13
NSIC Rc 160,Clay Loam,Wet,Direct Seeded,166.77025098727776,22.611070784689332,343.4471272695124,74.95037901574091,2.8190459969494963,4.45
NSIC Rc 160,Silty Clay,Wet,Direct Seeded,60.472445222834295,26.36736677794641,248.9255362085079,67.42976703087304,5.203873712781524,4.1
NSIC Rc 222,Clay,Dry,Direct Seeded,133.504350623128,31.131087869195497,86.74169019526502,83.48503390115587,3.341125019861521,4.88
NSIC 218,Clay,Wet,Direct Seeded,87.18133584859261,29.912848289254008,386.1892264630229,81.27105723977314,2.7304689496331336,4.68
NSIC Rc 160,Clay Loam,Wet,Transplanted,86.51684510431171,25.054375022948573,356.8374908602906,68.07917601437987,4.370589098633059,4.24
NSIC 218,Clay Loam,Dry,Direct Seeded,198.60875828714077,31.24805479191647,54.08462613699593,62.92305489304644,2.725921453783856,5.11
NSIC Rc 160,Silty Clay,Wet,Direct Seeded,163.5169710467806,25.29646496747725,396.2004619709363,60.00540116951888,2.7101588190070727,4.11
NSIC 218,Clay,Wet,Direct Seeded,175.5409037436575,22.725154963375626,369.05076026037045,77.90156557144466,4.364711517613665,5.31
Dinorado,Clay Loam,Wet,Transplanted,135.7974028016019,31.940559567681134,304.1814873273448,66.34091239360947,4.274185732595592,4.61
NSIC 218,Silty Clay,Wet,Direct Seeded,180.6521431090624,30.700225271891718,299.6198219541797,60.377474103046175,2.6244318608498802,4.81
NSIC 218,Silty Clay,Dry,Direct Seeded,146.82358087495294,26.659327833010924,83.36355364667213,70.77255811776068,3.8814335033108462,5.2
NSIC Rc 222,Clay Loam,Dry,Transplanted,191.9260557194518,28.66376524192404,38.856670956467156,88.859953869523,3.807304923718104,5.85
Dinorado,Clay,Wet,Direct Seeded,92.20078790684552,28.7122807785667,182.38153168855428,80.69828422889452,4.140067389107665,4.36
IR64,Sandy Loam,Dry,Transplanted,139.29793186743427,23.944822307304605,127.34417410910758,85.73291108767374,4.713534131310363,4.52
NSIC Rc 222,Sandy Loam,Wet,Transplanted,153.51970219053382,24.000486331536322,330.59981222289196,64.34217294782191,3.3484001426865824,5.59
IR64,Silty Clay,Dry,Direct Seeded,108.940595754171,26.695807033518257,149.95760935226966,62.19864463858309,3.7983408507514307,4.27
NSIC Rc 160,Sandy Loam,Dry,Direct Seeded,181.95619736060797,31.11573140137698,55.13649141689093,60.34589290529168,4.8782280530828945,4.45
IR64,Sandy Loam,Dry,Transplanted,196.97047446562317,22.09993774858571,127.92586501644617,88.66986870058462,5.267669171381706,4.3
NSIC 218,Clay Loam,Dry,Transplanted,124.06542370589924,29.825056359493594,132.21805909493702,69.00608206060646,5.173968919149634,5.37
IR64,Silty Clay,Dry,Direct Seeded,108.59609822065086,22.57526783714654,149.45033042599115,73.78514827022575,3.932892856282125,3.76
NSIC Rc 222,Clay,Dry,Transplanted,120.7906892834688,26.782221148831177,57.98081816891711,71.83570870805323,4.062597391006306,5.98
NSIC Rc 222,Silty Clay,Dry,Transplanted,177.91051185978972,28.378728330734766,115.8457951199748,81.91370806178578,4.087316326456478,6.61
IR64,Clay Loam,Dry,Direct Seeded,146.82026382772514,28.86759267082465,42.03326050987796,69.2989464585823,5.106146709122454,4.17
NSIC Rc 222,Sandy Loam,Dry,Transplanted,56.71585587771426,22.584792636159115,97.47144018090006,76.06358647842154,5.0198185208140025,5.3
NSIC Rc 222,Clay,Dry,Transplanted,131.32548656685722,26.186036173839682,108.67795972619727,89.86746794866403,3.4345975856360353,5.59
IR64,Silty Clay,Dry,Transplanted,52.595018411145475,27.838372605023245,113.75689695491349,73.32190654032709,2.9885490682661056,4.14
Dinorado,Sandy Loam,Wet,Transplanted,166.7803056505108,22.66045537306007,300.05171439816786,76.53814622099267,3.636923684476305,4.57
Dinorado,Silty Clay,Dry,Transplanted,99.24684103136956,23.350945565953097,39.004103601824625,75.07584186932513,3.3652191497482034,4.44
NSIC Rc 160,Clay,Wet,Transplanted,120.80112231759941,28.636489895040384,276.7330258489962,84.09558474408097,5.352342174444729,4.93
NSIC Rc 222,Silty Clay,Dry,Direct Seeded,169.8017158861448,27.216381965906518,128.82157986946726,68.00518962100725,3.2977470383159546,5.5
IR64,Silty Clay,Wet,Transplanted,56.967322592864235,23.618286612682905,323.3217181393221,65.1131404842839,3.0436200451808064,3.9
NSIC Rc 222,Silty Clay,Wet,Direct Seeded,73.78123033874157,27.352393369147336,261.01196070949845,82.62279474794586,5.198437187677646,5.25
NSIC 218,Sandy Loam,Wet,Direct Seeded,109.69405646676722,31.12692373444416,280.9649156020715,72.46854559105962,2.759435813068213,4.74
NSIC Rc 222,Clay,Dry,Direct Seeded,84.48877453183408,22.155875847753638,68.93606045495586,87.41178026930062,3.2807981542793807,4.86
NSIC Rc 222,Clay,Dry,Direct Seeded,100.68521386625946,28.426337734858546,40.2917324828377,79.32477857380192,3.817333582001765,5.25
Dinorado,Sandy Loam,Dry,Direct Seeded,199.72621068386977,22.73650434605342,85.95435237206623,76.93029335135228,4.285322134479046,4.66
IR64,Sandy Loam,Dry,Direct Seeded,173.8121656360716,22.06449442964701,130.8699981449719,62.113711644776316,3.483018689119919,4.02
NSIC Rc 222,Sandy Loam,Wet,Direct Seeded,182.5852722440163,23.50654488660634,249.5880762008141,81.91235715413394,3.988701990763015,5.64
Dinorado,Clay Loam,Dry,Direct Seeded,190.5581950348663,26.229066318539193,145.39230736893592,80.58121096538875,3.0964935592918197,5.02
NSIC Rc 160,Silty Clay,Dry,Transplanted,101.14038204712935,30.02343998981953,114.74909504190241,79.20215773461464,4.2228223606764566,4.47
Dinorado,Silty Clay,Dry,Direct Seeded,94.56154366947091,24.817854966045587,10.78720407799074,68.03728570712072,3.7234504248389784,4.29
Dinorado,Clay,Dry,Direct Seeded,85.10937388581124,28.256732123887588,28.85810646523386,88.40217965023334,5.047779061805351,4.37
Dinorado,Silty Clay,Dry,Direct Seeded,174.51753669621837,26.111566379553068,20.678358101441205,69.6496538109846,3.747202400165957,4.99
NSIC Rc 222,Clay Loam,Dry,Transplanted,151.93277934277774,24.34331791966008,24.169924019143863,64.56692870261803,3.831446253646151,6.0
NSIC Rc 222,Sandy Loam,Dry,Direct Seeded,85.42579737243159,27.142471142828587,63.624893842768515,89.61603464805042,4.276524968027237,5.12
NSIC Rc 160,Clay,Dry,Transplanted,106.54907438156823,29.974644903726233,57.389064076007884,82.38738837371304,2.8695100122308244,4.14
NSIC 218,Clay,Wet,Direct Seeded,126.00676458991974,30.324923700561442,329.34272334267246,72.44360646978544,2.9703855301188433,4.77
NSIC 218,Silty Clay,Wet,Direct Seeded,129.22100859106305,30.465195318772366,369.15274263697205,88.07749292666121,4.870713241681721,5.34
NSIC 218,Clay,Dry,Transplanted,183.3091592827572,25.385578125549795,25.915897377563407,62.733521230985914,3.320256337418641,5.43
NSIC Rc 160,Sandy Loam,Dry,Direct Seeded,107.08491994208245,29.934560647157532,133.51294922599487,62.629836492796734,4.554090786785368,4.3
NSIC 218,Clay,Dry,Transplanted,186.27860457507686,24.12178455108908,96.15986068653044,80.47353055885756,2.7922809099316064,5.53
NSIC 218,Sandy Loam,Dry,Transplanted,116.20513404796844,29.384251012428834,121.50486325390284,65.3391614513653,4.9655399809540395,5.44
Dinorado,Clay Loam,Wet,Direct Seeded,161.95590121885306,31.483844262726166,360.21123478315064,87.51418545579853,5.464684332756871,5.11
NSIC Rc 222,Clay Loam,Wet,Direct Seeded,189.53814799775841,22.137438346909573,346.5063180123672,85.21077522896613,3.621072835623353,5.55
NSIC Rc 222,Sandy Loam,Dry,Transplanted,186.13635559448994,26.40363931178798,62.01691443976032,69.19101672303559,4.01659030574469,6.22
Dinorado,Silty Clay,Wet,Transplanted,58.54293009435217,28.477709884140047,153.44692613613773,86.66518746808111,3.828135939519407,4.61
Dinorado,Clay,Wet,Direct Seeded,80.85564424648547,29.017757704875528,377.9701159693648,61.28663061021985,5.182563245917071,4.41
Dinorado,Silty Clay,Dry,Direct Seeded,121.53581382984126,23.76087758269202,67.43304228025951,76.45913558212482,2.5298021130906387,4.42
NSIC Rc 222,Clay,Dry,Direct Seeded,114.7331434929661,31.72183275238593,54.466969475141916,88.066883211265,4.460377963491508,5.4
NSIC 218,Clay Loam,Dry,Transplanted,146.13374972558105,28.15265367970973,71.37972569378876,85.66148936807095,4.457104818410599,5.29
Dinorado,Clay Loam,Wet,Direct Seeded,191.70635762381184,23.64340601228268,218.71893018084847,70.68219971402985,3.647155024893859,4.95
NSIC Rc 160,Clay Loam,Wet,Transplanted,66.86070669169231,22.205225117125153,371.993485740844,65.48611305703905,3.158000926351044,3.92
Dinorado,Clay,Dry,Direct Seeded,117.77879977013606,29.83264198789776,95.45281672970751,66.31621765211234,3.219048044245107,4.35
IR64,Clay Loam,Dry,Transplanted,78.8616556830709,22.79704739445459,79.0177610976338,75.43523634235216,4.901392363641673,4.26
Dinorado,Clay Loam,Wet,Transplanted,184.11613975969212,23.410509210702365,199.24202577234414,77.90318831509423,2.698309289124877,4.94
NSIC Rc 222,Clay Loam,Wet,Direct Seeded,194.68702787024793,27.748300268556907,259.9114378561843,60.98442949870909,4.191472438823077,5.47
Dinorado,Clay Loam,Dry,Transplanted,121.80525228355252,28.035055034496196,127.30838086638303,72.40654677704664,3.4205218089347964,4.54
IR64,Silty Clay,Wet,Transplanted,65.6015446592211,28.868871185923986,337.34969858172843,84.91161346931713,3.295743437404961,4.25
NSIC Rc 160,Clay Loam,Dry,Transplanted,167.794200008401,25.935140126636206,136.0194836053754,73.32986850707391,4.017212996593107,4.8
NSIC 218,Clay Loam,Dry,Transplanted,154.57120257385986,29.73898668966823,75.75573947146388,65.07526172848232,5.193584518839301,5.68
Dinorado,Silty Clay,Wet,Transplanted,103.20062399154656,31.743585996158885,310.06973631929316,88.6458087905729,4.354275757111992,4.54
IR64,Silty Clay,Wet,Direct Seeded,183.11112109534452,24.71094943079883,253.98048450735746,67.988266197794,4.865831883265971,4.46
IR64,Clay,Wet,Direct Seeded,196.37478346740608,29.030286165379458,319.6559641850696,83.95284796902182,4.302051337788643,4.39
NSIC Rc 160,Sandy Loam,Dry,Transplanted,133.67807736952932,31.28468652395157,43.564717248810915,65.81382499016804,4.593147339618222,4.4
NSIC Rc 222,Clay Loam,Dry,Direct Seeded,134.85918670164386,28.862867626170427,142.32693872430323,72.6951818766477,3.797222946379887,5.75
Dinorado,Clay Loam,Dry,Transplanted,94.62702576706667,28.811094986442594,112.90541002712918,74.71267619324436,5.277944905624551,5.49
IR64,Clay Loam,Dry,Transplanted,137.67590539749713,24.237725690852066,99.61779204754319,75.01905887844734,4.005817061317483,4.31
NSIC Rc 160,Clay,Dry,Direct Seeded,115.94634807872698,27.351302003196928,114.35792270735662,75.49421604302114,4.1553240076802895,4.87
NSIC 218,Clay Loam,Dry,Transplanted,95.32865403920778,27.625228436045802,20.637449535569203,66.74842622069283,4.074896509764549,5.06
IR64,Sandy Loam,Wet,Transplanted,60.0777794785852,29.00129562455953,287.2373775116599,75.47746565882505,3.4485670604947556,4.19
NSIC Rc 160,Silty Clay,Dry,Transplanted,87.90617895636873,31.968214498961828,19.467685869274153,74.45138261633262,3.193715306797557,3.89
NSIC Rc 222,Clay,Dry,Direct Seeded,79.67819745164967,22.33643822543762,31.436891361338233,66.2615849137879,2.721504892346665,4.74
NSIC Rc 222,Silty Clay,Dry,Direct Seeded,131.30629768309234,22.65232661267487,30.64313544167454,89.64574678511133,4.654524946007646,5.32
IR64,Clay Loam,Dry,Transplanted,140.25050326453908,22.77950069430919,68.89386647891662,85.96690178359651,3.3678257895111123,4.01
IR64,Clay Loam,Wet,Transplanted,141.2857586459025,29.42979134488957,218.93407665888307,86.62729053067449,3.6675938895868216,4.81
Dinorado,Clay Loam,Dry,Transplanted,108.22715015685186,23.363537951107574,32.03657151995098,80.56713151148685,5.259784488178639,4.48
NSIC Rc 160,Sandy Loam,Wet,Transplanted,113.18446005282439,28.224518744903452,311.5823613742849,64.7969109207527,4.199342048235621,4.59
IR64,Sandy Loam,Wet,Transplanted,175.135764446096,25.246688778934583,201.06177158613085,77.04276191699246,2.7912341917118146,4.82
Dinorado,Clay,Dry,Direct Seeded,121.43492202757436,26.57319956210711,129.6335901973235,84.64318894882157,4.898835738471549,5.26
Dinorado,Silty Clay,Dry,Direct Seeded,198.16599982056835,24.15663159817414,90.93357032992361,61.162094660659875,3.2683917973283663,4.97
IR64,Clay Loam,Wet,Direct Seeded,115.94258450132973,30.661065613045423,323.4970710647914,74.87529309862859,4.158117527938547,4.19
NSIC Rc 222,Clay Loam,Wet,Direct Seeded,147.43714169267585,27.861503241630263,150.7777194058107,71.88368639984755,4.029944424591972,5.67
NSIC Rc 160,Clay Loam,Dry,Transplanted,57.55444984900937,31.445632635822527,61.5566654890352,66.3637418897791,3.2142365270556423,3.67
NSIC Rc 160,Clay Loam,Wet,Transplanted,148.0009886628216,27.745962497043294,287.1931284404424,71.34750011295954,2.847313104383743,4.3
NSIC Rc 222,Sandy Loam,Dry,Direct Seeded,177.71395916225092,23.239080305969466,19.747155351537394,89.50492532608358,3.1337848194849043,4.97
IR64,Silty Clay,Dry,Direct Seeded,191.36867577999445,23.708704338384756,92.74389143427751,81.69729979085332,2.7920133986918967,4.2
NSIC Rc 160,Silty Clay,Wet,Transplanted,199.59809174596558,31.89073976367847,250.26690688903525,68.98611240044823,3.3268840568563034,4.42
IR64,Clay,Dry,Direct Seeded,92.32679684738497,29.255651973308677,26.314594882897687,78.1606515444249,5.491892532212393,4.43
IR64,Sandy Loam,Dry,Transplanted,136.30550972385754,22.492787500290895,114.05083505636486,67.3996872085704,3.706276795724148,4.08
Dinorado,Clay Loam,Dry,Transplanted,117.6076978298221,29.03781005034665,122.386133544135,78.32531727072822,5.091665174005031,5.03
NSIC Rc 222,Silty Clay,Wet,Transplanted,134.57262208627566,26.121730468096118,225.7759434504868,86.88500068454795,4.147533076387184,5.95
IR64,Silty Clay,Wet,Direct Seeded,73.617943578477,25.072083868231907,278.9269918086594,76.70630399827657,4.499749238001199,3.78
NSIC 218,Sandy Loam,Wet,Direct Seeded,178.4224358893912,23.540607937305342,311.327908133972,82.00019926358048,2.9690439092516687,5.39
NSIC Rc 222,Clay,Dry,Direct Seeded,186.43534150168813,30.399039545565657,86.15667611437776,73.6001699614889,3.3244176022659264,5.69
NSIC Rc 160,Clay,Wet,Direct Seeded,117.44924946693838,22.638413789891008,391.3280665533662,75.7237175299199,4.0313302690867765,4.11
Dinorado,Clay Loam,Wet,Direct Seeded,92.06447923603653,24.898354623796404,358.26612247202445,80.85225236264635,5.143430302680522,4.69
NSIC Rc 160,Clay,Wet,Transplanted,71.12501414795184,25.063828938257043,329.2874707709527,84.37215015154192,2.6286641076548207,3.83
NSIC Rc 160,Silty Clay,Dry,Direct Seeded,152.56472371667067,23.609052839635005,30.944400279720046,79.7835415957635,4.020759878697163,4.0
NSIC Rc 222,Clay,Dry,Transplanted,96.83477594311029,27.0818488328687,120.16078132366518,89.3247598167028,2.6530366375252896,5.69
NSIC Rc 160,Clay Loam,Wet,Transplanted,186.4307854870083,22.117026268108926,269.7417279197866,84.59467763394848,3.8704680293478475,4.99
IR64,Silty Clay,Wet,Transplanted,150.65187122673052,25.00975515410409,248.03602991608858,83.31480613823625,4.386604477997911,4.79
NSIC Rc 160,Clay,Wet,Direct Seeded,146.85279877613613,31.33629444033064,158.13241364649932,85.35304736943075,4.7341695742849215,4.68
Dinorado,Clay,Dry,Direct Seeded,133.91031738473612,25.105295693420057,53.09589049630675,68.43632806273047,2.91559601578188,4.26
Dinorado,Sandy Loam,Wet,Direct Seeded,56.86645091430884,25.604593871067514,239.77422576476204,72.96141461845141,2.9997258503840443,4.6
NSIC 218,Clay Loam,Dry,Direct Seeded,189.78836535283804,26.731650482340715,41.171439985484376,76.93388755183773,3.9101947650753717,5.41
Dinorado,Clay,Dry,Direct Seeded,144.190623994919,27.616933748514747,75.87792974257954,73.87158955328057,5.494109373937222,5.03
NSIC Rc 160,Sandy Loam,Dry,Direct Seeded,199.10929750746655,30.08708644820744,139.1704737936085,85.42373454672239,3.5681405069702903,4.43
Dinorado,Silty Clay,Wet,Direct Seeded,130.60346071593307,23.903212231560175,362.09428466815416,60.81205553037696,3.7825822820887307,4.62
NSIC Rc 222,Sandy Loam,Wet,Direct Seeded,156.51663378593196,30.717463771925573,246.00614549407248,66.27526251698463,3.7973402284436544,5.79
Dinorado,Sandy Loam,Dry,Transplanted,58.43143367993333,29.575493571438894,51.632260890433315,86.45119623005564,2.7421024640712863,3.81
IR64,Clay,Dry,Direct Seeded,144.76042652351163,29.22650334661555,136.78099013616685,61.77300413030902,4.822516435869986,4.8
NSIC Rc 222,Clay,Dry,Transplanted,164.6974417385536,22.868045737146353,17.511463223575902,66.80964910826394,3.2593045732783223,6.02
NSIC 218,Clay,Dry,Transplanted,166.77714422788358,22.21640689974585,21.693318702512556,70.53750991129459,4.611001170648759,5.2
IR64,Sandy Loam,Wet,Transplanted,165.5167478345428,27.94012700908084,265.3962497655366,82.52221682435072,3.9252696365067723,4.67
NSIC Rc 160,Silty Clay,Wet,Transplanted,83.94239409405014,30.63133962523161,217.9586060062262,76.80542088500545,4.335339226658152,4.74
NSIC Rc 160,Clay Loam,Dry,Direct Seeded,196.30977164078388,27.84441464140636,107.79854351893458,88.63814108340993,2.661914909484989,4.56
NSIC Rc 160,Sandy Loam,Dry,Direct Seeded,199.2773180937408,24.132348654455306,36.68297260274458,66.8362504521892,5.169897053249699,4.58
IR64,Clay,Dry,Transplanted,61.33938127424019,22.905198979492134,54.32689564752756,86.16361214966189,3.23157030825914,4.24
IR64,Clay Loam,Wet,Transplanted,190.46696342176358,28.99596452817735,218.5331897033417,68.48740469247747,4.510286162502511,4.61
IR64,Silty Clay,Dry,Transplanted,93.4173791456554,29.217702773178097,29.092217337281067,67.3649477737968,4.894057336198485,4.07
NSIC Rc 222,Clay Loam,Wet,Direct Seeded,153.39261226264472,23.725317006871087,165.4679402229371,74.95125594298052,4.120116151849591,5.81
NSIC Rc 222,Clay,Dry,Transplanted,100.71663811041982,22.281903154965363,56.51475767855677,62.13613515769481,3.5120020662358726,4.82
NSIC Rc 160,Sandy Loam,Wet,Transplanted,195.16314850596822,26.08283513223197,303.4509814049502,71.5292103897985,5.43371012344323,4.98
Dinorado,Sandy Loam,Wet,Direct Seeded,65.22557874553033,27.82718702133022,262.0173507613366,70.67027904329231,3.335319139812087,4.32
NSIC Rc 160,Clay,Dry,Transplanted,124.6620225434564,29.060024095671913,49.26439914494487,64.80304667105321,5.345987011369811,4.84
NSIC 218,Sandy Loam,Wet,Direct Seeded,114.2071687913112,30.09945009152903,301.49020187269866,85.82384535824733,2.9686724010541954,5.07
NSIC Rc 222,Clay,Wet,Direct Seeded,98.90351784169773,28.105374273067323,286.7217250072132,71.5766893112815,3.6676663945670307,5.02
IR64,Sandy Loam,Wet,Transplanted,146.8300986320223,23.10880608598485,349.7111468242937,89.45760538541047,2.9154867524419066,3.9
NSIC Rc 222,Sandy Loam,Wet,Transplanted,69.65836151325013,28.825816721424147,337.7529780778682,86.99123847113323,2.506721419221088,5.0
IR64,Sandy Loam,Dry,Transplanted,157.49936272005453,31.841766428948823,113.08726945845771,65.84432098709776,3.2807756211894246,4.16
NSIC 218,Silty Clay,Dry,Direct Seeded,197.0888185707181,31.05584584597404,108.28327434646614,75.15366517013815,2.761631202756864,4.91
NSIC 218,Silty Clay,Dry,Direct Seeded,170.68380717029453,30.716689092695127,143.68980469997115,78.05412415099659,5.459036569271042,5.69
NSIC Rc 222,Clay,Dry,Direct Seeded,179.0025129364318,25.02170153358341,111.41903592422572,84.56881508830864,4.784959953855408,5.7
IR64,Silty Clay,Dry,Transplanted,103.94551147685038,29.507881764540006,107.27448542299389,86.56928248954185,2.5111143889660266,4.23
NSIC 218,Clay,Wet,Transplanted,98.7329909721828,30.511034459651455,342.86346328446984,78.7205406346647,3.1709397544707763,4.96
NSIC Rc 160,Clay Loam,Wet,Transplanted,127.55725320351998,28.783262046312633,274.8097517354189,61.05402609426646,4.510372723851151,4.45
NSIC Rc 160,Clay Loam,Wet,Transplanted,56.8589922143409,24.505617565679806,238.47033783848264,74.43829348554388,3.6956563394942634,4.64
IR64,Silty Clay,Wet,Transplanted,191.80372016847988,31.538339718749583,383.3591476332382,86.54410608558997,4.9955276891326825,4.83
NSIC Rc 222,Clay Loam,Dry,Transplanted,71.56777595242883,26.508194114586757,107.18854446877124,81.4226880763278,4.014582335127194,5.72
NSIC 218,Clay Loam,Dry,Direct Seeded,185.45195587521386,23.298055586658794,133.61544379074468,86.10425824228373,4.460954259197287,5.43
NSIC Rc 222,Sandy Loam,Wet,Direct Seeded,62.537333300053355,23.097778950573918,163.56744342913848,80.22239369168122,4.291112192783442,4.99
NSIC Rc 160,Sandy Loam,Dry,Direct Seeded,173.39373915178402,28.47518987299046,51.47314260257701,61.32105029444918,4.414506701870903,4.77
NSIC 218,Clay,Wet,Transplanted,72.79437888173227,26.37709646416739,188.15532696255758,89.04019968619832,3.1902965614815404,5.56
NSIC Rc 222,Clay Loam,Wet,Direct Seeded,55.719742113720905,22.944838751789636,254.89977304415993,87.54055621709037,3.619868317618575,4.91
Dinorado,Clay,Dry,Direct Seeded,157.9234175389113,29.403645721560945,52.012895287132594,63.7973861973787,2.651887758593474,4.24
IR64,Clay,Dry,Direct Seeded,92.03979502616424,29.993251672586197,113.76993335869115,63.38073500531247,4.262909544064627,4.17
IR64,Clay Loam,Dry,Transplanted,157.17442291765244,29.254156307864513,42.01871920101784,76.1723550143106,3.8777753862273268,4.12
Dinorado,Silty Clay,Dry,Transplanted,133.26278757092297,24.02260877684013,137.6828005807158,82.71152503670649,4.782148447057217,4.81
NSIC Rc 160,Clay Loam,Dry,Direct Seeded,66.32110853450983,28.897754559960696,84.86944151216404,71.46519635814761,3.1191473938649263,3.68
NSIC 218,Sandy Loam,Dry,Transplanted,189.81951099517457,22.10722802894385,52.01748993299645,64.09146490629726,3.8104363482034054,5.05
IR64,Clay Loam,Dry,Transplanted,117.84712621452164,25.05112139678409,118.65399015659754,75.31668296344064,3.0422362991721585,4.12
Dinorado,Silty Clay,Wet,Transplanted,160.1670916698032,25.988215314075436,303.48941314200283,70.12698408656917,4.341937675745326,5.32
Dinorado,Clay,Dry,Transplanted,125.15308580234377,30.352469488855014,53.72488818254145,70.55315866653974,5.044090769534356,4.32
NSIC Rc 160,Clay,Wet,Direct Seeded,140.6542212441807,25.903943730694042,152.05009370168042,79.34956610521147,4.796329745346955,4.78
NSIC Rc 160,Sandy Loam,Wet,Transplanted,95.41603885350386,22.112694461893984,329.8307048277855,86.56824297688512,5.332593917892662,4.34
NSIC Rc 222,Sandy Loam,Dry,Direct Seeded,80.05404560051754,25.523464118280096,144.85896439006206,76.75775192566933,5.415177345590774,5.89
IR64,Sandy Loam,Wet,Direct Seeded,131.38553051121016,26.98924098359287,289.68163569747867,80.62807532488907,4.816101602745972,4.58
NSIC Rc 222,Clay,Dry,Transplanted,116.0328459456503,31.490047866727735,147.61848936149786,79.79840974563724,3.360418256140776,5.37
Dinorado,Sandy Loam,Wet,Transplanted,108.51698201508997,31.410343037895448,271.1756896692313,76.5343857767079,3.157784131645955,4.26
NSIC 218,Clay Loam,Wet,Transplanted,150.88507926419345,23.808740382214115,255.87375970696706,69.3227443674939,3.842647103646831,5.76
NSIC 218,Clay,Wet,Direct Seeded,153.5759948016704,23.851465417394515,279.8717579351561,71.33382554730716,5.481651083731363,5.62
NSIC Rc 160,Silty Clay,Dry,Direct Seeded,56.888008413689455,23.633814564645505,103.35147387526746,69.47111395471248,3.7380040624514663,3.77
NSIC 218,Clay,Wet,Direct Seeded,100.81167413655082,29.88921932414103,190.4464336204369,87.52494289446165,3.0972052317168064,5.31
NSIC 218,Clay Loam,Wet,Direct Seeded,111.7646825339566,22.060220403684063,177.17793481924562,84.7985601153133,5.333028633349723,5.19
NSIC 218,Clay Loam,Wet,Direct Seeded,64.53382417462521,23.271771981918775,222.4093696879596,77.38042118553662,3.657753932788068,4.95
Dinorado,Sandy Loam,Dry,Direct Seeded,85.38513000474325,27.37959631644099,25.908744565032094,87.36730412922603,4.572696661682893,4.34
NSIC 218,Clay,Wet,Direct Seeded,57.74626958341349,24.475620668867656,327.37619799633114,86.59226079443934,4.864458935843761,5.09
NSIC 218,Clay,Dry,Transplanted,199.4363147925531,22.923564582392622,46.84923899066095,87.83083199255505,5.029467706178602,5.35
NSIC 218,Clay,Wet,Direct Seeded,160.48358044547666,25.598780123338344,297.0719709588741,66.65321572966599,4.9638411613683715,5.48
NSIC Rc 222,Silty Clay,Wet,Direct Seeded,63.11752347541305,24.74207605060245,270.03075440475317,81.52509113291684,5.00874058899994,5.29
Dinorado,Sandy Loam,Wet,Direct Seeded,53.03740696851382,27.111043065142844,292.88024147399005,78.27673499770506,4.502960282733643,4.6
NSIC Rc 160,Clay Loam,Dry,Direct Seeded,157.893170022842,31.79233593830196,82.15837471024776,82.01491913503821,3.7114932078173797,4.27
NSIC Rc 222,Clay Loam,Wet,Transplanted,115.87882485240004,23.243046368149184,289.81450325983576,67.90138091754862,4.501860562191512,5.38
IR64,Sandy Loam,Wet,Direct Seeded,168.0195063596864,25.72726704834094,226.76048137248134,80.84427214314893,5.01020300217974,4.83
Dinorado,Clay Loam,Wet,Direct Seeded,188.52140567275757,31.319850178724746,174.36398681118146,72.29485545763161,3.551927393873263,4.43
Dinorado,Clay Loam,Wet,Transplanted,139.89505835245586,30.768730434938227,374.19559216576266,85.022753889189,3.3895239708761205,5.06
IR64,Sandy Loam,Dry,Transplanted,78.06626343758796,25.942710347842805,129.20264301371742,83.8609717548532,3.5311216513154906,4.13
IR64,Clay Loam,Wet,Direct Seeded,167.32910540696787,28.989532645197365,299.97781565597865,66.34072832576751,4.153850188088105,4.7
IR64,Clay,Wet,Direct Seeded,193.37176147615617,22.878570135813455,324.4369999202129,65.51565829209909,2.6573316244418335,4.12
NSIC Rc 160,Silty Clay,Wet,Direct Seeded,137.0346930589934,29.12541055543615,265.9993060917388,81.53195163854599,4.83691245705052,4.61
NSIC 218,Sandy Loam,Wet,Direct Seeded,152.29961709211003,31.728577294847415,339.1201449941407,76.51424684184481,2.916555875350606,4.55
Dinorado,Silty Clay,Dry,Direct Seeded,100.62120425550096,27.374881528341916,35.88410957188401,76.71617732046147,2.8985159703522965,4.57
NSIC 218,Clay Loam,Wet,Direct Seeded,107.22915419904669,26.984902270344143,296.1243159946668,82.57545970378064,3.092977418068315,5.2
NSIC 218,Clay Loam,Wet,Transplanted,160.19817467795957,23.873186197019102,163.45028052429757,85.6491237906537,4.230782304917495,5.77
IR64,Clay,Dry,Transplanted,189.16566476102287,28.33788198907292,24.616484261950525,67.16891701826151,3.356705127411868,4.46
NSIC Rc 160,Sandy Loam,Wet,Direct Seeded,144.34825808365284,27.904372807789148,372.5242588484228,76.66618640371651,3.6042709869596568,4.29
NSIC Rc 222,Clay Loam,Wet,Direct Seeded,168.4771862728021,28.519330594757506,226.38403669697172,84.86864128476232,5.294947332934384,5.88
NSIC Rc 160,Sandy Loam,Wet,Direct Seeded,75.74525261230595,22.260832866847217,184.47269435533389,86.18382513585007,5.041606539930956,4.15
NSIC 218,Sandy Loam,Dry,Transplanted,81.79386353869603,27.487234883490736,20.42684764646498,68.6222816501555,5.056571599314347,5.23
NSIC Rc 160,Sandy Loam,Wet,Direct Seeded,129.8052030250085,27.94934843497373,172.01025192607895,63.12461569792538,4.232925499977964,4.4
IR64,Sandy Loam,Dry,Transplanted,76.48312883642608,24.075301354128023,80.97545873040657,66.98469761633339,5.0993984418714415,4.28
NSIC Rc 222,Sandy Loam,Dry,Transplanted,145.24926053313854,24.08332857488536,133.8581357432588,88.36498542043581,4.835697476021661,5.99
IR64,Silty Clay,Dry,Direct Seeded,93.74797780920485,24.762181685109496,15.930293970144929,73.87439137305643,5.359710408733187,4.17
NSIC Rc 222,Clay,Dry,Transplanted,168.72989280003378,29.117215917272375,39.72501475909485,72.55721371668075,2.6931052150657466,5.54
NSIC 218,Sandy Loam,Dry,Direct Seeded,171.21655199215152,28.062660635323716,107.05598221753024,60.39253046202631,2.5861814009617987,5.36
NSIC Rc 222,Silty Clay,Dry,Transplanted,119.56811836330296,30.457626461178045,125.62088092012016,61.53044048764053,3.0250898221716733,5.55
NSIC Rc 222,Clay Loam,Dry,Direct Seeded,77.12159525564529,24.956585718430983,123.03593410188374,80.0608778842417,5.2872544615239265,5.6
NSIC Rc 222,Sandy Loam,Wet,Direct Seeded,147.01624416228987,31.120680598883183,330.1100784605277,77.6948120617499,4.316695317862738,5.44
NSIC Rc 160,Clay Loam,Wet,Transplanted,198.91805273953796,29.437061619833585,325.99209170109,77.26584895486212,3.7783375530858425,5.02
NSIC Rc 160,Sandy Loam,Dry,Transplanted,143.3886346913785,25.95011670013697,119.90952802484634,63.30968628073415,4.038133184428455,4.39
NSIC 218,Silty Clay,Dry,Transplanted,55.36620360710118,22.95262065625456,28.171972113867596,70.5618350869606,4.988813764683011,4.89
NSIC Rc 222,Silty Clay,Dry,Direct Seeded,52.594096365062384,24.569836624874824,65.61326150560859,84.37074415920443,5.287329987411772,5.39
Dinorado,Silty Clay,Dry,Transplanted,98.05429557384593,31.5676821721485,147.8642527964445,65.24733671749912,4.689096502932729,4.31
NSIC 218,Clay,Dry,Transplanted,79.36757102906073,25.103633758840793,148.44426002233234,86.4806175294731,4.779543498811889,5.78
NSIC Rc 222,Clay Loam,Dry,Direct Seeded,171.9576810714962,25.299009601490646,94.33983487358631,63.644349010467096,3.461134132491514,5.73
NSIC Rc 222,Clay,Wet,Direct Seeded,176.72085005540006,23.89588931097717,325.04053120331764,65.07447990371965,3.9011055858236174,5.81
NSIC Rc 160,Sandy Loam,Wet,Transplanted,88.79281569657142,30.068506011387655,378.9381931703915,74.33249883461185,5.155630580413497,4.55
NSIC 218,Clay Loam,Dry,Transplanted,98.8467165424839,24.756442302422773,109.2974086609588,88.35899713345611,4.857802330217733,5.56
NSIC Rc 222,Silty Clay,Dry,Transplanted,85.43704515726719,25.302582483688557,143.17973147994329,69.88643034436271,4.552812755384043,5.19
NSIC Rc 222,Clay Loam,Dry,Direct Seeded,186.2573821056896,26.143481084316267,72.98990057376946,79.74653980674147,2.695740507664361,5.67
NSIC 218,Silty Clay,Wet,Direct Seeded,125.39740019334234,26.3372827977461,237.23575549941287,77.66013767967229,2.6185216583618645,5.3
Dinorado,Clay,Dry,Transplanted,148.420556612303,26.113407904150215,29.161360103731056,64.48867909501672,2.891232829341985,4.41
NSIC 218,Clay,Wet,Direct Seeded,112.3223130049405,27.037436953747285,290.2832640897308,67.4450070418249,4.2441732975935,4.92
NSIC 218,Silty Clay,Wet,Transplanted,144.65212902567967,30.14512879616403,304.87389574858736,87.90458317931466,4.109160542023449,5.53
Dinorado,Silty Clay,Wet,Transplanted,107.87830650826041,30.19285040742022,394.87045714161565,65.54488870959298,5.328072479641161,4.35
NSIC 218,Sandy Loam,Dry,Direct Seeded,100.95176565938382,29.98313133763347,103.65284257225095,80.8502966926534,4.584278920130189,5.62
NSIC Rc 222,Clay,Dry,Transplanted,145.17201097602202,23.011248391164877,144.4143226860733,88.94083447800914,3.381917852036278,5.69
NSIC 218,Clay,Wet,Transplanted,138.6593117073484,29.996788032748142,228.08653592964794,63.58517976606834,2.984488881447092,5.71
Dinorado,Sandy Loam,Wet,Direct Seeded,94.02919312519245,23.20251773486577,389.0827999759851,71.97545970561943,5.048599717985146,4.3
IR64,Clay,Wet,Transplanted,72.40226754792101,23.24723770052258,187.18358327059534,66.71796433328211,3.8788723110670724,4.39
NSIC 218,Silty Clay,Wet,Transplanted,105.28650407572064,31.478627716349607,341.00036400696047,66.64684552213629,4.460408492226547,5.14
NSIC Rc 160,Clay Loam,Dry,Direct Seeded,112.27964587128639,30.193978447055414,107.60885314128122,63.56957531999043,4.195430819772408,4.48
NSIC Rc 222,Clay Loam,Wet,Transplanted,144.3026500136907,27.52410466868009,308.22147500510323,79.48653551974397,2.822369038409905,5.23
NSIC Rc 222,Clay,Dry,Transplanted,187.17931454552956,30.749702044778623,122.46495778332329,82.39030529732135,2.671175151045481,5.89
NSIC Rc 160,Sandy Loam,Wet,Direct Seeded,55.42771962993877,31.89364642551863,354.2240093179969,80.30381730069169,3.6310545691492404,3.77
NSIC Rc 160,Silty Clay,Dry,Direct Seeded,86.54915188127674,28.106420666317774,69.18483255588612,87.7396937285746,3.584650892637153,4.07
NSIC 218,Clay Loam,Wet,Direct Seeded,79.05739134193405,28.12898436981518,157.17139340996178,64.37036426154162,4.521394338906719,5.2
NSIC Rc 160,Silty Clay,Dry,Transplanted,125.34416130406754,29.54427029159928,23.504841580279148,69.59536120155019,4.396601227303485,4.31
IR64,Clay,Dry,Direct Seeded,114.45512105647397,24.321389523653327,33.643492117242666,70.33718429107368,5.406822785391983,4.26
Dinorado,Clay,Dry,Transplanted,159.35564357302826,23.671248615187995,147.5716761209668,66.96246311540713,5.074298508314715,5.4
NSIC Rc 160,Clay Loam,Wet,Direct Seeded,86.36238688172958,29.595807500150727,169.53276073476394,64.266148324709,3.9897475773258635,4.13
NSIC Rc 160,Clay,Dry,Transplanted,139.17475486246377,25.449047949941022,79.04580437920026,74.60110427778791,4.000076057688087,4.13
IR64,Sandy Loam,Wet,Transplanted,182.57858953999389,23.35070356305934,167.42394489228647,85.03318884142286,4.5223876873380835,5.33
NSIC Rc 222,Clay,Dry,Direct Seeded,186.6016609877457,25.148777259177496,11.682882624814983,88.63619176809954,2.8422717483198268,5.59
NSIC Rc 222,Clay,Dry,Transplanted,193.81769070875467,25.586368678745753,143.75141930236433,63.88021896655493,5.499671693894177,6.25
NSIC 218,Clay,Wet,Transplanted,165.9891728119983,31.652276595056907,298.23986387432194,84.69471684218207,4.056424303730871,5.67
IR64,Silty Clay,Dry,Direct Seeded,185.89818593883726,28.979597110879233,79.68918767594742,84.73743368895825,5.2297146217269095,4.85
Dinorado,Silty Clay,Dry,Transplanted,85.17963079779113,27.30856317399734,127.07757576085727,71.669343646577,5.402069003956624,5.18
Dinorado,Clay Loam,Wet,Transplanted,79.63714165257156,31.68873138682605,300.7340168938845,63.300888724363624,4.244928219706797,4.35
IR64,Clay Loam,Dry,Transplanted,50.97321256707897,31.031397404741806,86.78413988516509,89.70024020270694,2.810045942574326,3.93
Dinorado,Clay Loam,Dry,Direct Seeded,156.02665361436476,27.120008566141596,24.238319714466552,79.66779091586456,4.220037425259914,5.07
NSIC Rc 222,Clay,Dry,Direct Seeded,190.62007817206165,31.056796353769805,96.17974149847254,89.46587085124742,4.2929273114979605,5.22
Dinorado,Silty Clay,Dry,Direct Seeded,78.04030175625147,26.043046580626566,149.6360386847453,74.50966547053976,4.867579410319993,4.79
Dinorado,Sandy Loam,Wet,Direct Seeded,145.54153631403182,24.304206653566247,376.52622233874405,71.85578999810187,2.6446878009847183,4.34
IR64,Clay,Dry,Direct Seeded,161.9689638832666,24.32678176822085,14.86328957043203,67.41556427911361,3.898946101585282,4.19
IR64,Clay,Dry,Direct Seeded,189.1421352722085,28.623155244421266,127.85118765210616,89.50716005316059,5.268310775010439,4.76
Dinorado,Clay,Dry,Direct Seeded,147.02903360258324,27.010703207072773,42.967311391107096,67.59771808386822,5.47389723603596,5.26
NSIC Rc 160,Sandy Loam,Dry,Direct Seeded,195.54405991231283,28.58950847005447,65.141271179706,60.71288268654151,3.074148036277713,4.36
IR64,Clay Loam,Dry,Transplanted,101.70097115188216,28.860759642621698,62.17933164820535,75.37405240765433,5.111796978205105,4.44
NSIC 218,Sandy Loam,Dry,Transplanted,102.48928006571114,22.223228728977176,135.83160719767676,71.31151479152746,2.9387516848919324,5.07
NSIC 218,Clay Loam,Dry,Transplanted,131.45187650215183,22.540395923479025,80.62806643645735,67.84147510287794,5.0235233037036915,5.34
NSIC Rc 222,Sandy Loam,Dry,Transplanted,107.52528216738607,27.326777265912497,72.60440015681985,79.0382434944352,3.3318331824029905,5.25
Dinorado,Silty Clay,Wet,Direct Seeded,50.213859243129896,23.91035477760077,266.90087862961127,70.92805844693467,5.378875798147427,4.55
NSIC Rc 160,Clay,Wet,Transplanted,159.7658037630481,28.325337688044396,167.012263751241,72.06752664950619,4.586490252701911,4.98
NSIC Rc 222,Clay,Wet,Transplanted,162.75755622177252,27.52185739170648,202.38235040562887,60.69136811682133,3.6973318041692784,6.04
Dinorado,Clay,Wet,Transplanted,162.04619070301555,27.85760358370891,152.01827370446074,77.67212785659173,3.342919989724499,5.02
IR64,Clay Loam,Dry,Transplanted,101.75309999157,25.02455379831011,124.52351523714869,63.66213089541128,3.2057125824233363,3.48
NSIC 218,Sandy Loam,Dry,Transplanted,128.34342099667577,28.398435062778965,16.846998802692685,66.41414576686265,4.542376980998755,5.67
NSIC Rc 160,Silty Clay,Wet,Direct Seeded,103.99602772650042,30.29492636485023,344.17863128210126,81.51353461837914,5.187373007730645,4.44
NSIC 218,Sandy Loam,Wet,Direct Seeded,52.40546000459687,31.980712535922372,353.89985922019366,69.39728178551734,4.764825908843031,4.32
IR64,Clay,Wet,Transplanted,134.3673411907128,30.384443861722144,399.485104071034,64.89630592315143,5.004374614049627,4.12
Dinorado,Silty Clay,Dry,Transplanted,68.56409991260165,27.574987596799474,22.10388411333133,77.32272441187442,4.844151302903612,5.03
IR64,Silty Clay,Dry,Transplanted,62.006198613716094,23.934295916799567,13.036439962680502,66.44713484813822,5.437442999494058,3.83
IR64,Clay,Wet,Transplanted,163.3248603045181,28.81445876119821,253.04861226327358,68.12934641876114,4.773414780478975,4.91
NSIC 218,Sandy Loam,Wet,Direct Seeded,51.425930362715846,31.376537855579784,154.82459385039812,78.64017929933621,3.1306855554108215,4.55
NSIC Rc 160,Clay,Wet,Transplanted,193.85126654130892,24.118665397323024,208.68247037259306,82.19585344091745,4.874795396423544,5.14
IR64,Sandy Loam,Wet,Direct Seeded,127.28830461688653,24.55995620526577,296.94221691582396,82.18979055586732,3.4662080829544024,4.1
NSIC 218,Silty Clay,Wet,Transplanted,197.45246460592227,23.490085434116512,390.48574176318414,74.46730235612492,5.487399587988574,5.57
NSIC Rc 160,Silty Clay,Dry,Direct Seeded,58.69963587090626,29.367216436264016,106.31760656105709,73.62890733028307,3.63001786030044,4.07
Dinorado,Clay,Wet,Direct Seeded,137.529432329887,26.065615034236593,175.89463786769858,83.62935552693773,3.3783812675416898,4.68
Dinorado,Silty Clay,Dry,Direct Seeded,102.39905539638667,22.626956388863842,83.58625919108536,65.79104175337551,3.2176479565267346,3.74
NSIC Rc 222,Clay Loam,Wet,Transplanted,176.52237392214286,30.749499914902803,180.3932550401857,64.56607342585377,4.475543956175109,5.81
NSIC 218,Silty Clay,Wet,Transplanted,104.18341028514294,27.576719047025666,325.4397463197357,79.9408519808853,2.8276632651625935,4.96
NSIC Rc 160,Clay Loam,Dry,Direct Seeded,89.07313685860237,25.31094292000356,132.64309762155958,72.28520803167766,5.360679645198916,4.08
IR64,Silty Clay,Wet,Transplanted,178.63296906498698,25.43982976061097,316.80176375538736,81.29995381710543,3.3829380359294117,4.65
Dinorado,Clay,Dry,Transplanted,106.19796374798915,24.90251220190907,79.7946064161648,67.69800670389708,3.386201833115417,4.54
NSIC Rc 160,Clay,Dry,Direct Seeded,52.52499797908422,26.554801723926417,41.05474018667918,69.746156432003,2.6381982871211775,3.89
NSIC 218,Clay Loam,Wet,Transplanted,108.54336512590007,25.37041688488145,212.62658882795827,86.90032947556172,3.2380525536207223,5.59
NSIC Rc 222,Clay,Wet,Direct Seeded,148.17834035164128,27.479463040706094,353.2861977536297,72.64969580464765,3.756938067028713,5.77
Dinorado,Silty Clay,Dry,Transplanted,88.15393082095727,29.735172522712944,122.72063223461825,77.72860409161153,3.6088191706726622,4.7
NSIC Rc 160,Silty Clay,Dry,Transplanted,114.79813886377359,28.744612834443735,51.2053395925672,63.20046582354929,3.3190597643086606,4.05
NSIC Rc 160,Clay,Wet,Direct Seeded,58.50727074233383,24.94456892754117,182.1946888693658,65.36487516578276,2.622231513517595,4.13
NSIC Rc 160,Silty Clay,Dry,Direct Seeded,138.21391872709358,27.28741011539779,140.99656950130927,61.07663186467933,3.401744120816927,4.56
NSIC 218,Sandy Loam,Wet,Direct Seeded,163.44423857905906,30.401261599122506,381.43546119418994,72.73112435285,4.83499281478936,5.75
NSIC 218,Sandy Loam,Dry,Direct Seeded,111.99688421016654,22.682062347427255,45.059344299313665,89.66760013485072,3.8163768559284135,4.82
NSIC 218,Silty Clay,Wet,Transplanted,113.03489492021902,22.782972669869046,200.25798258310533,86.21619457954398,3.372326042796141,5.39
IR64,Clay,Dry,Transplanted,63.24237478773746,27.561700680497534,33.480891401840154,78.9872674482152,3.4143764024438736,4.02
NSIC Rc 160,Clay Loam,Dry,Transplanted,80.29112967679738,28.391151283898033,79.0653588114963,85.83289475872398,4.163312729481703,4.39
Dinorado,Clay,Wet,Direct Seeded,73.2012954691869,24.114130157759043,170.33809318075126,77.82508069057269,3.4068780332172244,4.37
NSIC 218,Clay Loam,Dry,Transplanted,122.25316529923069,29.452201266915182,17.072116515834068,71.06306641002413,4.392391959598584,5.17
NSIC 218,Clay,Dry,Transplanted,129.38833114261251,28.462633770407272,15.09764198756647,65.20639203303345,5.468363541175345,5.56
NSIC Rc 160,Silty Clay,Dry,Transplanted,192.341019692639,31.232892682362866,79.44203633576412,79.59146225280672,2.623529193261417,4.53
NSIC 218,Sandy Loam,Dry,Direct Seeded,60.98472564158509,23.689542018585367,40.11496331127026,65.79153829172236,3.006210267092106,4.45
IR64,Clay,Dry,Direct Seeded,139.98019597325708,29.513742653580106,11.309369375325382,72.5228525160018,3.0373226358670724,4.11
IR64,Clay Loam,Dry,Transplanted,128.9747790992362,22.83643090583267,51.44796760041304,84.77405526465789,3.841210953796045,4.34
NSIC 218,Sandy Loam,Dry,Transplanted,127.43496469037437,27.652924095178975,76.83142953852287,63.87687907685186,2.624256136160123,5.04
NSIC Rc 160,Clay Loam,Wet,Direct Seeded,180.97389310742398,27.518951394991458,234.88052161846366,63.870642571703854,3.93256473322755,4.57
NSIC Rc 160,Silty Clay,Dry,Direct Seeded,80.83077060432296,25.883850446467406,65.20041820445924,66.73207246774793,5.28677427422997,4.44
NSIC Rc 160,Sandy Loam,Dry,Direct Seeded,56.11599115120572,30.445711476685673,28.965725262459234,76.55751921366897,2.534692266078106,3.38
NSIC Rc 222,Clay Loam,Wet,Direct Seeded,150.84072614512888,22.04370644786012,196.96032213363623,67.5517043477974,3.594816601555543,5.28
NSIC 218,Clay,Dry,Transplanted,101.77361962039703,27.201794018985208,91.15447589647685,75.09593811765002,4.782681316332894,5.98
NSIC Rc 160,Silty Clay,Dry,Direct Seeded,52.63848743187869,24.171535498351872,109.44661876066918,69.05947833179061,2.9634835010014453,3.57
IR64,Silty Clay,Wet,Transplanted,87.70610109356207,29.434986191164327,281.7353062590082,75.18726614725216,2.7326770075796265,3.7
Dinorado,Silty Clay,Dry,Direct Seeded,96.39901613252178,22.430674263060972,104.57548270286135,68.32894347005191,4.3923356117879155,4.17
Dinorado,Clay,Dry,Transplanted,142.5257565176363,30.315546881815777,65.12666897965815,89.40037126825696,2.529852727148523,4.54
NSIC Rc 160,Clay,Wet,Transplanted,75.88786910739081,30.380922267069515,321.7116343429315,74.78153703425903,4.905311473509148,4.3
Dinorado,Sandy Loam,Wet,Direct Seeded,111.95815219300971,30.32866012403503,272.7303946195728,82.3093030232472,2.7005582606982963,4.76
Dinorado,Clay,Dry,Transplanted,122.37131666267487,23.525685267326697,29.263461163955963,81.01639676694614,4.073062778261082,4.35
NSIC Rc 222,Sandy Loam,Dry,Transplanted,118.88560870461363,28.304065185610447,79.92814828870118,74.71678124443083,4.720383130683182,5.85
IR64,Silty Clay,Wet,Transplanted,196.09111500001725,22.143673591833895,315.15183295274437,67.16586185003776,3.2260329662394325,4.62
IR64,Sandy Loam,Dry,Direct Seeded,56.825635668544415,30.479625912891997,134.66044569119157,75.32154833738595,2.8106204857682124,3.51
NSIC Rc 222,Clay Loam,Wet,Direct Seeded,192.6452279678599,29.229751935086206,241.2301285999961,80.42914871161304,3.0268682992556686,5.95
NSIC Rc 222,Silty Clay,Wet,Direct Seeded,137.290582099105,27.311537308992527,156.98064930966,73.79757811689635,5.064050715805026,5.52
Dinorado,Silty Clay,Wet,Transplanted,169.35915724547573,29.30591433096617,393.51603105628726,62.457753220882246,4.617340874956072,5.33
NSIC 218,Sandy Loam,Dry,Transplanted,114.55889270241131,22.94324096651772,75.6211988517726,60.53949688674252,3.0942941476452934,5.25
Dinorado,Silty Clay,Wet,Transplanted,118.07568218854706,27.286558321768563,354.8533761349988,69.83630425403516,4.6483623913929835,4.75
NSIC Rc 222,Clay,Wet,Transplanted,181.89897485237353,24.912764918164456,168.35470602115703,64.50671778279936,4.625854510626061,6.37
IR64,Clay Loam,Wet,Direct Seeded,184.39017444378533,31.726194632229728,262.2940990390836,87.18570737777986,5.493175294317881,4.89
Dinorado,Sandy Loam,Dry,Transplanted,85.80333221469465,30.57117950623902,37.39534696382226,65.27498010254774,3.6746680705777375,4.01
NSIC 218,Sandy Loam,Dry,Transplanted,79.88628178769272,29.33275695833977,23.027462433122253,71.82848142034699,5.094560482428313,5.04
Dinorado,Silty Clay,Dry,Transplanted,124.43527608049266,31.33747635249732,142.14972933384314,81.36232536214445,3.8393280579184452,5.03
NSIC Rc 160,Clay,Wet,Direct Seeded,185.04155406915373,25.468433045654738,308.7547675179686,84.46264980048183,5.193280670850901,4.77
Dinorado,Silty Clay,Dry,Transplanted,98.35326401092644,31.00879898988181,114.02131724276809,74.33139459534392,2.7748014972968478,4.5
NSIC Rc 222,Silty Clay,Dry,Direct Seeded,147.8021923008697,25.252382321067103,53.81537617806753,65.43405028825177,3.025937890375732,5.42
IR64,Sandy Loam,Wet,Direct Seeded,156.22275316109017,29.32796719691153,197.64856764315948,68.12685670727559,5.04986308920007,4.87
IR64,Silty Clay,Wet,Transplanted,166.80119973412337,29.36416911776449,294.4971528406929,72.56905342923442,4.957900972316185,4.85
NSIC Rc 222,Clay Loam,Dry,Transplanted,134.58866868814448,22.183498764540936,51.34933686872442,70.93783767976748,3.4163013755709626,5.39
NSIC Rc 160,Silty Clay,Dry,Transplanted,110.36827674184545,25.610596982781953,135.33058814116367,70.4601827150897,4.290394954400363,4.1
NSIC Rc 222,Silty Clay,Wet,Transplanted,195.05239831984593,22.19432672408498,283.41215452942174,63.95561405269993,3.648099166306108,5.93
Dinorado,Sandy Loam,Dry,Direct Seeded,141.6996129954279,31.970920176102485,34.859552873351156,87.3993075651285,2.530952047910564,4.25
NSIC Rc 222,Silty Clay,Wet,Direct Seeded,159.28478174499062,23.22196761829238,202.0662971336762,60.892698192531455,2.578312379701381,5.19
NSIC Rc 222,Clay,Wet,Direct Seeded,101.74742685438176,27.428108956481093,185.3025773193633,73.20006383627253,2.6627690964447295,5.21
NSIC Rc 160,Sandy Loam,Dry,Direct Seeded,150.492377150462,29.90556238762637,84.90522055191623,89.4096447750926,4.282216462976736,4.47
Dinorado,Silty Clay,Dry,Direct Seeded,88.66964932461889,24.012636022608923,109.89059852510219,79.79171816472306,3.3376832059165835,4.36
NSIC 218,Clay Loam,Dry,Direct Seeded,86.76453762929543,26.850526680954726,65.49464927519654,70.6623199119925,2.9318448949446716,4.5
NSIC 218,Clay Loam,Dry,Direct Seeded,157.20833027141396,28.07428760921151,15.586327956032397,64.3829275335951,5.323393325331663,5.27
IR64,Sandy Loam,Wet,Direct Seeded,128.20921043944026,23.602047543955454,339.74057240465936,88.91617816937283,2.863956001243648,3.92
NSIC Rc 222,Sandy Loam,Dry,Direct Seeded,152.49149156335847,29.785554599115386,41.88623392073302,60.41959085619449,4.521945149274633,5.67
IR64,Silty Clay,Dry,Direct Seeded,90.41577361221374,24.993364571893654,136.25313924193233,80.44162711839431,5.182480548467976,4.18
NSIC Rc 160,Clay,Dry,Transplanted,139.80850115850956,24.110230763388405,83.23665535753761,86.40412414335982,2.9914890017153493,4.27
NSIC 218,Silty Clay,Wet,Transplanted,116.59004745546689,27.582887464374167,230.64661153740843,60.75481469658727,3.1441890466861455,5.29
NSIC Rc 222,Clay Loam,Dry,Transplanted,139.54404302682917,26.103136276429378,124.16177450831577,81.75524592271503,4.221440600727871,6.3
NSIC Rc 160,Clay,Dry,Direct Seeded,93.6319598366329,31.20285944636418,87.79597599068643,89.96513283764205,4.0253460591363925,4.02
NSIC Rc 160,Clay,Wet,Transplanted,157.31764454736856,30.800626981981537,211.01013346056084,79.18927405720048,4.063082250658803,4.52
NSIC Rc 222,Clay,Wet,Direct Seeded,170.8894049239198,26.83350663388883,334.4695882014972,72.44036843530196,4.164034282054266,5.51
NSIC Rc 160,Silty Clay,Wet,Direct Seeded,88.98747107865856,25.592637747255974,334.01717300574546,86.23202158068845,5.349708747883133,4.04
NSIC Rc 222,Clay Loam,Wet,Transplanted,95.0930839783463,25.25517981631265,219.1004140840573,76.62537739267884,2.66151412590085,6.05
NSIC Rc 222,Sandy Loam,Wet,Direct Seeded,149.17314045786395,24.675636230815073,368.1421153129634,82.4832254036982,4.781345562084457,5.5
Dinorado,Silty Clay,Dry,Transplanted,154.33777614553162,27.44547853712477,142.10429339972248,77.63336975455515,3.1975192672202,4.93
IR64,Sandy Loam,Wet,Direct Seeded,155.61495265961753,30.049786047345435,322.0625412680856,61.148732774638475,3.621033010517146,4.08
NSIC Rc 160,Clay,Wet,Direct Seeded,152.40477571637553,25.10756608203558,236.44105445538452,66.39434964616042,2.767873368895192,4.21
NSIC Rc 160,Clay,Wet,Transplanted,108.92115754288082,23.900940896880815,256.8724125461647,62.36290721960249,3.836880307460631,4.39
Dinorado,Silty Clay,Wet,Transplanted,109.22805116055176,26.754838061832867,331.67742148265444,63.20063287149669,4.912657756825364,4.98
Dinorado,Clay Loam,Wet,Transplanted,88.22264354665722,22.690344167976665,202.89595822387298,60.46216480764216,2.796221015598865,4.52
Dinorado,Clay,Wet,Transplanted,73.52505498445444,29.012790061297068,267.190198118806,72.6349493704246,3.326810794660897,4.24
NSIC 218,Sandy Loam,Wet,Transplanted,153.88660690953586,27.183582663019337,313.3895855645249,65.35954895262495,3.6191851260310752,5.8
NSIC 218,Sandy Loam,Wet,Transplanted,63.97831789584693,26.963748079728543,284.8746370021783,85.67089561481916,2.811697609262927,5.01
NSIC 218,Silty Clay,Dry,Direct Seeded,190.66884301801724,25.004453795500226,137.2787705779583,82.50112612621982,4.7869504299308,5.52
NSIC Rc 222,Sandy Loam,Dry,Direct Seeded,174.0029455507177,31.046734375317367,77.60432588145626,77.19530984446487,4.860841084652277,5.44
NSIC Rc 160,Clay Loam,Dry,Direct Seeded,178.62586099358842,22.904862918495528,54.55836356108892,74.67064036051187,5.007684993339904,4.19
IR64,Clay,Wet,Direct Seeded,186.00032219227853,30.698240088870314,302.0820864761233,67.67605921727927,4.2516886144189545,4.42
NSIC Rc 222,Sandy Loam,Wet,Transplanted,111.29074560848602,25.767052024159227,286.5531248691949,74.24854397624956,4.021716462563128,5.95
NSIC Rc 160,Sandy Loam,Wet,Direct Seeded,177.00510850256015,30.806235159750223,199.80686094750502,79.23687827593233,3.287657336413726,4.28
NSIC Rc 160,Clay,Dry,Direct Seeded,73.7091950437474,29.287614583323837,94.23363022838544,83.46686580578327,4.465473901871643,3.67
Dinorado,Silty Clay,Wet,Transplanted,53.24626919123535,23.04170726662038,252.55133624315533,62.450461987787804,3.8336904569666306,4.18
Dinorado,Sandy Loam,Wet,Direct Seeded,167.7337091995775,30.315362865093537,282.9963738693864,81.2539406623665,5.4123292182321645,4.8
NSIC Rc 222,Silty Clay,Wet,Transplanted,61.219497199540896,28.82176833699505,345.0156855864865,82.28189630283856,5.40453849092337,5.28
Dinorado,Silty Clay,Dry,Transplanted,198.27870009888824,22.323019129153483,104.4842754337263,76.7691660277457,5.215615395452688,4.95
NSIC Rc 160,Sandy Loam,Dry,Transplanted,151.2194644402334,23.3370268210967,79.76971292208842,66.42957587109603,3.580267414042996,4.23
Dinorado,Clay Loam,Wet,Direct Seeded,163.01745653631582,28.35628055835695,313.4760592923857,76.17553762503525,3.603917366062177,4.76
NSIC 218,Silty Clay,Dry,Transplanted,86.8705784416799,28.62600502880285,125.11965095331323,75.08114645445932,5.058019492131147,5.14
Dinorado,Sandy Loam,Wet,Direct Seeded,151.0798090879532,29.46651432837595,256.6477362964837,74.27130289160388,4.687404795224398,5.0
NSIC Rc 160,Silty Clay,Wet,Direct Seeded,56.48299058824358,29.202454007749818,393.5999580397864,73.81919746401552,4.613082909454131,4.34
NSIC Rc 222,Clay,Dry,Direct Seeded,175.67385798854014,28.59519954669955,35.66599304988359,63.324766988745594,3.3388330332523473,5.88
IR64,Clay Loam,Dry,Transplanted,75.44361395473587,29.662389017464225,56.81765628736453,65.48677454572095,5.000045834663427,4.09
Dinorado,Clay Loam,Dry,Transplanted,154.6037100250656,27.750857058923728,106.09269003130342,62.91996265354027,4.23826171678883,5.27
NSIC Rc 160,Clay,Dry,Transplanted,83.67207518490926,24.607913855244547,44.53574115425802,67.27433483003954,3.8405967227157194,4.3
IR64,Clay,Wet,Direct Seeded,60.26797541390641,31.123766137307182,176.9488804199313,67.9043034819202,5.096266372324227,4.07
IR64,Silty Clay,Wet,Direct Seeded,122.22405178240915,22.18214030931978,201.7012171387421,67.35227584479136,3.682629291346342,4.18
NSIC 218,Clay,Dry,Transplanted,75.39293154091843,25.6656171987149,71.57826425570875,66.3278720455681,4.461777435603297,5.44
IR64,Clay Loam,Dry,Direct Seeded,159.41659824898247,29.28870293097163,144.92269652796097,82.06266136454367,3.897715546012417,4.65
NSIC Rc 160,Clay,Wet,Transplanted,85.63487650752273,26.271560411496743,235.328152507916,84.55696198794354,4.278213418513168,4.41
NSIC Rc 160,Sandy Loam,Wet,Transplanted,101.37088343537432,22.248344074800144,207.14301924697753,69.8132764971771,2.621639414945436,4.34
Dinorado,Sandy Loam,Wet,Direct Seeded,135.11588768967096,22.659809031162133,306.3604992015028,69.15386675053347,3.8833454895291526,4.83
Dinorado,Silty Clay,Wet,Direct Seeded,92.74524163659675,28.486373691382887,159.8876823340638,85.32097049257524,4.169473922490322,4.89
Dinorado,Clay Loam,Dry,Transplanted,106.69821743149424,31.648645994053,97.62263617612038,78.71771704997373,3.978158004248818,4.92
IR64,Sandy Loam,Dry,Direct Seeded,172.343265656058,27.51863635834499,142.8680128497576,68.80314974367172,5.042231117520457,4.1
IR64,Clay,Dry,Transplanted,76.88147743415385,27.06757818023769,111.14179645480063,81.40836877759747,3.4333719243754497,4.45
NSIC 218,Sandy Loam,Wet,Transplanted,62.33023842229005,25.18325213056267,194.35919606835398,70.33778430699502,5.1522295930136215,5.57
Dinorado,Sandy Loam,Wet,Direct Seeded,99.2536677699529,24.56690673866063,223.3368094146511,77.5966684302652,3.7103859097206713,4.82
NSIC Rc 222,Silty Clay,Dry,Transplanted,113.65651505208172,22.209849817562848,111.4533477534042,89.77902089963405,4.583580196781969,5.28
NSIC 218,Clay,Dry,Direct Seeded,131.39889232048515,24.72954867640471,92.86000431662879,69.047831256481,2.760168184021893,4.88
NSIC Rc 222,Clay,Dry,Transplanted,105.86355442625106,26.491104408652525,29.909203274061753,87.91578002124999,3.1004622507064683,5.7
IR64,Clay,Wet,Direct Seeded,168.48675503342076,23.979497830489503,320.8364437698291,69.61957242854095,4.7834980334238155,4.12
NSIC 218,Silty Clay,Dry,Direct Seeded,55.89792315027099,22.87347988481429,82.76000072408029,76.2086011312447,2.5369860566159215,4.57
NSIC 218,Clay,Wet,Transplanted,114.76513072978369,29.177278672546024,368.966220645282,73.7995136879712,5.405583217441298,5.42
NSIC Rc 160,Clay,Dry,Direct Seeded,107.3383871984607,30.94620269068067,45.37326807048594,83.49478687031808,3.0718867031896453,3.78
IR64,Sandy Loam,Dry,Direct Seeded,147.13677362102885,31.367720696870855,149.81415760917923,61.832780984459845,5.20391195873537,4.52
IR64,Sandy Loam,Dry,Transplanted,194.9414377846094,28.179987284969894,47.37467161417088,78.81366912205992,4.047835084678857,4.37
NSIC 218,Clay,Wet,Direct Seeded,126.55631099432932,22.527745825992817,349.62294263826357,82.82000833046469,4.19372610069139,4.75
IR64,Clay Loam,Wet,Transplanted,198.03152704125807,29.408626299617733,195.52023331256373,74.16434554146358,2.752395363913075,4.68
NSIC 218,Clay Loam,Wet,Direct Seeded,95.33740923697962,23.100953052618863,291.3514396102673,63.158778196134165,3.5956562624721036,4.62
